{"type":"FeatureCollection","features":[{"type":"Feature","geometry":{"type":"LineString","coordinates":[[-99.99859,35.88096],[-99.99546,35.88106],[-99.99105,35.88292],[-99.98544,35.88405],[-99.9707,35.88944],[-99.96701,35.8921],[-99.96372,35.89634],[-99.95873,35.90048],[-99.92527,35.91361],[-99.91955,35.92113],[-99.90839,35.92812],[-99.9056,35.93673],[-99.9057,35.93954],[-99.90705,35.94234],[-99.91067,35.94444],[-99.91128,35.94602],[-99.91238,35.95345],[-99.91217,35.95749],[-99.90804,35.96678],[-99.89543,35.97623],[-99.89406,35.98003],[-99.89442,35.98413],[-99.89337,35.98529],[-99.88727,35.98811],[-99.87539,35.9878],[-99.87227,35.98871],[-99.86889,35.99093],[-99.85501,36.00368],[-99.8473,36.00608],[-99.8389,36.00672],[-99.82906,36.00468],[-99.82449,36.00602],[-99.82201,36.00586],[-99.8139,36.00268],[-99.81294,36.00006],[-99.81225,36.00006]]},"properties":{"region":"panhandle","name":"Canadian River"}},{"type":"Feature","geometry":{"type":"LineString","coordinates":[[-99.80799,35.99282],[-99.80496,35.98867],[-99.80625,35.98312],[-99.80437,35.98005],[-99.80287,35.97522],[-99.80267,35.9711],[-99.80483,35.96415],[-99.80764,35.96093],[-99.80967,35.95448],[-99.80998,35.94496],[-99.80804,35.94077],[-99.81044,35.93231],[-99.81033,35.93006],[-99.80977,35.92833],[-99.8037,35.92289],[-99.8023,35.91993],[-99.80208,35.91256],[-99.80104,35.91059],[-99.79728,35.90733],[-99.79018,35.90474],[-99.78497,35.89921],[-99.78164,35.89844],[-99.77937,35.89677],[-99.77729,35.88957],[-99.7771,35.88583],[-99.77195,35.88299],[-99.76707,35.88252],[-99.76197,35.8808],[-99.75189,35.88262],[-99.74718,35.88239],[-99.74153,35.87907],[-99.73577,35.87337],[-99.72837,35.86935],[-99.72206,35.86204],[-99.71742,35.85993],[-99.68082,35.85081],[-99.66482,35.85174],[-99.65009,35.84975],[-99.64557,35.84676],[-99.64098,35.84578],[-99.63648,35.84341],[-99.62566,35.84287],[-99.61894,35.84139],[-99.61557,35.84468],[-99.60844,35.84927],[-99.60375,35.85448],[-99.60017,35.85641],[-99.58195,35.85846],[-99.56558,35.86321],[-99.56091,35.86372],[-99.55812,35.86756],[-99.55486,35.87829],[-99.54988,35.88557],[-99.54962,35.89008],[-99.55165,35.89328],[-99.55163,35.89628],[-99.55037,35.89932],[-99.53955,35.9059],[-99.52393,35.92025],[-99.51677,35.92459],[-99.51392,35.9273],[-99.51213,35.93273],[-99.51386,35.93606],[-99.51373,35.9502],[-99.51016,35.95769],[-99.50361,35.96189],[-99.49906,35.96853],[-99.4994,35.97264],[-99.49813,35.97568],[-99.48577,35.98643],[-99.47727,35.98568],[-99.47377,35.98791],[-99.46773,35.99309],[-99.46399,35.99856]]},"properties":{"region":"panhandle","name":"Canadian River"}},{"type":"Feature","geometry":{"type":"LineString","coordinates":[[-99.81225,36.00006],[-99.81276,35.99699],[-99.81028,35.99404],[-99.80799,35.99282]]},"properties":{"region":"panhandle","name":"Canadian River"}},{"type":"Feature","geometry":{"type":"LineString","coordinates":[[-99.99521,35.74965],[-99.99624,35.75091],[-99.98947,35.75376],[-99.98886,35.7552],[-99.97372,35.75862],[-99.97082,35.75796],[-99.96779,35.75423],[-99.96663,35.75094],[-99.96464,35.75004],[-99.96295,35.75057],[-99.9618,35.75279],[-99.9557,35.75227],[-99.95478,35.75502],[-99.94953,35.75974],[-99.94124,35.76057],[-99.93992,35.75892],[-99.9381,35.75966],[-99.9211,35.75955],[-99.91674,35.75669],[-99.91733,35.75561],[-99.91615,35.75472],[-99.8991,35.76061],[-99.89491,35.76018],[-99.89348,35.76134],[-99.88174,35.75523],[-99.87935,35.75074],[-99.86258,35.75363],[-99.8614,35.75363],[-99.85991,35.75237],[-99.85873,35.75266],[-99.85769,35.75436],[-99.85362,35.75438],[-99.85308,35.7523],[-99.85554,35.74898],[-99.86365,35.74323],[-99.86048,35.74003],[-99.85705,35.73994],[-99.84919,35.74213],[-99.84078,35.75761],[-99.83799,35.75813],[-99.83535,35.75754],[-99.83069,35.75378],[-99.83065,35.74932],[-99.83141,35.74813],[-99.8325,35.74833],[-99.83641,35.74394],[-99.83691,35.74176],[-99.8347,35.74023],[-99.83219,35.74153],[-99.83057,35.74133],[-99.82501,35.73876],[-99.81972,35.74011],[-99.81894,35.73551],[-99.82153,35.73106],[-99.82133,35.72623],[-99.81833,35.72321],[-99.81381,35.72341],[-99.80454,35.72636],[-99.79744,35.72496],[-99.79772,35.72272],[-99.80876,35.71363],[-99.80896,35.71171],[-99.80632,35.71079],[-99.79969,35.71095],[-99.79428,35.70694],[-99.794,35.70565],[-99.79625,35.70547],[-99.79796,35.70419],[-99.79962,35.69979],[-99.79842,35.69457],[-99.79272,35.69056],[-99.79163,35.68861],[-99.78607,35.69035],[-99.78026,35.68932],[-99.77802,35.68819],[-99.77791,35.68608],[-99.77345,35.682],[-99.7721,35.68182],[-99.76871,35.67454],[-99.76873,35.66265],[-99.77002,35.65977],[-99.76478,35.65674],[-99.76077,35.65625],[-99.7553,35.653],[-99.7464,35.65322],[-99.73548,35.64886],[-99.72964,35.64302],[-99.72885,35.64062],[-99.72924,35.63753],[-99.73265,35.63372],[-99.73341,35.63097],[-99.7311,35.62504],[-99.72268,35.6237],[-99.72215,35.62441],[-99.72316,35.62606],[-99.71968,35.62544],[-99.71786,35.62464],[-99.71586,35.62135],[-99.71337,35.62061],[-99.70706,35.62131],[-99.70243,35.62472],[-99.69508,35.62422],[-99.69119,35.62603],[-99.68717,35.62324],[-99.68426,35.62432],[-99.68187,35.62359],[-99.67604,35.62609],[-99.66976,35.62632],[-99.66701,35.62547],[-99.66232,35.62602],[-99.66154,35.629],[-99.66028,35.63026],[-99.6616,35.63576],[-99.66129,35.63802],[-99.65966,35.64034],[-99.65885,35.64819],[-99.65176,35.65491],[-99.64598,35.65619],[-99.64438,35.65912],[-99.64337,35.66471],[-99.63706,35.66686],[-99.63476,35.67002],[-99.62898,35.67431],[-99.62185,35.67733],[-99.61915,35.68056],[-99.61534,35.67891],[-99.61093,35.68147],[-99.60905,35.68083],[-99.6077,35.67831],[-99.60655,35.67783],[-99.60085,35.68097],[-99.59951,35.68092],[-99.594,35.6776],[-99.58957,35.67618],[-99.58904,35.67345],[-99.59311,35.66299],[-99.59578,35.65889],[-99.59654,35.65268],[-99.60106,35.64925],[-99.60153,35.64582],[-99.60067,35.64295],[-99.60434,35.64169],[-99.61001,35.64128],[-99.61136,35.64062],[-99.61304,35.63762],[-99.60462,35.62956],[-99.60151,35.62763],[-99.59304,35.62504],[-99.59018,35.62488],[-99.58522,35.62234],[-99.58129,35.6235],[-99.57616,35.62036],[-99.56694,35.61074],[-99.56725,35.60891],[-99.56885,35.6076],[-99.56795,35.60341],[-99.5638,35.6019],[-99.56201,35.60295],[-99.56158,35.60559],[-99.55654,35.60327],[-99.55174,35.60272],[-99.54871,35.60327],[-99.54703,35.60459],[-99.54053,35.60445],[-99.53702,35.60637],[-99.53082,35.60525],[-99.53065,35.60902],[-99.5293,35.60937],[-99.52734,35.60875],[-99.52709,35.6065],[-99.52547,35.60542],[-99.52104,35.60428],[-99.51263,35.60019],[-99.50169,35.60085],[-99.49781,35.60252],[-99.49332,35.60069],[-99.49088,35.60074],[-99.48567,35.60507],[-99.48581,35.60848],[-99.48444,35.61052],[-99.48052,35.61414],[-99.47757,35.6136],[-99.47208,35.61878],[-99.46729,35.61812],[-99.46125,35.61462],[-99.45615,35.61567],[-99.44944,35.61098],[-99.44829,35.61089],[-99.44655,35.61163],[-99.44611,35.6127],[-99.44975,35.61485],[-99.4502,35.61616],[-99.44984,35.6176],[-99.44732,35.61928],[-99.44721,35.62015],[-99.44937,35.62269],[-99.45173,35.62339],[-99.45142,35.62596],[-99.44988,35.62837],[-99.44362,35.62878],[-99.44062,35.63151],[-99.44433,35.63357],[-99.44616,35.63634],[-99.4454,35.63803],[-99.44577,35.64177],[-99.43295,35.64603],[-99.43043,35.64929],[-99.42892,35.65476],[-99.42903,35.66037],[-99.42788,35.66152],[-99.41739,35.66278],[-99.41354,35.66111],[-99.40922,35.65733],[-99.40439,35.65937],[-99.40237,35.664],[-99.39693,35.66705],[-99.39219,35.6654],[-99.39109,35.6621],[-99.39224,35.6596],[-99.3914,35.65805],[-99.38646,35.6553],[-99.38293,35.66522],[-99.37958,35.66648],[-99.37958,35.6685],[-99.37419,35.66855],[-99.37106,35.6629],[-99.35747,35.66292],[-99.35447,35.66446],[-99.35489,35.66533],[-99.3568,35.66597],[-99.35573,35.66723],[-99.3522,35.66744],[-99.34981,35.66535],[-99.34849,35.66563],[-99.34917,35.66773],[-99.35256,35.66856],[-99.3509,35.66995],[-99.3454,35.66771],[-99.34434,35.66443],[-99.34271,35.66324],[-99.33774,35.66425],[-99.33073,35.66296],[-99.33006,35.66347],[-99.32901,35.67719],[-99.32542,35.67959],[-99.32121,35.67984],[-99.31874,35.6786],[-99.31699,35.67986],[-99.31573,35.67981],[-99.31646,35.67745],[-99.31408,35.67519],[-99.314,35.67221],[-99.31097,35.66987],[-99.30965,35.66662],[-99.31089,35.66348],[-99.31423,35.6628],[-99.31311,35.65803],[-99.31143,35.65636],[-99.30728,35.65354],[-99.30386,35.65868],[-99.30153,35.659],[-99.29456,35.65656],[-99.29053,35.65367],[-99.2929,35.64722],[-99.29501,35.64541],[-99.2994,35.64592],[-99.29947,35.64379],[-99.2977,35.64259],[-99.29445,35.64318],[-99.28834,35.64284],[-99.28549,35.6417]]},"properties":{"region":"panhandle","name":"Washita River"}},{"type":"Feature","geometry":{"type":"LineString","coordinates":[[-100.00039,35.74518],[-99.99521,35.74965]]},"properties":{"region":"panhandle","name":"Washita River"}},{"type":"Feature","geometry":{"type":"LineString","coordinates":[[-100.02529,35.87951],[-100.01581,35.87948],[-100.01195,35.88111],[-100.00705,35.88161],[-100.0004,35.88052],[-99.99859,35.88096]]},"properties":{"region":"panhandle","name":"Canadian River"}},{"type":"Feature","geometry":{"type":"LineString","coordinates":[[-100.60477,35.65],[-100.60146,35.65144],[-100.59888,35.65448],[-100.59413,35.65801],[-100.59063,35.65716],[-100.58805,35.65968],[-100.58678,35.66323],[-100.5828,35.66936],[-100.58136,35.67065],[-100.57794,35.67069],[-100.57449,35.6744],[-100.56938,35.68301],[-100.56974,35.68614],[-100.56269,35.68582],[-100.5586,35.68637],[-100.55671,35.68762],[-100.54997,35.69916],[-100.5471,35.70273],[-100.54514,35.70351],[-100.54522,35.70564],[-100.54033,35.7065],[-100.53626,35.70831],[-100.53084,35.71227],[-100.51848,35.71688],[-100.51598,35.7197],[-100.51354,35.7208],[-100.51056,35.72047],[-100.50983,35.72194],[-100.50722,35.72267],[-100.50177,35.72122],[-100.49427,35.7236],[-100.49264,35.72151],[-100.48812,35.72122],[-100.4776,35.72899],[-100.47653,35.72881],[-100.47302,35.72515],[-100.46763,35.72541],[-100.46353,35.72415],[-100.46066,35.72617],[-100.45741,35.72624],[-100.45651,35.72565],[-100.45701,35.72278],[-100.45594,35.72157],[-100.44839,35.72006],[-100.44715,35.72226],[-100.44758,35.72563],[-100.44654,35.72673],[-100.44241,35.72478],[-100.44103,35.72327]]},"properties":{"region":"panhandle","name":"Washita River"}},{"type":"Feature","geometry":{"type":"LineString","coordinates":[[-100.35396,35.72435],[-100.34832,35.72716],[-100.34559,35.72602],[-100.34335,35.72355],[-100.34051,35.72366],[-100.33691,35.72854],[-100.33441,35.72893],[-100.3322,35.72783],[-100.32801,35.73435],[-100.32492,35.7357],[-100.31902,35.73508],[-100.31675,35.7305],[-100.31521,35.72924],[-100.31203,35.72828],[-100.30824,35.72979],[-100.30515,35.72946],[-100.30454,35.7277],[-100.29937,35.7222],[-100.29404,35.72421],[-100.291,35.72707],[-100.29226,35.73012],[-100.29532,35.73099],[-100.29681,35.73315],[-100.29563,35.73546],[-100.29248,35.73653],[-100.28459,35.73231],[-100.27182,35.73143],[-100.26314,35.7279],[-100.25885,35.72705],[-100.2575,35.72824]]},"properties":{"region":"panhandle","name":"Washita River"}},{"type":"Feature","geometry":{"type":"LineString","coordinates":[[-100.44103,35.72327],[-100.44342,35.71993],[-100.44193,35.71808],[-100.43541,35.71895],[-100.43305,35.71762],[-100.43283,35.71609],[-100.43201,35.71586],[-100.42314,35.71845],[-100.42132,35.71763],[-100.41786,35.71303],[-100.40424,35.71152],[-100.39593,35.70811],[-100.39352,35.70871],[-100.39273,35.70969],[-100.39422,35.71443],[-100.39077,35.71764],[-100.38824,35.71878],[-100.38715,35.71869],[-100.38552,35.71666],[-100.38381,35.71597],[-100.37718,35.71938],[-100.3705,35.71913],[-100.36876,35.7225],[-100.36398,35.72098],[-100.35989,35.7225],[-100.35885,35.7249],[-100.35396,35.72435]]},"properties":{"region":"panhandle","name":"Washita River"}},{"type":"Feature","geometry":{"type":"LineString","coordinates":[[-100.2575,35.72824],[-100.25915,35.73035],[-100.25901,35.73211],[-100.25285,35.73673],[-100.24632,35.74023],[-100.24309,35.7411],[-100.24126,35.73879],[-100.23446,35.73582],[-100.23286,35.73417],[-100.23195,35.73165],[-100.22651,35.73106],[-100.22336,35.72926],[-100.2183,35.72869],[-100.21828,35.731],[-100.21536,35.73421],[-100.20797,35.73287],[-100.2044,35.73049],[-100.20443,35.72973],[-100.20698,35.72824],[-100.20651,35.72664],[-100.20167,35.72589],[-100.19937,35.72193],[-100.19704,35.72016],[-100.18847,35.72102],[-100.18482,35.71852],[-100.18527,35.71646],[-100.18409,35.7158],[-100.1744,35.71638],[-100.17022,35.72201],[-100.16528,35.71876],[-100.1625,35.71988],[-100.15806,35.7233],[-100.15382,35.72147],[-100.14972,35.72341],[-100.14085,35.72594],[-100.13849,35.72493],[-100.13195,35.72836],[-100.12917,35.72786],[-100.12636,35.72504],[-100.1213,35.72369],[-100.1192,35.72122],[-100.11131,35.71978],[-100.10808,35.72051],[-100.1044,35.72591],[-100.09895,35.72376],[-100.09631,35.72353],[-100.0951,35.72452],[-100.09578,35.72724],[-100.09229,35.7301],[-100.09041,35.72907],[-100.08729,35.72967],[-100.08479,35.73209],[-100.08103,35.73333],[-100.08024,35.73232],[-100.08033,35.73035],[-100.07775,35.7295],[-100.07185,35.72973],[-100.06364,35.74248],[-100.05765,35.74552],[-100.04883,35.74502],[-100.04656,35.74662],[-100.04639,35.74882],[-100.04425,35.74859],[-100.041,35.74673],[-100.03929,35.74373],[-100.03957,35.74215],[-100.03412,35.74402],[-100.0303,35.74198],[-100.02398,35.7412],[-100.02122,35.74351],[-100.02117,35.74589],[-100.01967,35.7474],[-100.01445,35.74728],[-100.01355,35.74973],[-100.00501,35.74915],[-100.00366,35.74773],[-100.0044,35.74629],[-100.0037,35.74468],[-100.00039,35.74518]]},"properties":{"region":"panhandle","name":"Washita River"}},{"type":"Feature","geometry":{"type":"LineString","coordinates":[[-101.7446,35.6028],[-101.74674,35.59994],[-101.74502,35.59777],[-101.74139,35.59732],[-101.73723,35.59802],[-101.7353,35.59737],[-101.73074,35.5927],[-101.7273,35.59274],[-101.72521,35.59137]]},"properties":{"region":"panhandle","name":"Canadian River"}},{"type":"Feature","geometry":{"type":"LineString","coordinates":[[-100.63681,35.98296],[-100.62931,35.98276],[-100.62289,35.98436],[-100.61943,35.98354],[-100.61188,35.98109],[-100.6016,35.97214]]},"properties":{"region":"panhandle","name":"Canadian River"}},{"type":"Feature","geometry":{"type":"LineString","coordinates":[[-101.66109,35.61927],[-101.66576,35.61976],[-101.66956,35.62246],[-101.67011,35.62782]]},"properties":{"region":"panhandle","name":"Canadian River"}},{"type":"Feature","geometry":{"type":"LineString","coordinates":[[-101.6503,35.6008],[-101.65207,35.60363],[-101.6549,35.61226],[-101.66109,35.61927]]},"properties":{"region":"panhandle","name":"Canadian River"}},{"type":"Feature","geometry":{"type":"LineString","coordinates":[[-100.3628,35.93231],[-100.35588,35.93141],[-100.35385,35.9296],[-100.34329,35.92598],[-100.33741,35.91985],[-100.33215,35.91858],[-100.32824,35.91922],[-100.32632,35.91849],[-100.3252,35.91732],[-100.32556,35.91304],[-100.32495,35.91226],[-100.32351,35.91203],[-100.31985,35.91345],[-100.31543,35.91134],[-100.31203,35.90756],[-100.30533,35.90657],[-100.29874,35.90822],[-100.29089,35.90799],[-100.28031,35.90358]]},"properties":{"region":"panhandle","name":"Canadian River"}},{"type":"Feature","geometry":{"type":"LineString","coordinates":[[-101.67011,35.62782],[-101.65723,35.63946],[-101.65281,35.64518],[-101.65036,35.65006],[-101.63879,35.66051],[-101.63588,35.66127],[-101.62871,35.66575],[-101.62285,35.67104],[-101.62168,35.67435],[-101.61288,35.68216],[-101.60853,35.68462]]},"properties":{"region":"panhandle","name":"Canadian River"}},{"type":"Feature","geometry":{"type":"LineString","coordinates":[[-100.49089,35.95008],[-100.48631,35.95031],[-100.47865,35.95366],[-100.4762,35.95385],[-100.46764,35.95024],[-100.45485,35.95091],[-100.44843,35.94927]]},"properties":{"region":"panhandle","name":"Canadian River"}},{"type":"Feature","geometry":{"type":"LineString","coordinates":[[-100.16259,35.86393],[-100.15848,35.86418],[-100.15387,35.86185],[-100.14801,35.85748],[-100.14427,35.85354],[-100.1369,35.85015],[-100.13454,35.8463],[-100.1256,35.84234],[-100.12315,35.8422],[-100.11935,35.84273],[-100.11423,35.84708],[-100.10909,35.8501],[-100.09933,35.8539],[-100.09814,35.85539],[-100.09575,35.85635],[-100.07477,35.85784],[-100.06886,35.85893],[-100.0663,35.86074],[-100.05471,35.86371],[-100.04832,35.86355],[-100.04272,35.8657],[-100.03864,35.86489],[-100.02997,35.87558],[-100.02529,35.87951]]},"properties":{"region":"panhandle","name":"Canadian River"}},{"type":"Feature","geometry":{"type":"LineString","coordinates":[[-100.44843,35.94927],[-100.44477,35.94792],[-100.43953,35.94408],[-100.43719,35.94119],[-100.43648,35.9389],[-100.43389,35.93765]]},"properties":{"region":"panhandle","name":"Canadian River"}},{"type":"Feature","geometry":{"type":"LineString","coordinates":[[-100.6016,35.97214],[-100.5987,35.96877],[-100.59022,35.96588],[-100.58242,35.9679],[-100.5769,35.97094],[-100.562,35.97045],[-100.55158,35.96605],[-100.54657,35.96214],[-100.54071,35.96266],[-100.53525,35.96126],[-100.52191,35.95323],[-100.51616,35.95563],[-100.51375,35.95282],[-100.50893,35.95009],[-100.50091,35.94926],[-100.49481,35.95076],[-100.49089,35.95008]]},"properties":{"region":"panhandle","name":"Canadian River"}},{"type":"Feature","geometry":{"type":"LineString","coordinates":[[-101.55742,35.71688],[-101.556,35.71886],[-101.55339,35.71909],[-101.53869,35.71574],[-101.52115,35.71655],[-101.5205,35.7158],[-101.51683,35.71696],[-101.51374,35.71904],[-101.51244,35.72089],[-101.50989,35.72181],[-101.50307,35.72153],[-101.49281,35.72607],[-101.47648,35.7276],[-101.47086,35.72614],[-101.46808,35.72426],[-101.46247,35.72404],[-101.45469,35.72251],[-101.45228,35.7238],[-101.44933,35.72394],[-101.44495,35.72824],[-101.43943,35.72925],[-101.43668,35.73113],[-101.42915,35.73214],[-101.4229,35.73617],[-101.41599,35.73297],[-101.40987,35.72664],[-101.40987,35.72506],[-101.40885,35.72396],[-101.40607,35.72217],[-101.402,35.72096],[-101.39328,35.72099],[-101.38901,35.72291],[-101.38643,35.72522],[-101.37834,35.72687],[-101.37312,35.7323],[-101.36268,35.73699],[-101.35805,35.73731],[-101.35485,35.73976],[-101.35165,35.7445],[-101.34536,35.74775],[-101.33452,35.755],[-101.32991,35.76077],[-101.32834,35.76473],[-101.32274,35.77205],[-101.32109,35.77306],[-101.32111,35.77441],[-101.31769,35.77745],[-101.31839,35.77985],[-101.30947,35.79475],[-101.30573,35.79566],[-101.29916,35.79509],[-101.29252,35.79989],[-101.28696,35.80165],[-101.27909,35.80155],[-101.27597,35.80063],[-101.26524,35.80115],[-101.2535,35.79922],[-101.25068,35.80105],[-101.24977,35.80302],[-101.24393,35.80893],[-101.24034,35.80928],[-101.22961,35.81479],[-101.2266,35.81472],[-101.22483,35.81376],[-101.22092,35.81388],[-101.21522,35.81601],[-101.21385,35.81734],[-101.21334,35.81922],[-101.21397,35.82704],[-101.21321,35.83032],[-101.20828,35.83826],[-101.20398,35.83962],[-101.19642,35.84386],[-101.19248,35.84377],[-101.18793,35.84668],[-101.18065,35.8484],[-101.16474,35.85626],[-101.15515,35.85846],[-101.14796,35.86107],[-101.14025,35.86565],[-101.13795,35.86927],[-101.13533,35.87048],[-101.13196,35.87048],[-101.131,35.87149],[-101.13131,35.87369],[-101.12959,35.87609],[-101.12543,35.87836],[-101.12192,35.87902],[-101.11933,35.88433],[-101.11668,35.88554],[-101.11277,35.89703],[-101.11066,35.89976],[-101.10039,35.90759],[-101.09448,35.91061],[-101.09035,35.91388],[-101.0772,35.91912],[-101.07146,35.91948],[-101.06718,35.92182],[-101.06026,35.92399],[-101.05091,35.92531],[-101.04674,35.92769],[-101.04117,35.9284],[-101.03793,35.93064],[-101.02428,35.92925],[-101.0083,35.92558],[-101.00456,35.92647],[-101.00115,35.92477],[-100.9978,35.92506],[-100.99468,35.92742],[-100.99182,35.93184],[-100.9851,35.93597],[-100.97331,35.93808],[-100.97351,35.94271],[-100.97126,35.94486],[-100.96673,35.94578],[-100.96609,35.94869],[-100.95455,35.95231],[-100.9512,35.95461],[-100.94703,35.95475],[-100.94168,35.95372],[-100.94061,35.95198],[-100.93554,35.9499],[-100.93216,35.95034],[-100.92904,35.95238],[-100.92563,35.95217],[-100.92006,35.94984],[-100.91538,35.9506],[-100.91406,35.95094],[-100.9095,35.95582],[-100.90396,35.95891],[-100.89762,35.95825],[-100.88444,35.96013],[-100.88059,35.95887],[-100.87664,35.95949],[-100.87495,35.96091],[-100.87225,35.96576],[-100.86572,35.96659],[-100.8578,35.96917],[-100.85488,35.97062],[-100.85209,35.97336],[-100.84758,35.97506],[-100.82882,35.97478],[-100.82004,35.97068],[-100.81821,35.9669],[-100.81292,35.96438],[-100.79926,35.96327],[-100.79749,35.96339],[-100.79165,35.9665],[-100.78599,35.96597],[-100.76749,35.96964],[-100.76171,35.96991],[-100.75757,35.96936],[-100.75645,35.96814],[-100.7549,35.96789],[-100.75287,35.96837],[-100.7498,35.97069]]},"properties":{"region":"panhandle","name":"Canadian River"}},{"type":"Feature","geometry":{"type":"LineString","coordinates":[[-101.59623,35.71085],[-101.59581,35.70727],[-101.59475,35.70556],[-101.59112,35.70298],[-101.5855,35.70313]]},"properties":{"region":"panhandle","name":"Canadian River"}},{"type":"Feature","geometry":{"type":"LineString","coordinates":[[-100.27851,35.90264],[-100.27497,35.90094],[-100.26943,35.89996],[-100.25865,35.89619],[-100.25632,35.89481],[-100.25472,35.89245],[-100.24798,35.88906],[-100.24507,35.88613]]},"properties":{"region":"panhandle","name":"Canadian River"}},{"type":"Feature","geometry":{"type":"LineString","coordinates":[[-101.60853,35.68462],[-101.5956,35.69588],[-101.59329,35.69636],[-101.5855,35.70313]]},"properties":{"region":"panhandle","name":"Canadian River"}},{"type":"Feature","geometry":{"type":"LineString","coordinates":[[-100.28031,35.90358],[-100.27851,35.90264]]},"properties":{"region":"panhandle","name":"Canadian River"}},{"type":"Feature","geometry":{"type":"LineString","coordinates":[[-100.64371,35.97893],[-100.64295,35.979],[-100.63951,35.98347],[-100.63681,35.98296]]},"properties":{"region":"panhandle","name":"Canadian River"}},{"type":"Feature","geometry":{"type":"LineString","coordinates":[[-101.82355,35.47447],[-101.82053,35.47708],[-101.81818,35.47722],[-101.81029,35.47698],[-101.80279,35.4752],[-101.79876,35.47634],[-101.7956,35.47469]]},"properties":{"region":"panhandle","name":"Canadian River"}},{"type":"Feature","geometry":{"type":"LineString","coordinates":[[-100.43389,35.93765],[-100.42893,35.93527],[-100.42277,35.93461],[-100.41266,35.93793],[-100.40743,35.93628],[-100.39453,35.9369],[-100.39256,35.93649],[-100.39005,35.93368],[-100.38687,35.93404]]},"properties":{"region":"panhandle","name":"Canadian River"}},{"type":"Feature","geometry":{"type":"LineString","coordinates":[[-101.77271,35.53473],[-101.77124,35.53412]]},"properties":{"region":"panhandle","name":"Canadian River"}},{"type":"Feature","geometry":{"type":"LineString","coordinates":[[-101.5855,35.70313],[-101.57954,35.70716],[-101.57537,35.70786],[-101.57131,35.71005],[-101.56177,35.71213],[-101.55459,35.71234],[-101.55722,35.71409],[-101.55742,35.71688]]},"properties":{"region":"panhandle","name":"Canadian River"}},{"type":"Feature","geometry":{"type":"LineString","coordinates":[[-101.64468,35.70213],[-101.63948,35.69718],[-101.63194,35.69466],[-101.62732,35.69137],[-101.62413,35.69052],[-101.61539,35.68442],[-101.60853,35.68462]]},"properties":{"region":"panhandle","name":"Canadian River"}},{"type":"Feature","geometry":{"type":"LineString","coordinates":[[-101.72521,35.59137],[-101.72353,35.58829],[-101.72073,35.58629],[-101.71669,35.58649],[-101.71508,35.58795]]},"properties":{"region":"panhandle","name":"Canadian River"}},{"type":"Feature","geometry":{"type":"LineString","coordinates":[[-100.68716,35.96882],[-100.67967,35.9707],[-100.67736,35.97233],[-100.6643,35.97739],[-100.65717,35.97673],[-100.64855,35.97896],[-100.64371,35.97893]]},"properties":{"region":"panhandle","name":"Canadian River"}},{"type":"Feature","geometry":{"type":"LineString","coordinates":[[-101.7651,35.53609],[-101.76367,35.54086],[-101.75704,35.54607],[-101.75212,35.55119],[-101.7525,35.56045],[-101.74707,35.56497],[-101.73449,35.56784],[-101.72736,35.56856],[-101.72198,35.57383],[-101.71978,35.57782],[-101.7184,35.5844],[-101.71508,35.58795]]},"properties":{"region":"panhandle","name":"Canadian River"}},{"type":"Feature","geometry":{"type":"LineString","coordinates":[[-100.24507,35.88613],[-100.23021,35.87879]]},"properties":{"region":"panhandle","name":"Canadian River"}},{"type":"Feature","geometry":{"type":"LineString","coordinates":[[-100.7498,35.97069],[-100.74963,35.97351],[-100.74663,35.97687],[-100.73981,35.9778],[-100.73525,35.97993],[-100.72675,35.98237],[-100.72455,35.98271],[-100.72117,35.98102]]},"properties":{"region":"panhandle","name":"Canadian River"}},{"type":"Feature","geometry":{"type":"LineString","coordinates":[[-101.66481,35.72154],[-101.65973,35.72139],[-101.65777,35.72036],[-101.65795,35.71847],[-101.66043,35.7161],[-101.66049,35.71484],[-101.65934,35.71402],[-101.65512,35.7141],[-101.65413,35.71339],[-101.65291,35.70543],[-101.6509,35.70384],[-101.64468,35.70213]]},"properties":{"region":"panhandle","name":"Canadian River"}},{"type":"Feature","geometry":{"type":"LineString","coordinates":[[-101.71508,35.58795],[-101.70894,35.5935],[-101.69947,35.59634],[-101.69169,35.60298],[-101.68834,35.60414],[-101.68408,35.60775],[-101.67314,35.61815],[-101.6722,35.62446],[-101.67011,35.62782]]},"properties":{"region":"panhandle","name":"Canadian River"}},{"type":"Feature","geometry":{"type":"LineString","coordinates":[[-101.5949,35.72883],[-101.59391,35.72602],[-101.59077,35.72379],[-101.59065,35.72217],[-101.59572,35.7188],[-101.59528,35.7128],[-101.59623,35.71085]]},"properties":{"region":"panhandle","name":"Canadian River"}},{"type":"Feature","geometry":{"type":"LineString","coordinates":[[-101.7956,35.47469],[-101.79555,35.47581],[-101.79454,35.47647],[-101.78727,35.4772],[-101.78198,35.47894],[-101.77851,35.47825],[-101.77138,35.47433],[-101.76679,35.47591],[-101.76449,35.47776],[-101.76407,35.48034],[-101.7658,35.48268],[-101.76621,35.48801],[-101.76722,35.48948],[-101.77572,35.49404],[-101.77712,35.49564],[-101.77723,35.49752],[-101.77532,35.50006],[-101.77532,35.50283],[-101.77815,35.50425],[-101.77879,35.50626],[-101.76705,35.51545],[-101.76232,35.51678],[-101.75946,35.51856],[-101.75907,35.52129],[-101.76319,35.52613]]},"properties":{"region":"panhandle","name":"Canadian River"}},{"type":"Feature","geometry":{"type":"LineString","coordinates":[[-100.38687,35.93404],[-100.38203,35.93283],[-100.37302,35.93514],[-100.3628,35.93231]]},"properties":{"region":"panhandle","name":"Canadian River"}},{"type":"Feature","geometry":{"type":"LineString","coordinates":[[-101.77124,35.53412],[-101.76766,35.5339],[-101.7651,35.53609]]},"properties":{"region":"panhandle","name":"Canadian River"}},{"type":"Feature","geometry":{"type":"LineString","coordinates":[[-102.0006,35.45044],[-101.99678,35.449],[-101.99239,35.45006],[-101.99047,35.454],[-101.99025,35.45848],[-101.98497,35.45828],[-101.97604,35.45637],[-101.97028,35.45347],[-101.96888,35.45157],[-101.96926,35.44635],[-101.96778,35.44404],[-101.96492,35.44231],[-101.95678,35.44041],[-101.95044,35.44094],[-101.94669,35.4401],[-101.94241,35.44072],[-101.93389,35.4478],[-101.93154,35.44869],[-101.92474,35.44554],[-101.9206,35.44563],[-101.9187,35.4487],[-101.90892,35.45204],[-101.9026,35.45642],[-101.89933,35.45999],[-101.89385,35.45678],[-101.88492,35.45312],[-101.88092,35.45377],[-101.87844,35.45608],[-101.8828,35.46338],[-101.88297,35.46727],[-101.88238,35.46864],[-101.87911,35.47013],[-101.87455,35.47043],[-101.87284,35.46933],[-101.85796,35.46688],[-101.84747,35.46624],[-101.84473,35.46679],[-101.84067,35.47077],[-101.83027,35.47454],[-101.82355,35.47447]]},"properties":{"region":"panhandle","name":"Canadian River"}},{"type":"Feature","geometry":{"type":"LineString","coordinates":[[-100.23021,35.87879],[-100.21729,35.88089],[-100.20899,35.88007],[-100.20564,35.87851],[-100.19993,35.87966],[-100.19036,35.8769],[-100.18682,35.87383],[-100.18448,35.8729],[-100.18352,35.87093],[-100.16636,35.86601],[-100.16259,35.86393]]},"properties":{"region":"panhandle","name":"Canadian River"}},{"type":"Feature","geometry":{"type":"LineString","coordinates":[[-101.76319,35.52613],[-101.7651,35.53609]]},"properties":{"region":"panhandle","name":"Canadian River"}},{"type":"Feature","geometry":{"type":"LineString","coordinates":[[-100.72117,35.98102],[-100.71192,35.97551],[-100.70944,35.97556],[-100.70308,35.97842],[-100.69978,35.97623],[-100.69753,35.97216],[-100.69324,35.97005],[-100.68716,35.96882]]},"properties":{"region":"panhandle","name":"Canadian River"}},{"type":"Feature","geometry":{"type":"LineString","coordinates":[[-99.22547,30.28289],[-99.22372,30.27916],[-99.22066,30.27689],[-99.21261,30.2782],[-99.20938,30.27289],[-99.20922,30.26924],[-99.2061,30.26736],[-99.19876,30.26558],[-99.18983,30.26481],[-99.18402,30.26224],[-99.17893,30.2649],[-99.17235,30.26495],[-99.17111,30.26291],[-99.17354,30.26147],[-99.17422,30.25904],[-99.16878,30.25473],[-99.1691,30.25159],[-99.16662,30.24984],[-99.16234,30.25074],[-99.15664,30.24906],[-99.15062,30.24945],[-99.14322,30.24806],[-99.13887,30.24838],[-99.13773,30.24732],[-99.13654,30.24162],[-99.13475,30.24137],[-99.12532,30.24325],[-99.11965,30.23972],[-99.11305,30.24276],[-99.10906,30.24668],[-99.10436,30.24721],[-99.10249,30.24675],[-99.10204,30.24574],[-99.10558,30.2407],[-99.10478,30.239],[-99.10257,30.23772],[-99.09887,30.23781],[-99.09341,30.23935],[-99.08667,30.24306],[-99.0829,30.24285],[-99.08137,30.24131],[-99.07326,30.24035],[-99.07226,30.24236],[-99.0707,30.24294],[-99.06851,30.23959],[-99.06756,30.23592],[-99.05991,30.23399],[-99.06094,30.22902],[-99.06047,30.22723],[-99.0577,30.22684],[-99.05199,30.22876],[-99.04571,30.22862],[-99.04175,30.22605],[-99.04004,30.22617],[-99.02807,30.21263],[-99.02625,30.2127],[-99.02458,30.21437],[-99.0216,30.21449],[-99.01796,30.2129],[-99.01551,30.20903],[-99.01008,30.20753],[-99.00487,30.20936],[-99.0025,30.20933],[-99.00032,30.20823],[-98.98898,30.20948],[-98.98685,30.21008],[-98.98495,30.21203],[-98.98352,30.21205],[-98.98125,30.20999],[-98.97786,30.20459],[-98.97551,30.2057],[-98.97291,30.2045],[-98.96823,30.20565],[-98.96106,30.20406],[-98.95632,30.20587],[-98.95082,30.20635],[-98.94276,30.20915],[-98.93861,30.2117],[-98.93469,30.21273],[-98.93209,30.21846],[-98.93314,30.22239],[-98.93135,30.22271],[-98.91998,30.22091],[-98.91187,30.21794],[-98.90976,30.21922],[-98.90791,30.2222],[-98.90559,30.22271],[-98.90116,30.22174],[-98.89963,30.22002],[-98.8953,30.21844],[-98.88751,30.21874],[-98.88308,30.22083],[-98.86691,30.22009],[-98.86571,30.21822],[-98.86209,30.22259],[-98.85655,30.22351],[-98.85212,30.22145],[-98.84969,30.21847],[-98.84478,30.21979],[-98.84143,30.22202],[-98.84092,30.2241],[-98.84245,30.22761],[-98.83976,30.23112],[-98.83717,30.2307],[-98.83308,30.22866],[-98.83224,30.226],[-98.83295,30.223],[-98.83256,30.22041],[-98.82886,30.21773],[-98.82675,30.21727],[-98.82395,30.22309],[-98.81926,30.22437],[-98.81778,30.22957],[-98.82041,30.23086],[-98.82118,30.23228],[-98.82086,30.23354],[-98.81761,30.23342],[-98.81471,30.23095],[-98.81265,30.23049],[-98.80732,30.23087],[-98.80491,30.23316],[-98.80473,30.23805],[-98.80591,30.2408],[-98.80475,30.24217],[-98.80179,30.24316],[-98.80103,30.24284],[-98.79929,30.23814],[-98.79496,30.23586],[-98.79301,30.23611],[-98.7873,30.23987],[-98.78516,30.23943],[-98.78282,30.23654],[-98.77973,30.23592],[-98.77635,30.23638],[-98.77265,30.2386],[-98.7689,30.2394],[-98.76159,30.23836],[-98.74974,30.23008],[-98.74378,30.22379],[-98.73912,30.22485],[-98.73237,30.23021],[-98.72052,30.23342],[-98.71218,30.23263],[-98.70756,30.22724],[-98.70354,30.22638],[-98.69709,30.24013],[-98.69527,30.24153],[-98.69315,30.24167],[-98.69204,30.24078],[-98.69191,30.23326],[-98.69133,30.23211],[-98.69001,30.23193],[-98.68401,30.23264],[-98.68195,30.23166],[-98.67797,30.23582],[-98.67441,30.23816],[-98.66657,30.23888],[-98.6624,30.24287],[-98.66031,30.24354],[-98.6567,30.24292],[-98.65081,30.23811],[-98.63637,30.23811],[-98.62879,30.24045],[-98.62425,30.23965],[-98.61844,30.2374],[-98.61279,30.23719],[-98.61013,30.23838],[-98.60617,30.24251],[-98.59268,30.24652],[-98.58454,30.24649],[-98.58093,30.24858],[-98.57903,30.25102],[-98.57645,30.25714],[-98.57672,30.26091],[-98.57535,30.26385],[-98.57178,30.26607],[-98.56655,30.26783],[-98.55924,30.27249],[-98.54471,30.27223],[-98.52711,30.26875],[-98.52303,30.26897],[-98.51615,30.27266],[-98.51037,30.27456],[-98.50345,30.28165],[-98.50074,30.28865],[-98.50127,30.29154],[-98.50622,30.30076],[-98.50714,30.30717],[-98.5006,30.31754],[-98.49261,30.3211],[-98.48735,30.31821],[-98.48639,30.31546],[-98.48171,30.31519],[-98.47779,30.31578],[-98.47372,30.32092],[-98.46897,30.32317],[-98.45747,30.32381],[-98.44925,30.3221],[-98.4437,30.32209],[-98.43589,30.31937],[-98.43202,30.31668],[-98.42219,30.30492],[-98.40678,30.29668],[-98.39362,30.28536],[-98.39082,30.28429],[-98.38835,30.28447],[-98.37954,30.28756],[-98.36856,30.28099],[-98.36666,30.2809],[-98.36468,30.28284],[-98.36501,30.28914],[-98.36277,30.29763],[-98.36576,30.29997],[-98.37486,30.30216],[-98.37816,30.30537],[-98.37768,30.30904],[-98.37384,30.31228],[-98.35909,30.31676],[-98.35268,30.31702],[-98.34858,30.31635],[-98.34176,30.31246],[-98.33951,30.31024],[-98.33857,30.30294],[-98.33929,30.29233],[-98.33774,30.28896],[-98.3379,30.2839],[-98.33556,30.27917],[-98.33331,30.27695],[-98.32892,30.27629],[-98.32704,30.27683],[-98.3189,30.28293],[-98.31481,30.28781],[-98.31499,30.29424],[-98.31645,30.2995],[-98.31462,30.30168],[-98.31,30.3033],[-98.30028,30.30268],[-98.28923,30.31155],[-98.28606,30.31313],[-98.28039,30.31375],[-98.27232,30.32262],[-98.2716,30.32654],[-98.2638,30.33629],[-98.26051,30.33863],[-98.2554,30.33973],[-98.25025,30.33743],[-98.24549,30.3326],[-98.24601,30.32373],[-98.24511,30.32256],[-98.24273,30.32208],[-98.23689,30.32424],[-98.23502,30.32422],[-98.23375,30.32367],[-98.2329,30.32186],[-98.23669,30.31278],[-98.23836,30.31143],[-98.24509,30.30936],[-98.24599,30.30833],[-98.24562,30.30629],[-98.24159,30.30168],[-98.23668,30.29777],[-98.22801,30.29766],[-98.22516,30.29853],[-98.22332,30.30209],[-98.22356,30.30546],[-98.21828,30.31064],[-98.21411,30.31252],[-98.20703,30.31069],[-98.20425,30.31248],[-98.20352,30.31507],[-98.20954,30.31922],[-98.21047,30.32052],[-98.21111,30.32463],[-98.20863,30.32926],[-98.20622,30.3316],[-98.1983,30.33504],[-98.19666,30.33655],[-98.19635,30.33864],[-98.19833,30.34611],[-98.19562,30.34989],[-98.19139,30.3498],[-98.18602,30.34738],[-98.18419,30.3379],[-98.18264,30.3344],[-98.1787,30.32893],[-98.17647,30.32746],[-98.15535,30.33418],[-98.14075,30.33346],[-98.13917,30.3345],[-98.13765,30.35086],[-98.13502,30.35463],[-98.12971,30.35801],[-98.12659,30.36135],[-98.12648,30.36286],[-98.13156,30.36755],[-98.1312,30.37021],[-98.12578,30.37511],[-98.11405,30.37874],[-98.10945,30.3816],[-98.10897,30.38577],[-98.1112,30.39087],[-98.11128,30.39352],[-98.10981,30.40113],[-98.10881,30.40229],[-98.10618,30.40196],[-98.09918,30.3968],[-98.0924,30.39403],[-98.08987,30.39206],[-98.089,30.39012],[-98.07799,30.38989],[-98.0761,30.3903],[-98.07294,30.3925],[-98.06772,30.39941],[-98.06776,30.4013],[-98.07007,30.40605],[-98.07416,30.41165],[-98.07683,30.4195],[-98.08892,30.42372],[-98.09056,30.42508],[-98.09151,30.42783],[-98.09204,30.43148],[-98.08543,30.43589],[-98.08359,30.43807],[-98.08471,30.44196],[-98.0874,30.44443],[-98.08734,30.4477],[-98.08634,30.44861],[-98.08385,30.44853],[-98.08149,30.44731],[-98.07731,30.44373],[-98.0755,30.44175],[-98.07177,30.43262],[-98.06847,30.4294],[-98.06248,30.42926],[-98.05929,30.43142]]},"properties":{"region":"austin","name":"Pedernales River"}},{"type":"Feature","geometry":{"type":"LineString","coordinates":[[-98.05929,30.43142],[-98.05761,30.43301]]},"properties":{"region":"austin","name":"Pedernales River"}},{"type":"Feature","geometry":{"type":"LineString","coordinates":[[-97.9092,30.5014],[-97.90578,30.50021]]},"properties":{"region":"austin","name":"Colorado River"}},{"type":"Feature","geometry":{"type":"LineString","coordinates":[[-98.13055,30.53748],[-98.12885,30.53868],[-98.12622,30.53873],[-98.12458,30.53737],[-98.11957,30.52474],[-98.11995,30.52234],[-98.1218,30.52041],[-98.13078,30.51721],[-98.13278,30.51541],[-98.13387,30.51236],[-98.12889,30.48964],[-98.12547,30.48744],[-98.11682,30.48622],[-98.11522,30.48663],[-98.11308,30.48856],[-98.11142,30.49225],[-98.10899,30.49444],[-98.10294,30.49783],[-98.09594,30.49847],[-98.08979,30.49808],[-98.08449,30.49642],[-98.08163,30.49345],[-98.08122,30.48879],[-98.09287,30.47546],[-98.09322,30.47192],[-98.09122,30.4683],[-98.08588,30.46488],[-98.07633,30.46291],[-98.06566,30.46274],[-98.06049,30.46056],[-98.05796,30.45859],[-98.05598,30.45548],[-98.05571,30.45057],[-98.05827,30.44775],[-98.06243,30.4449],[-98.06412,30.44209],[-98.06266,30.43645],[-98.05922,30.43311],[-98.05443,30.43433],[-98.04695,30.43913],[-98.03642,30.4503],[-98.03195,30.45832],[-98.02636,30.47469],[-98.02368,30.47877],[-98.01981,30.48161],[-98.0131,30.48199]]},"properties":{"region":"austin","name":"Colorado River"}},{"type":"Feature","geometry":{"type":"LineString","coordinates":[[-98.18766,30.53929],[-98.18568,30.5363],[-98.18095,30.53438],[-98.17847,30.53456],[-98.17359,30.53831],[-98.1714,30.53835],[-98.16976,30.537],[-98.17033,30.53094],[-98.16746,30.52746],[-98.1639,30.52552],[-98.15832,30.52474],[-98.14782,30.5257],[-98.14121,30.52483],[-98.13835,30.52702],[-98.13343,30.53468],[-98.13055,30.53748]]},"properties":{"region":"austin","name":"Colorado River"}},{"type":"Feature","geometry":{"type":"LineString","coordinates":[[-97.77232,30.26361],[-97.76612,30.26458],[-97.76123,30.26756]]},"properties":{"region":"austin","name":"Colorado River"}},{"type":"Feature","geometry":{"type":"LineString","coordinates":[[-98.01441,30.49034],[-98.01239,30.48906],[-98.01419,30.48499],[-98.01414,30.48285],[-98.0131,30.48199]]},"properties":{"region":"austin","name":"Colorado River"}},{"type":"Feature","geometry":{"type":"LineString","coordinates":[[-97.90716,30.39231],[-97.911,30.39052],[-97.91315,30.38859],[-97.91455,30.38592],[-97.91451,30.37167],[-97.91323,30.36073],[-97.91433,30.35768],[-97.91857,30.35181],[-97.93454,30.3364],[-97.93506,30.33361],[-97.93346,30.33068],[-97.92687,30.32644],[-97.92306,30.32563],[-97.91855,30.32609],[-97.90933,30.33091],[-97.90019,30.33964],[-97.89717,30.34133],[-97.89122,30.34295],[-97.87784,30.34469],[-97.87236,30.34756],[-97.86347,30.35414],[-97.85779,30.35487],[-97.85279,30.35306],[-97.84801,30.34797],[-97.84566,30.3407],[-97.84424,30.32963],[-97.84285,30.32625],[-97.83857,30.3238],[-97.83333,30.32439],[-97.82871,30.32661],[-97.81629,30.33879],[-97.80909,30.34975],[-97.80651,30.35194],[-97.80053,30.35191],[-97.79174,30.34695],[-97.78854,30.34416],[-97.77856,30.32793],[-97.77656,30.3228],[-97.7761,30.31537],[-97.77729,30.30967],[-97.77998,30.30559],[-97.78454,30.30085],[-97.7862,30.29667],[-97.78619,30.29415],[-97.78799,30.2921],[-97.78749,30.28908],[-97.78462,30.28459],[-97.76947,30.27146],[-97.76123,30.26756]]},"properties":{"region":"austin","name":"Colorado River"}},{"type":"Feature","geometry":{"type":"LineString","coordinates":[[-97.78811,30.35837],[-97.78384,30.35571],[-97.78351,30.35433],[-97.78479,30.3528],[-97.79032,30.35195],[-97.79117,30.35106],[-97.79174,30.34695]]},"properties":{"region":"austin","name":"Colorado River"}},{"type":"Feature","geometry":{"type":"LineString","coordinates":[[-98.0244,30.50427],[-98.02421,30.50019],[-98.02317,30.49932],[-98.0195,30.49889],[-98.02361,30.49352],[-98.02385,30.4915],[-98.01845,30.49172],[-98.01441,30.49034]]},"properties":{"region":"austin","name":"Colorado River"}},{"type":"Feature","geometry":{"type":"LineString","coordinates":[[-97.90578,30.50021],[-97.90942,30.49795],[-97.91307,30.49776],[-97.91523,30.49659],[-97.91717,30.48979]]},"properties":{"region":"austin","name":"Colorado River"}},{"type":"Feature","geometry":{"type":"LineString","coordinates":[[-97.76123,30.26756],[-97.74418,30.26115],[-97.74188,30.25911],[-97.74084,30.25465],[-97.73919,30.25265],[-97.7382,30.24967],[-97.73297,30.25018],[-97.72492,30.24619],[-97.71795,30.24744],[-97.71495,30.25026],[-97.70388,30.25043],[-97.70154,30.24984],[-97.69974,30.24722],[-97.69635,30.24538],[-97.68427,30.24607],[-97.67371,30.25014],[-97.66902,30.25589],[-97.66213,30.26069],[-97.64789,30.26302],[-97.64556,30.26318],[-97.64248,30.26221],[-97.64174,30.26159],[-97.64124,30.25857],[-97.63917,30.25709],[-97.63317,30.25592],[-97.62749,30.25626],[-97.626,30.25426],[-97.62592,30.2501],[-97.62759,30.24629],[-97.63086,30.24221],[-97.63647,30.23872],[-97.6462,30.23694],[-97.65199,30.23496],[-97.6584,30.22767],[-97.65773,30.22339],[-97.65621,30.22039],[-97.64847,30.21231],[-97.64435,30.20985],[-97.63907,30.20816],[-97.63192,30.20776],[-97.62527,30.21001],[-97.61982,30.21023],[-97.61471,30.21369],[-97.60945,30.21289],[-97.60519,30.2185],[-97.6036,30.2266],[-97.59548,30.22861],[-97.59223,30.226],[-97.59218,30.22386],[-97.59589,30.21977],[-97.59524,30.20856],[-97.59317,30.20682],[-97.58774,30.20612],[-97.57697,30.21434],[-97.56868,30.21289],[-97.56269,30.21054],[-97.56041,30.20786],[-97.55777,30.20746],[-97.55465,30.20858],[-97.54763,30.21719],[-97.54265,30.2204],[-97.54187,30.22668],[-97.53871,30.22568],[-97.5369,30.22145],[-97.52834,30.21895],[-97.52506,30.22004],[-97.52375,30.22145],[-97.52332,30.22455],[-97.52414,30.22585],[-97.52402,30.22761],[-97.51843,30.22929],[-97.51698,30.228],[-97.51601,30.21877],[-97.5131,30.21095],[-97.5136,30.20753],[-97.51646,30.2054],[-97.51788,30.20527],[-97.52042,30.20714],[-97.52251,30.20756],[-97.52664,30.20664],[-97.52869,30.20515],[-97.52862,30.20384],[-97.52491,30.19955],[-97.52268,30.19824],[-97.52107,30.19785],[-97.51377,30.19915],[-97.50472,30.20732],[-97.50201,30.2084],[-97.49778,30.20865],[-97.49146,30.21285],[-97.48373,30.20596],[-97.48539,30.20249],[-97.48831,30.20115],[-97.48874,30.19968],[-97.48546,30.19469],[-97.48483,30.18914],[-97.47484,30.18508],[-97.47205,30.18314],[-97.46957,30.18264],[-97.46498,30.18416],[-97.46126,30.18193],[-97.45703,30.18221],[-97.43227,30.19053],[-97.4257,30.18966],[-97.42342,30.18812],[-97.42272,30.1861],[-97.42413,30.18275],[-97.43275,30.1765],[-97.43581,30.17336],[-97.43991,30.16604],[-97.44423,30.16202],[-97.45302,30.15123],[-97.45283,30.14992],[-97.44551,30.14384],[-97.44163,30.14217],[-97.43982,30.14235],[-97.43398,30.14549],[-97.42913,30.15196],[-97.4218,30.15774],[-97.41742,30.15933],[-97.40999,30.15939],[-97.40802,30.1602],[-97.40698,30.16396],[-97.39769,30.1713],[-97.39651,30.17592],[-97.39706,30.17756],[-97.40059,30.17969],[-97.40192,30.18173],[-97.40205,30.18382],[-97.40079,30.18616],[-97.39757,30.18721],[-97.39346,30.18708],[-97.38659,30.18215],[-97.38216,30.1834],[-97.37813,30.18256],[-97.37777,30.18155],[-97.38485,30.16566],[-97.38316,30.16295],[-97.37618,30.16128],[-97.36241,30.16246],[-97.35549,30.16435],[-97.34889,30.16776],[-97.34755,30.16478],[-97.34568,30.15631],[-97.34607,30.15394],[-97.34788,30.15066],[-97.35156,30.14725],[-97.35908,30.14742],[-97.36409,30.15005],[-97.36695,30.15331],[-97.36886,30.15407],[-97.37213,30.1534],[-97.37348,30.15136],[-97.37369,30.14836],[-97.37278,30.1456],[-97.36665,30.14317],[-97.36223,30.13709],[-97.36116,30.13467],[-97.36132,30.12967],[-97.36039,30.12794],[-97.35644,30.12384],[-97.35129,30.12103],[-97.34022,30.12224],[-97.33129,30.11778],[-97.32953,30.11356],[-97.32744,30.11173],[-97.32331,30.1104],[-97.31974,30.1048],[-97.31954,30.10252],[-97.32116,30.09901],[-97.32464,30.09653],[-97.33906,30.09305],[-97.34511,30.09357],[-97.3477,30.09156],[-97.3494,30.08915],[-97.34955,30.08559],[-97.34878,30.07982],[-97.34713,30.07745],[-97.34442,30.07608],[-97.34072,30.07619],[-97.32976,30.08058],[-97.32078,30.08102],[-97.31572,30.07971],[-97.31179,30.07375],[-97.29986,30.0699],[-97.29273,30.0642],[-97.28869,30.06465],[-97.28629,30.06597],[-97.28259,30.07174],[-97.28094,30.07265],[-97.27383,30.06985],[-97.26949,30.06654],[-97.26748,30.06091],[-97.26713,30.05745],[-97.27214,30.05242],[-97.27468,30.04902],[-97.27486,30.04752],[-97.28002,30.04104],[-97.28172,30.02616],[-97.27647,30.02499],[-97.2749,30.02312],[-97.27216,30.02272],[-97.26411,30.02282],[-97.25746,30.02657],[-97.24578,30.02617],[-97.24555,30.0191],[-97.24879,30.01102],[-97.24656,30.01133],[-97.24229,30.01375],[-97.23537,30.01507],[-97.23299,30.01726],[-97.23205,30.01956],[-97.2332,30.02543],[-97.22952,30.02743],[-97.22656,30.02775],[-97.21768,30.0262],[-97.21362,30.02299],[-97.21016,30.02368],[-97.2039,30.03022],[-97.20211,30.03395],[-97.20247,30.03807],[-97.20482,30.04666],[-97.20489,30.04916],[-97.20353,30.05124],[-97.19997,30.05018],[-97.19314,30.04457],[-97.18967,30.04074],[-97.18596,30.03253],[-97.17981,30.02648],[-97.1717,30.02371],[-97.16923,30.02209],[-97.16813,30.01718],[-97.16608,30.01415],[-97.15897,30.01143],[-97.15656,30.01373],[-97.1486,30.01467],[-97.14405,30.01847],[-97.13467,30.02431],[-97.12988,30.02937],[-97.12605,30.0313],[-97.12324,30.03418],[-97.11508,30.03504],[-97.10707,30.02957],[-97.09908,30.02794],[-97.09739,30.02655],[-97.09473,30.01915],[-97.09321,30.00705],[-97.08688,29.99698],[-97.08616,29.99088],[-97.08205,29.98607],[-97.07666,29.97762],[-97.07047,29.97055],[-97.07023,29.9674],[-97.0719,29.96244],[-97.0714,29.9603],[-97.06054,29.95941],[-97.05716,29.96021],[-97.04867,29.9652],[-97.04453,29.97219],[-97.04668,29.98291],[-97.0462,29.98448],[-97.04368,29.98609],[-97.03828,29.98363],[-97.03036,29.98228],[-97.02101,29.97585],[-97.02063,29.97351],[-97.02256,29.96852],[-97.02443,29.96553],[-97.02664,29.96501],[-97.02684,29.96289],[-97.02503,29.96001],[-97.02231,29.95923],[-97.01589,29.95963],[-97.01137,29.95873],[-97.0092,29.95929],[-97.00716,29.96109],[-97.00432,29.96697],[-97.00026,29.96993],[-96.99671,29.97097],[-96.99468,29.97099],[-96.99045,29.96872],[-96.9885,29.96898],[-96.98525,29.97235],[-96.9848,29.97588],[-96.98664,29.97751],[-96.98658,29.97854],[-96.98222,29.98217],[-96.97566,29.9838],[-96.96944,29.98489],[-96.96741,29.98424],[-96.96625,29.98109],[-96.96594,29.97848],[-96.97096,29.96494],[-96.97079,29.96275],[-96.96833,29.96168],[-96.95209,29.96632],[-96.94676,29.97148],[-96.94693,29.97433],[-96.94327,29.97844],[-96.9367,29.97904],[-96.93234,29.97707],[-96.92529,29.97835],[-96.92367,29.97769],[-96.92194,29.97309],[-96.92095,29.9723],[-96.91073,29.96959],[-96.91029,29.96647],[-96.92066,29.95557],[-96.92597,29.94635],[-96.9243,29.93583],[-96.9217,29.93212],[-96.91814,29.92983],[-96.91286,29.92946],[-96.91025,29.93172],[-96.90961,29.93531],[-96.91041,29.93989],[-96.90761,29.9435],[-96.90234,29.94478],[-96.89422,29.94438],[-96.8911,29.94358],[-96.88687,29.94073],[-96.88603,29.93791],[-96.88973,29.93006],[-96.88965,29.92847],[-96.89607,29.92225],[-96.89788,29.91597],[-96.89444,29.90994],[-96.88956,29.9075],[-96.88669,29.89795],[-96.88035,29.89107],[-96.87888,29.89096],[-96.8742,29.89424],[-96.86517,29.89804],[-96.83205,29.89793],[-96.81687,29.89101],[-96.80987,29.88012],[-96.80718,29.87781],[-96.78748,29.86848],[-96.77785,29.86818],[-96.77179,29.86663],[-96.77059,29.86572],[-96.77049,29.86285],[-96.77596,29.85394],[-96.77902,29.85068],[-96.78461,29.84807],[-96.78974,29.8481],[-96.79639,29.84456],[-96.79726,29.84101],[-96.79595,29.83588],[-96.77673,29.83119],[-96.76304,29.83263],[-96.75903,29.83192],[-96.75766,29.82844],[-96.75834,29.82557],[-96.76118,29.82139],[-96.76093,29.81686],[-96.75964,29.81449],[-96.7615,29.81178],[-96.76143,29.80989],[-96.75998,29.80531],[-96.7573,29.80447],[-96.75254,29.80591],[-96.74707,29.81402],[-96.74336,29.81576],[-96.74146,29.81541],[-96.74046,29.81394],[-96.74069,29.80801],[-96.73764,29.8046],[-96.736,29.80137],[-96.72984,29.79609],[-96.72799,29.79286],[-96.72797,29.79109],[-96.72477,29.78671],[-96.72439,29.78341],[-96.72807,29.77855],[-96.72827,29.77671],[-96.72769,29.77494],[-96.72394,29.77228],[-96.72057,29.77169],[-96.71155,29.77603],[-96.6965,29.78053],[-96.69481,29.78054],[-96.68797,29.77757],[-96.67844,29.77836],[-96.67542,29.77786],[-96.67289,29.77628],[-96.67135,29.76944],[-96.66955,29.76646],[-96.66889,29.76336],[-96.67364,29.75905],[-96.67959,29.75596],[-96.68081,29.7541],[-96.68117,29.75035],[-96.68026,29.74747],[-96.67742,29.74409],[-96.66271,29.73354],[-96.65597,29.72372],[-96.65153,29.71871],[-96.64613,29.71685],[-96.6413,29.71696],[-96.64022,29.71804],[-96.63887,29.72287],[-96.63632,29.72556],[-96.63386,29.72626],[-96.617,29.72339],[-96.60219,29.72416],[-96.59362,29.72098],[-96.56392,29.71773],[-96.55591,29.71575],[-96.54989,29.71244],[-96.54493,29.71309],[-96.54075,29.71664],[-96.53944,29.71979],[-96.53947,29.72384],[-96.54157,29.72853],[-96.54094,29.73017],[-96.53927,29.73151],[-96.53026,29.73663],[-96.52657,29.7376],[-96.5229,29.73676],[-96.51998,29.73466],[-96.51648,29.72809],[-96.51552,29.72516],[-96.51605,29.72331],[-96.51817,29.72145],[-96.52378,29.7197],[-96.5318,29.72267],[-96.53343,29.72185],[-96.53369,29.7159],[-96.5312,29.70989],[-96.53158,29.70901],[-96.53472,29.70957],[-96.53706,29.70327],[-96.5365,29.70021],[-96.53031,29.69374],[-96.52495,29.69308],[-96.52099,29.6909],[-96.52076,29.68604],[-96.52379,29.68111],[-96.52372,29.67883],[-96.5211,29.67764],[-96.51695,29.67766],[-96.51203,29.68026],[-96.50841,29.68553],[-96.50678,29.69342],[-96.5032,29.69985],[-96.48817,29.70182],[-96.48664,29.70054],[-96.48181,29.69029],[-96.4786,29.6858],[-96.46844,29.67471],[-96.46365,29.67271],[-96.45767,29.672],[-96.45262,29.66892],[-96.45152,29.66724],[-96.45111,29.66315],[-96.44899,29.65769],[-96.44773,29.6502],[-96.44614,29.64737],[-96.43354,29.63592],[-96.42705,29.62117],[-96.42429,29.61998],[-96.41911,29.61965],[-96.41702,29.61746],[-96.41716,29.6157],[-96.41814,29.6147],[-96.42381,29.61326],[-96.42985,29.60919],[-96.43647,29.61093],[-96.439,29.61389],[-96.44093,29.6144],[-96.44728,29.61295],[-96.4522,29.60996],[-96.45416,29.60775],[-96.45644,29.60184],[-96.45643,29.59861],[-96.45122,29.59351],[-96.449,29.59265],[-96.43504,29.59249],[-96.42719,29.59076],[-96.4208,29.58525],[-96.41489,29.57787],[-96.40635,29.57361],[-96.40006,29.56665],[-96.39941,29.56407],[-96.40197,29.55665],[-96.39785,29.54545],[-96.39809,29.54318],[-96.40006,29.53732],[-96.40596,29.5316],[-96.40403,29.52789],[-96.39707,29.52629],[-96.39609,29.52458],[-96.39647,29.52312],[-96.39827,29.52149],[-96.40169,29.51968],[-96.40638,29.51885],[-96.40827,29.51431],[-96.4085,29.51093],[-96.40775,29.50845],[-96.40309,29.50483],[-96.3925,29.50102],[-96.39115,29.49795],[-96.39193,29.49354],[-96.38615,29.49154],[-96.37598,29.48328],[-96.37498,29.48161],[-96.37728,29.47806],[-96.38357,29.477],[-96.38555,29.47548],[-96.386,29.47369],[-96.38334,29.47004],[-96.38406,29.46801],[-96.39146,29.46515],[-96.3941,29.46328],[-96.39594,29.46061],[-96.39671,29.45429],[-96.39595,29.45242],[-96.39349,29.45058],[-96.38595,29.44984],[-96.37367,29.44559],[-96.37147,29.44338],[-96.37058,29.44092],[-96.37117,29.43502],[-96.36915,29.43288],[-96.36469,29.43412],[-96.36199,29.43896],[-96.35919,29.43874],[-96.35821,29.43613],[-96.35855,29.43245],[-96.3623,29.42891],[-96.36684,29.4269],[-96.36832,29.4236],[-96.3677,29.4223],[-96.36506,29.4207],[-96.36226,29.42048],[-96.35798,29.42164],[-96.35613,29.42119],[-96.35253,29.41675],[-96.34406,29.41125],[-96.34426,29.40926],[-96.34874,29.40395],[-96.34998,29.40375],[-96.35507,29.39975],[-96.36279,29.39727],[-96.36113,29.39452],[-96.35989,29.39376],[-96.35604,29.39376],[-96.35363,29.39225],[-96.35329,29.39006],[-96.34819,29.38743],[-96.34598,29.38777],[-96.34543,29.39415],[-96.34061,29.39455],[-96.33722,29.39916],[-96.326,29.39703],[-96.32494,29.39557],[-96.32559,29.39039],[-96.32265,29.38609],[-96.32229,29.38384],[-96.32507,29.38096],[-96.32129,29.37458],[-96.31978,29.37399],[-96.31315,29.37432],[-96.31115,29.37323],[-96.30786,29.3691],[-96.29712,29.36809],[-96.29099,29.36954],[-96.27391,29.36722],[-96.27339,29.36567],[-96.27582,29.36187],[-96.2752,29.3595],[-96.27256,29.35712],[-96.26678,29.35561],[-96.2628,29.35641],[-96.25934,29.35999],[-96.25748,29.36081],[-96.25465,29.36054],[-96.25391,29.35927],[-96.25541,29.35696],[-96.25449,29.35159],[-96.25488,29.34992],[-96.25616,29.34882],[-96.26094,29.34825],[-96.26248,29.34717],[-96.26699,29.34246],[-96.26843,29.3393],[-96.26777,29.33649],[-96.2651,29.33255],[-96.25983,29.33155],[-96.25479,29.33258],[-96.24742,29.33648],[-96.24313,29.34102],[-96.23524,29.34422],[-96.22946,29.34404],[-96.21608,29.34868],[-96.20349,29.34964],[-96.20005,29.34719],[-96.19952,29.34342],[-96.20038,29.34008],[-96.1975,29.33591],[-96.19085,29.3346],[-96.183,29.32811],[-96.18369,29.3218],[-96.18301,29.3198],[-96.17941,29.31634],[-96.1562,29.31669],[-96.1502,29.3196],[-96.14754,29.31969],[-96.1431,29.31572],[-96.14268,29.31099],[-96.14376,29.30702],[-96.14145,29.30505],[-96.13856,29.30503],[-96.13217,29.30813],[-96.12777,29.3137],[-96.12241,29.31302],[-96.11976,29.314],[-96.11472,29.31153],[-96.11455,29.30874],[-96.12259,29.30827],[-96.12327,29.30661],[-96.12167,29.30555],[-96.11106,29.30511],[-96.10798,29.30616],[-96.10628,29.309],[-96.09909,29.30746],[-96.098,29.304],[-96.09947,29.29904],[-96.09879,29.29766],[-96.09561,29.29564],[-96.0923,29.29012],[-96.09236,29.28615],[-96.0938,29.27798],[-96.09511,29.27666],[-96.10406,29.27353],[-96.10559,29.26834],[-96.10453,29.2671],[-96.10062,29.26621],[-96.10013,29.26483],[-96.10263,29.26057],[-96.10785,29.25615],[-96.10785,29.25426],[-96.10657,29.25209],[-96.10894,29.24818],[-96.10854,29.2435],[-96.10518,29.24012],[-96.09951,29.24],[-96.09889,29.23897],[-96.097,29.22197],[-96.09367,29.21468],[-96.09429,29.20897],[-96.0929,29.20576],[-96.08294,29.19811],[-96.07907,29.19411],[-96.07174,29.19259],[-96.07049,29.19126],[-96.07035,29.1878],[-96.06862,29.18628],[-96.06448,29.18555],[-96.06351,29.18428],[-96.06399,29.18033],[-96.0653,29.17741],[-96.06861,29.17334],[-96.06799,29.17249],[-96.06509,29.17201],[-96.05431,29.17505],[-96.04643,29.17214],[-96.04588,29.17117],[-96.04608,29.16977],[-96.04754,29.16831],[-96.04774,29.16631],[-96.04332,29.16394],[-96.04256,29.16255],[-96.04297,29.15884],[-96.04539,29.15574],[-96.04656,29.14864],[-96.04503,29.14372],[-96.04607,29.14025],[-96.04358,29.13558],[-96.04365,29.1309],[-96.04613,29.12252],[-96.05179,29.11845],[-96.05054,29.11644],[-96.04723,29.11626],[-96.04516,29.11492],[-96.03783,29.10557],[-96.03749,29.10357],[-96.03818,29.10235],[-96.04225,29.10211],[-96.04377,29.10059],[-96.03769,29.09713],[-96.03617,29.09513],[-96.03589,29.09112],[-96.03085,29.0882],[-96.03009,29.08638],[-96.03175,29.08352],[-96.03085,29.08067],[-96.02395,29.07466],[-96.02056,29.0746],[-96.01704,29.07618],[-96.01553,29.0749],[-96.01622,29.07278],[-96.02153,29.0667],[-96.02118,29.06567],[-96.01725,29.06433],[-96.01711,29.06336],[-96.02215,29.06099],[-96.02332,29.05953],[-96.02256,29.05765],[-96.01352,29.0551],[-96.01311,29.05309],[-96.01642,29.04999],[-96.01994,29.0438],[-96.02421,29.04137],[-96.02483,29.03821],[-96.024,29.0365],[-96.02187,29.03505],[-96.01531,29.03389],[-96.01296,29.02508],[-96.01476,29.02271],[-96.02152,29.02211],[-96.02221,29.02101],[-96.0209,29.01974],[-96.00931,29.01719],[-96.00813,29.01609],[-96.00751,29.01093],[-96.00324,29.00704],[-96.00117,29.00026],[-96.00197,28.99248],[-96.00024,28.98924],[-96.00146,28.98145],[-96.00642,28.98182],[-96.01056,28.98032],[-96.01212,28.97839],[-96.01234,28.97654],[-96.01097,28.97167],[-96.01148,28.97046],[-96.017,28.96608],[-96.01458,28.96017],[-96.01645,28.95558],[-96.01349,28.94968],[-96.01571,28.94347],[-96.0114,28.941],[-96.01022,28.93946],[-96.0122,28.93207],[-96.01138,28.92708],[-96.01631,28.9216],[-96.01502,28.91731],[-96.01701,28.91049],[-96.02513,28.90599],[-96.02666,28.90082],[-96.02859,28.89979],[-96.03309,28.89495],[-96.03185,28.88954],[-96.03647,28.88604],[-96.03676,28.88389],[-96.03579,28.88098],[-96.03993,28.87171],[-96.03641,28.8676],[-96.03442,28.86149],[-96.0301,28.85809],[-96.02976,28.85403],[-96.02457,28.84877],[-96.02495,28.84354],[-96.01813,28.83846],[-96.01628,28.83104],[-96.01499,28.8291],[-96.01081,28.82604],[-96.0099,28.82113],[-96.00437,28.81859],[-95.99909,28.81321],[-95.99741,28.81021],[-95.99735,28.80764],[-96.00128,28.80291],[-96.00174,28.8011],[-95.99662,28.7895],[-95.99069,28.78476],[-95.9904,28.78359],[-96.00218,28.76934],[-96.0023,28.76346],[-95.99783,28.75712],[-95.99962,28.74894],[-95.99896,28.745],[-95.99192,28.74146],[-95.98669,28.74127],[-95.98251,28.74218],[-95.97693,28.74027],[-95.97399,28.73799],[-95.97222,28.73313],[-95.97214,28.72123],[-95.97715,28.71623],[-95.97598,28.71275],[-95.97783,28.70804],[-95.97657,28.69929],[-95.98041,28.69329],[-95.9763,28.68874],[-95.97729,28.67],[-95.97904,28.66339],[-95.98529,28.65488]]},"properties":{"region":"austin","name":"Colorado River"}},{"type":"Feature","geometry":{"type":"LineString","coordinates":[[-98.19811,30.53518],[-98.19501,30.53511],[-98.19129,30.53846],[-98.18766,30.53929]]},"properties":{"region":"austin","name":"Colorado River"}},{"type":"Feature","geometry":{"type":"LineString","coordinates":[[-98.21669,30.56909],[-98.21262,30.57005],[-98.19386,30.56324],[-98.18895,30.56019],[-98.1868,30.55632],[-98.18611,30.55256],[-98.18843,30.54608],[-98.18766,30.53929]]},"properties":{"region":"austin","name":"Colorado River"}},{"type":"Feature","geometry":{"type":"LineString","coordinates":[[-97.91717,30.48979],[-97.92097,30.4859],[-97.91795,30.48167],[-97.9171,30.47639],[-97.91111,30.47044],[-97.91073,30.46654],[-97.9123,30.46513],[-97.91868,30.463],[-97.922,30.46105],[-97.92514,30.45797],[-97.92592,30.45405],[-97.92583,30.45014],[-97.92306,30.44414],[-97.91785,30.43982],[-97.91812,30.43276]]},"properties":{"region":"austin","name":"Colorado River"}},{"type":"Feature","geometry":{"type":"LineString","coordinates":[[-97.91812,30.43276],[-97.91152,30.42518],[-97.90877,30.41993],[-97.90868,30.41615],[-97.90647,30.409],[-97.89784,30.40184],[-97.89772,30.3968],[-97.90216,30.39307],[-97.90716,30.39231]]},"properties":{"region":"austin","name":"Colorado River"}},{"type":"Feature","geometry":{"type":"LineString","coordinates":[[-98.0131,30.48199],[-98.00897,30.48055],[-98.00703,30.47895],[-98.00399,30.47421],[-97.99873,30.46221],[-97.99963,30.45715],[-98.00276,30.45356],[-98.00621,30.45148],[-98.01291,30.45073],[-98.01775,30.4456],[-98.0302,30.43516],[-98.03572,30.42812],[-98.03682,30.4194],[-98.03442,30.41693],[-98.03162,30.41572],[-98.01844,30.41407],[-97.99915,30.41366],[-97.99538,30.41461],[-97.98983,30.41472],[-97.98447,30.4104],[-97.98409,30.40675],[-97.98878,30.4015],[-98.00435,30.3934],[-98.01576,30.38222],[-98.01621,30.37679],[-98.01249,30.37383],[-97.9966,30.37488],[-97.98994,30.37702],[-97.98421,30.38128],[-97.97509,30.39077],[-97.96788,30.39431],[-97.95972,30.39508],[-97.95737,30.39437],[-97.94891,30.39452],[-97.94542,30.39509],[-97.94297,30.39639],[-97.93968,30.39947],[-97.93964,30.40414],[-97.9437,30.40886],[-97.94526,30.41312],[-97.94914,30.41645],[-97.95246,30.42106],[-97.95306,30.42785],[-97.95138,30.43116],[-97.94579,30.43567],[-97.94031,30.43829],[-97.93389,30.43866],[-97.92625,30.43677],[-97.92021,30.43448],[-97.91812,30.43276]]},"properties":{"region":"austin","name":"Colorado River"}},{"type":"Feature","geometry":{"type":"LineString","coordinates":[[-97.76123,30.26756],[-97.74418,30.26115],[-97.74188,30.25911],[-97.74084,30.25465],[-97.73919,30.25265],[-97.7382,30.24967],[-97.73297,30.25018],[-97.72492,30.24619],[-97.71795,30.24744],[-97.71495,30.25026],[-97.70388,30.25043],[-97.70154,30.24984],[-97.69974,30.24722],[-97.69635,30.24538],[-97.68427,30.24607],[-97.67371,30.25014],[-97.66902,30.25589],[-97.66213,30.26069],[-97.64789,30.26302],[-97.64556,30.26318],[-97.64248,30.26221],[-97.64174,30.26159],[-97.64124,30.25857],[-97.63917,30.25709],[-97.63317,30.25592],[-97.62749,30.25626],[-97.626,30.25426],[-97.62592,30.2501],[-97.62759,30.24629],[-97.63086,30.24221],[-97.63647,30.23872],[-97.6462,30.23694],[-97.65199,30.23496],[-97.6584,30.22767],[-97.65773,30.22339],[-97.65621,30.22039],[-97.64847,30.21231],[-97.64435,30.20985],[-97.63907,30.20816],[-97.63192,30.20776],[-97.62527,30.21001],[-97.61982,30.21023],[-97.61471,30.21369],[-97.60945,30.21289],[-97.60519,30.2185],[-97.6036,30.2266],[-97.59548,30.22861],[-97.59223,30.226],[-97.59218,30.22386],[-97.59589,30.21977],[-97.59524,30.20856],[-97.59317,30.20682],[-97.58774,30.20612],[-97.57697,30.21434],[-97.56868,30.21289],[-97.56269,30.21054],[-97.56041,30.20786],[-97.55777,30.20746],[-97.55465,30.20858],[-97.54763,30.21719],[-97.54265,30.2204],[-97.54187,30.22668],[-97.53871,30.22568],[-97.5369,30.22145],[-97.52834,30.21895],[-97.52506,30.22004],[-97.52375,30.22145],[-97.52332,30.22455],[-97.52414,30.22585],[-97.52402,30.22761],[-97.51843,30.22929],[-97.51698,30.228],[-97.51601,30.21877],[-97.5131,30.21095],[-97.5136,30.20753],[-97.51646,30.2054],[-97.51788,30.20527],[-97.52042,30.20714],[-97.52251,30.20756],[-97.52664,30.20664],[-97.52869,30.20515],[-97.52862,30.20384],[-97.52491,30.19955],[-97.52268,30.19824],[-97.52107,30.19785],[-97.51377,30.19915],[-97.50472,30.20732],[-97.50201,30.2084],[-97.49778,30.20865],[-97.49146,30.21285],[-97.48373,30.20596],[-97.48539,30.20249],[-97.48831,30.20115],[-97.48874,30.19968],[-97.48546,30.19469],[-97.48483,30.18914],[-97.47484,30.18508],[-97.47205,30.18314],[-97.46957,30.18264],[-97.46498,30.18416],[-97.46126,30.18193],[-97.45703,30.18221],[-97.43227,30.19053],[-97.4257,30.18966],[-97.42342,30.18812],[-97.42272,30.1861],[-97.42413,30.18275],[-97.43275,30.1765],[-97.43581,30.17336],[-97.43991,30.16604],[-97.44423,30.16202],[-97.45302,30.15123],[-97.45283,30.14992],[-97.44551,30.14384],[-97.44163,30.14217],[-97.43982,30.14235],[-97.43398,30.14549],[-97.42913,30.15196],[-97.4218,30.15774],[-97.41742,30.15933],[-97.40999,30.15939],[-97.40802,30.1602],[-97.40698,30.16396],[-97.39769,30.1713],[-97.39651,30.17592],[-97.39706,30.17756],[-97.40059,30.17969],[-97.40192,30.18173],[-97.40205,30.18382],[-97.40079,30.18616],[-97.39757,30.18721],[-97.39346,30.18708],[-97.38659,30.18215],[-97.38216,30.1834],[-97.37813,30.18256],[-97.37777,30.18155],[-97.38485,30.16566],[-97.38316,30.16295],[-97.37618,30.16128],[-97.36241,30.16246],[-97.35549,30.16435],[-97.34889,30.16776],[-97.34755,30.16478],[-97.34568,30.15631],[-97.34607,30.15394],[-97.34788,30.15066],[-97.35156,30.14725],[-97.35908,30.14742],[-97.36409,30.15005],[-97.36695,30.15331],[-97.36886,30.15407],[-97.37213,30.1534],[-97.37348,30.15136],[-97.37369,30.14836],[-97.37278,30.1456],[-97.36665,30.14317],[-97.36223,30.13709],[-97.36116,30.13467],[-97.36132,30.12967],[-97.36039,30.12794],[-97.35644,30.12384],[-97.35129,30.12103],[-97.34022,30.12224],[-97.33129,30.11778],[-97.32953,30.11356],[-97.32744,30.11173],[-97.32331,30.1104],[-97.31974,30.1048],[-97.31954,30.10252],[-97.32116,30.09901],[-97.32464,30.09653],[-97.33906,30.09305],[-97.34511,30.09357],[-97.3477,30.09156],[-97.3494,30.08915],[-97.34955,30.08559],[-97.34878,30.07982],[-97.34713,30.07745],[-97.34442,30.07608],[-97.34072,30.07619],[-97.32976,30.08058],[-97.32078,30.08102],[-97.31572,30.07971],[-97.31179,30.07375],[-97.29986,30.0699],[-97.29273,30.0642],[-97.28869,30.06465],[-97.28629,30.06597],[-97.28259,30.07174],[-97.28094,30.07265],[-97.27383,30.06985],[-97.26949,30.06654],[-97.26748,30.06091],[-97.26713,30.05745],[-97.27214,30.05242],[-97.27468,30.04902],[-97.27486,30.04752],[-97.28002,30.04104],[-97.28172,30.02616],[-97.27647,30.02499],[-97.2749,30.02312],[-97.27216,30.02272],[-97.26411,30.02282],[-97.25746,30.02657],[-97.24578,30.02617],[-97.24555,30.0191],[-97.24879,30.01102],[-97.24656,30.01133],[-97.24229,30.01375],[-97.23537,30.01507],[-97.23299,30.01726],[-97.23205,30.01956],[-97.2332,30.02543],[-97.22952,30.02743],[-97.22656,30.02775],[-97.21768,30.0262],[-97.21362,30.02299],[-97.21016,30.02368],[-97.2039,30.03022],[-97.20211,30.03395],[-97.20247,30.03807],[-97.20482,30.04666],[-97.20489,30.04916],[-97.20353,30.05124],[-97.19997,30.05018],[-97.19314,30.04457],[-97.18967,30.04074],[-97.18596,30.03253],[-97.17981,30.02648],[-97.1717,30.02371],[-97.16923,30.02209],[-97.16813,30.01718],[-97.16608,30.01415],[-97.15897,30.01143],[-97.15656,30.01373],[-97.1486,30.01467],[-97.14405,30.01847],[-97.13467,30.02431],[-97.12988,30.02937],[-97.12605,30.0313],[-97.12324,30.03418],[-97.11508,30.03504],[-97.10707,30.02957],[-97.09908,30.02794],[-97.09739,30.02655],[-97.09473,30.01915],[-97.09321,30.00705],[-97.08688,29.99698],[-97.08616,29.99088],[-97.08205,29.98607],[-97.07666,29.97762],[-97.07047,29.97055],[-97.07023,29.9674],[-97.0719,29.96244],[-97.0714,29.9603],[-97.06054,29.95941],[-97.05716,29.96021],[-97.04867,29.9652],[-97.04453,29.97219],[-97.04668,29.98291],[-97.0462,29.98448],[-97.04368,29.98609],[-97.03828,29.98363],[-97.03036,29.98228],[-97.02101,29.97585],[-97.02063,29.97351],[-97.02256,29.96852],[-97.02443,29.96553],[-97.02664,29.96501],[-97.02684,29.96289],[-97.02503,29.96001],[-97.02231,29.95923],[-97.01589,29.95963],[-97.01137,29.95873],[-97.0092,29.95929],[-97.00716,29.96109],[-97.00432,29.96697],[-97.00026,29.96993],[-96.99671,29.97097],[-96.99468,29.97099],[-96.99045,29.96872],[-96.9885,29.96898],[-96.98525,29.97235],[-96.9848,29.97588],[-96.98664,29.97751],[-96.98658,29.97854],[-96.98222,29.98217],[-96.97566,29.9838],[-96.96944,29.98489],[-96.96741,29.98424],[-96.96625,29.98109],[-96.96594,29.97848],[-96.97096,29.96494],[-96.97079,29.96275],[-96.96833,29.96168],[-96.95209,29.96632],[-96.94676,29.97148],[-96.94693,29.97433],[-96.94327,29.97844],[-96.9367,29.97904],[-96.93234,29.97707],[-96.92529,29.97835],[-96.92367,29.97769],[-96.92194,29.97309],[-96.92095,29.9723],[-96.91073,29.96959],[-96.91029,29.96647],[-96.92066,29.95557],[-96.92597,29.94635],[-96.9243,29.93583],[-96.9217,29.93212],[-96.91814,29.92983],[-96.91286,29.92946],[-96.91025,29.93172],[-96.90961,29.93531],[-96.91041,29.93989],[-96.90761,29.9435],[-96.90234,29.94478],[-96.89422,29.94438],[-96.8911,29.94358],[-96.88687,29.94073],[-96.88603,29.93791],[-96.88973,29.93006],[-96.88965,29.92847],[-96.89607,29.92225],[-96.89788,29.91597],[-96.89444,29.90994],[-96.88956,29.9075],[-96.88669,29.89795],[-96.88035,29.89107],[-96.87888,29.89096],[-96.8742,29.89424],[-96.86517,29.89804],[-96.83205,29.89793],[-96.81687,29.89101],[-96.80987,29.88012],[-96.80718,29.87781],[-96.78748,29.86848],[-96.77785,29.86818],[-96.77179,29.86663],[-96.77059,29.86572],[-96.77049,29.86285],[-96.77596,29.85394],[-96.77902,29.85068],[-96.78461,29.84807],[-96.78974,29.8481],[-96.79639,29.84456],[-96.79726,29.84101],[-96.79595,29.83588],[-96.77673,29.83119],[-96.76304,29.83263],[-96.75903,29.83192],[-96.75766,29.82844],[-96.75834,29.82557],[-96.76118,29.82139],[-96.76093,29.81686],[-96.75964,29.81449],[-96.7615,29.81178],[-96.76143,29.80989],[-96.75998,29.80531],[-96.7573,29.80447],[-96.75254,29.80591],[-96.74707,29.81402],[-96.74336,29.81576],[-96.74146,29.81541],[-96.74046,29.81394],[-96.74069,29.80801],[-96.73764,29.8046],[-96.736,29.80137],[-96.72984,29.79609],[-96.72799,29.79286],[-96.72797,29.79109],[-96.72477,29.78671],[-96.72439,29.78341],[-96.72807,29.77855],[-96.72827,29.77671],[-96.72769,29.77494],[-96.72394,29.77228],[-96.72057,29.77169],[-96.71155,29.77603],[-96.6965,29.78053],[-96.69481,29.78054],[-96.68797,29.77757],[-96.67844,29.77836],[-96.67542,29.77786],[-96.67289,29.77628],[-96.67135,29.76944],[-96.66955,29.76646],[-96.66889,29.76336],[-96.67364,29.75905],[-96.67959,29.75596],[-96.68081,29.7541],[-96.68117,29.75035],[-96.68026,29.74747],[-96.67742,29.74409],[-96.66271,29.73354],[-96.65597,29.72372],[-96.65153,29.71871],[-96.64613,29.71685],[-96.6413,29.71696],[-96.64022,29.71804],[-96.63887,29.72287],[-96.63632,29.72556],[-96.63386,29.72626],[-96.617,29.72339],[-96.60219,29.72416],[-96.59362,29.72098],[-96.56392,29.71773],[-96.55591,29.71575],[-96.54989,29.71244],[-96.54493,29.71309],[-96.54075,29.71664],[-96.53944,29.71979],[-96.53947,29.72384],[-96.54157,29.72853],[-96.54094,29.73017],[-96.53927,29.73151],[-96.53026,29.73663],[-96.52657,29.7376],[-96.5229,29.73676],[-96.51998,29.73466],[-96.51648,29.72809],[-96.51552,29.72516],[-96.51605,29.72331],[-96.51817,29.72145],[-96.52378,29.7197],[-96.5318,29.72267],[-96.53343,29.72185],[-96.53369,29.7159],[-96.5312,29.70989],[-96.53158,29.70901],[-96.53472,29.70957],[-96.53706,29.70327],[-96.5365,29.70021],[-96.53031,29.69374],[-96.52495,29.69308],[-96.52099,29.6909],[-96.52076,29.68604],[-96.52379,29.68111],[-96.52372,29.67883],[-96.5211,29.67764],[-96.51695,29.67766],[-96.51203,29.68026],[-96.50841,29.68553],[-96.50678,29.69342],[-96.5032,29.69985],[-96.48817,29.70182],[-96.48664,29.70054],[-96.48181,29.69029],[-96.4786,29.6858],[-96.46844,29.67471],[-96.46365,29.67271],[-96.45767,29.672],[-96.45262,29.66892],[-96.45152,29.66724],[-96.45111,29.66315],[-96.44899,29.65769],[-96.44773,29.6502],[-96.44614,29.64737],[-96.43354,29.63592],[-96.42705,29.62117],[-96.42429,29.61998],[-96.41911,29.61965],[-96.41702,29.61746],[-96.41716,29.6157],[-96.41814,29.6147],[-96.42381,29.61326],[-96.42985,29.60919],[-96.43647,29.61093],[-96.439,29.61389],[-96.44093,29.6144],[-96.44728,29.61295],[-96.4522,29.60996],[-96.45416,29.60775],[-96.45644,29.60184],[-96.45643,29.59861],[-96.45122,29.59351],[-96.449,29.59265],[-96.43504,29.59249],[-96.42719,29.59076],[-96.4208,29.58525],[-96.41489,29.57787],[-96.40635,29.57361],[-96.40006,29.56665],[-96.39941,29.56407],[-96.40197,29.55665],[-96.39785,29.54545],[-96.39809,29.54318],[-96.40006,29.53732],[-96.40596,29.5316],[-96.40403,29.52789],[-96.39707,29.52629],[-96.39609,29.52458],[-96.39647,29.52312],[-96.39827,29.52149],[-96.40169,29.51968],[-96.40638,29.51885],[-96.40827,29.51431],[-96.4085,29.51093],[-96.40775,29.50845],[-96.40309,29.50483],[-96.3925,29.50102],[-96.39115,29.49795],[-96.39193,29.49354],[-96.38615,29.49154],[-96.37598,29.48328],[-96.37498,29.48161],[-96.37728,29.47806],[-96.38357,29.477],[-96.38555,29.47548],[-96.386,29.47369],[-96.38334,29.47004],[-96.38406,29.46801],[-96.39146,29.46515],[-96.3941,29.46328],[-96.39594,29.46061],[-96.39671,29.45429],[-96.39595,29.45242],[-96.39349,29.45058],[-96.38595,29.44984],[-96.37367,29.44559],[-96.37147,29.44338],[-96.37058,29.44092],[-96.37117,29.43502],[-96.36915,29.43288],[-96.36469,29.43412],[-96.36199,29.43896],[-96.35919,29.43874],[-96.35821,29.43613],[-96.35855,29.43245],[-96.3623,29.42891],[-96.36684,29.4269],[-96.36832,29.4236],[-96.3677,29.4223],[-96.36506,29.4207],[-96.36226,29.42048],[-96.35798,29.42164],[-96.35613,29.42119],[-96.35253,29.41675],[-96.34406,29.41125],[-96.34426,29.40926],[-96.34874,29.40395],[-96.34998,29.40375],[-96.35507,29.39975],[-96.36279,29.39727],[-96.36113,29.39452],[-96.35989,29.39376],[-96.35604,29.39376],[-96.35363,29.39225],[-96.35329,29.39006],[-96.34819,29.38743],[-96.34598,29.38777],[-96.34543,29.39415],[-96.34061,29.39455],[-96.33722,29.39916],[-96.326,29.39703],[-96.32494,29.39557],[-96.32559,29.39039],[-96.32265,29.38609],[-96.32229,29.38384],[-96.32507,29.38096],[-96.32129,29.37458],[-96.31978,29.37399],[-96.31315,29.37432],[-96.31115,29.37323],[-96.30786,29.3691],[-96.29712,29.36809],[-96.29099,29.36954],[-96.27391,29.36722],[-96.27339,29.36567],[-96.27582,29.36187],[-96.2752,29.3595],[-96.27256,29.35712],[-96.26678,29.35561],[-96.2628,29.35641],[-96.25934,29.35999],[-96.25748,29.36081],[-96.25465,29.36054],[-96.25391,29.35927],[-96.25541,29.35696],[-96.25449,29.35159],[-96.25488,29.34992],[-96.25616,29.34882],[-96.26094,29.34825],[-96.26248,29.34717],[-96.26699,29.34246],[-96.26843,29.3393],[-96.26777,29.33649],[-96.2651,29.33255],[-96.25983,29.33155],[-96.25479,29.33258],[-96.24742,29.33648],[-96.24313,29.34102],[-96.23524,29.34422],[-96.22946,29.34404],[-96.21608,29.34868],[-96.20349,29.34964],[-96.20005,29.34719],[-96.19952,29.34342],[-96.20038,29.34008],[-96.1975,29.33591],[-96.19085,29.3346],[-96.183,29.32811],[-96.18369,29.3218],[-96.18301,29.3198],[-96.17941,29.31634],[-96.1562,29.31669],[-96.1502,29.3196],[-96.14754,29.31969],[-96.1431,29.31572],[-96.14268,29.31099],[-96.14376,29.30702],[-96.14145,29.30505],[-96.13856,29.30503],[-96.13217,29.30813],[-96.12777,29.3137],[-96.12241,29.31302],[-96.11976,29.314],[-96.11472,29.31153],[-96.11455,29.30874],[-96.12259,29.30827],[-96.12327,29.30661],[-96.12167,29.30555],[-96.11106,29.30511],[-96.10798,29.30616],[-96.10628,29.309],[-96.09909,29.30746],[-96.098,29.304],[-96.09947,29.29904],[-96.09879,29.29766],[-96.09561,29.29564],[-96.0923,29.29012],[-96.09236,29.28615],[-96.0938,29.27798],[-96.09511,29.27666],[-96.10406,29.27353],[-96.10559,29.26834],[-96.10453,29.2671],[-96.10062,29.26621],[-96.10013,29.26483],[-96.10263,29.26057],[-96.10785,29.25615],[-96.10785,29.25426],[-96.10657,29.25209],[-96.10894,29.24818],[-96.10854,29.2435],[-96.10518,29.24012],[-96.09951,29.24],[-96.09889,29.23897],[-96.097,29.22197],[-96.09367,29.21468],[-96.09429,29.20897],[-96.0929,29.20576],[-96.08294,29.19811],[-96.07907,29.19411],[-96.07174,29.19259],[-96.07049,29.19126],[-96.07035,29.1878],[-96.06862,29.18628],[-96.06448,29.18555],[-96.06351,29.18428],[-96.06399,29.18033],[-96.0653,29.17741],[-96.06861,29.17334],[-96.06799,29.17249],[-96.06509,29.17201],[-96.05431,29.17505],[-96.04643,29.17214],[-96.04588,29.17117],[-96.04608,29.16977],[-96.04754,29.16831],[-96.04774,29.16631],[-96.04332,29.16394],[-96.04256,29.16255],[-96.04297,29.15884],[-96.04539,29.15574],[-96.04656,29.14864],[-96.04503,29.14372],[-96.04607,29.14025],[-96.04358,29.13558],[-96.04365,29.1309],[-96.04613,29.12252],[-96.05179,29.11845],[-96.05054,29.11644],[-96.04723,29.11626],[-96.04516,29.11492],[-96.03783,29.10557],[-96.03749,29.10357],[-96.03818,29.10235],[-96.04225,29.10211],[-96.04377,29.10059],[-96.03769,29.09713],[-96.03617,29.09513],[-96.03589,29.09112],[-96.03085,29.0882],[-96.03009,29.08638],[-96.03175,29.08352],[-96.03085,29.08067],[-96.02395,29.07466],[-96.02056,29.0746],[-96.01704,29.07618],[-96.01553,29.0749],[-96.01622,29.07278],[-96.02153,29.0667],[-96.02118,29.06567],[-96.01725,29.06433],[-96.01711,29.06336],[-96.02215,29.06099],[-96.02332,29.05953],[-96.02256,29.05765],[-96.01352,29.0551],[-96.01311,29.05309],[-96.01642,29.04999],[-96.01994,29.0438],[-96.02421,29.04137],[-96.02483,29.03821],[-96.024,29.0365],[-96.02187,29.03505],[-96.01531,29.03389],[-96.01296,29.02508],[-96.01476,29.02271],[-96.02152,29.02211],[-96.02221,29.02101],[-96.0209,29.01974],[-96.00931,29.01719],[-96.00813,29.01609],[-96.00751,29.01093],[-96.00324,29.00704],[-96.00117,29.00026],[-96.00197,28.99248],[-96.00024,28.98924],[-96.00146,28.98145],[-96.00642,28.98182],[-96.01056,28.98032],[-96.01212,28.97839],[-96.01234,28.97654],[-96.01097,28.97167],[-96.01148,28.97046],[-96.017,28.96608],[-96.01458,28.96017],[-96.01645,28.95558],[-96.01349,28.94968],[-96.01571,28.94347],[-96.0114,28.941],[-96.01022,28.93946],[-96.0122,28.93207],[-96.01138,28.92708],[-96.01631,28.9216],[-96.01502,28.91731],[-96.01701,28.91049],[-96.02513,28.90599],[-96.02666,28.90082],[-96.02859,28.89979],[-96.03309,28.89495],[-96.03185,28.88954],[-96.03647,28.88604],[-96.03676,28.88389],[-96.03579,28.88098],[-96.03993,28.87171],[-96.03641,28.8676],[-96.03442,28.86149],[-96.0301,28.85809],[-96.02976,28.85403],[-96.02457,28.84877],[-96.02495,28.84354],[-96.01813,28.83846],[-96.01628,28.83104],[-96.01499,28.8291],[-96.01081,28.82604],[-96.0099,28.82113],[-96.00437,28.81859],[-95.99909,28.81321],[-95.99741,28.81021],[-95.99735,28.80764],[-96.00128,28.80291],[-96.00174,28.8011],[-95.99662,28.7895],[-95.99069,28.78476],[-95.9904,28.78359],[-96.00218,28.76934],[-96.0023,28.76346],[-95.99783,28.75712],[-95.99962,28.74894],[-95.99896,28.745],[-95.99192,28.74146],[-95.98669,28.74127],[-95.98251,28.74218],[-95.97693,28.74027],[-95.97399,28.73799],[-95.97222,28.73313],[-95.97214,28.72123],[-95.97715,28.71623],[-95.97598,28.71275],[-95.97783,28.70804],[-95.97657,28.69929],[-95.98041,28.69329],[-95.9763,28.68874],[-95.97729,28.67],[-95.97904,28.66339],[-95.98529,28.65488]]},"properties":{"region":"bastrop","name":"Colorado River"}},{"type":"Feature","geometry":{"type":"LineString","coordinates":[[-98.79484,32.38896],[-98.79168,32.38642],[-98.7832,32.38813],[-98.7818,32.38499],[-98.78438,32.38298],[-98.78435,32.38223],[-98.78222,32.38102],[-98.77729,32.3814],[-98.77575,32.38018],[-98.77417,32.37783],[-98.77412,32.3762],[-98.77584,32.37415],[-98.77605,32.3715],[-98.77436,32.37041],[-98.76869,32.37159],[-98.76509,32.3743],[-98.76034,32.3745],[-98.75813,32.37157],[-98.75195,32.36872],[-98.75205,32.37423],[-98.75049,32.37678],[-98.74572,32.37727],[-98.74315,32.37645],[-98.74221,32.37509],[-98.74473,32.37447],[-98.746,32.37224],[-98.74597,32.37136],[-98.7443,32.37052]]},"properties":{"region":"crossTimbers","name":"Leon River"}},{"type":"Feature","geometry":{"type":"LineString","coordinates":[[-98.7443,32.37052],[-98.73877,32.37078],[-98.73708,32.36956],[-98.73635,32.36581],[-98.72841,32.36123],[-98.72232,32.36238],[-98.7134,32.3685],[-98.70276,32.368],[-98.69938,32.36532],[-98.69668,32.36073],[-98.69254,32.35769],[-98.68835,32.35767],[-98.68588,32.35986],[-98.68466,32.36366],[-98.68321,32.36507],[-98.68081,32.36488],[-98.67582,32.36284]]},"properties":{"region":"crossTimbers","name":"Leon River"}},{"type":"Feature","geometry":{"type":"LineString","coordinates":[[-99.22547,30.28289],[-99.22372,30.27916],[-99.22066,30.27689],[-99.21261,30.2782],[-99.20938,30.27289],[-99.20922,30.26924],[-99.2061,30.26736],[-99.19876,30.26558],[-99.18983,30.26481],[-99.18402,30.26224],[-99.17893,30.2649],[-99.17235,30.26495],[-99.17111,30.26291],[-99.17354,30.26147],[-99.17422,30.25904],[-99.16878,30.25473],[-99.1691,30.25159],[-99.16662,30.24984],[-99.16234,30.25074],[-99.15664,30.24906],[-99.15062,30.24945],[-99.14322,30.24806],[-99.13887,30.24838],[-99.13773,30.24732],[-99.13654,30.24162],[-99.13475,30.24137],[-99.12532,30.24325],[-99.11965,30.23972],[-99.11305,30.24276],[-99.10906,30.24668],[-99.10436,30.24721],[-99.10249,30.24675],[-99.10204,30.24574],[-99.10558,30.2407],[-99.10478,30.239],[-99.10257,30.23772],[-99.09887,30.23781],[-99.09341,30.23935],[-99.08667,30.24306],[-99.0829,30.24285],[-99.08137,30.24131],[-99.07326,30.24035],[-99.07226,30.24236],[-99.0707,30.24294],[-99.06851,30.23959],[-99.06756,30.23592],[-99.05991,30.23399],[-99.06094,30.22902],[-99.06047,30.22723],[-99.0577,30.22684],[-99.05199,30.22876],[-99.04571,30.22862],[-99.04175,30.22605],[-99.04004,30.22617],[-99.02807,30.21263],[-99.02625,30.2127],[-99.02458,30.21437],[-99.0216,30.21449],[-99.01796,30.2129],[-99.01551,30.20903],[-99.01008,30.20753],[-99.00487,30.20936],[-99.0025,30.20933],[-99.00032,30.20823],[-98.98898,30.20948],[-98.98685,30.21008],[-98.98495,30.21203],[-98.98352,30.21205],[-98.98125,30.20999],[-98.97786,30.20459],[-98.97551,30.2057],[-98.97291,30.2045],[-98.96823,30.20565],[-98.96106,30.20406],[-98.95632,30.20587],[-98.95082,30.20635],[-98.94276,30.20915],[-98.93861,30.2117],[-98.93469,30.21273],[-98.93209,30.21846],[-98.93314,30.22239],[-98.93135,30.22271],[-98.91998,30.22091],[-98.91187,30.21794],[-98.90976,30.21922],[-98.90791,30.2222],[-98.90559,30.22271],[-98.90116,30.22174],[-98.89963,30.22002],[-98.8953,30.21844],[-98.88751,30.21874],[-98.88308,30.22083],[-98.86691,30.22009],[-98.86571,30.21822],[-98.86209,30.22259],[-98.85655,30.22351],[-98.85212,30.22145],[-98.84969,30.21847],[-98.84478,30.21979],[-98.84143,30.22202],[-98.84092,30.2241],[-98.84245,30.22761],[-98.83976,30.23112],[-98.83717,30.2307],[-98.83308,30.22866],[-98.83224,30.226],[-98.83295,30.223],[-98.83256,30.22041],[-98.82886,30.21773],[-98.82675,30.21727],[-98.82395,30.22309],[-98.81926,30.22437],[-98.81778,30.22957],[-98.82041,30.23086],[-98.82118,30.23228],[-98.82086,30.23354],[-98.81761,30.23342],[-98.81471,30.23095],[-98.81265,30.23049],[-98.80732,30.23087],[-98.80491,30.23316],[-98.80473,30.23805],[-98.80591,30.2408],[-98.80475,30.24217],[-98.80179,30.24316],[-98.80103,30.24284],[-98.79929,30.23814],[-98.79496,30.23586],[-98.79301,30.23611],[-98.7873,30.23987],[-98.78516,30.23943],[-98.78282,30.23654],[-98.77973,30.23592],[-98.77635,30.23638],[-98.77265,30.2386],[-98.7689,30.2394],[-98.76159,30.23836],[-98.74974,30.23008],[-98.74378,30.22379],[-98.73912,30.22485],[-98.73237,30.23021],[-98.72052,30.23342],[-98.71218,30.23263],[-98.70756,30.22724],[-98.70354,30.22638],[-98.69709,30.24013],[-98.69527,30.24153],[-98.69315,30.24167],[-98.69204,30.24078],[-98.69191,30.23326],[-98.69133,30.23211],[-98.69001,30.23193],[-98.68401,30.23264],[-98.68195,30.23166],[-98.67797,30.23582],[-98.67441,30.23816],[-98.66657,30.23888],[-98.6624,30.24287],[-98.66031,30.24354],[-98.6567,30.24292],[-98.65081,30.23811],[-98.63637,30.23811],[-98.62879,30.24045],[-98.62425,30.23965],[-98.61844,30.2374],[-98.61279,30.23719],[-98.61013,30.23838],[-98.60617,30.24251],[-98.59268,30.24652],[-98.58454,30.24649],[-98.58093,30.24858],[-98.57903,30.25102],[-98.57645,30.25714],[-98.57672,30.26091],[-98.57535,30.26385],[-98.57178,30.26607],[-98.56655,30.26783],[-98.55924,30.27249],[-98.54471,30.27223],[-98.52711,30.26875],[-98.52303,30.26897],[-98.51615,30.27266],[-98.51037,30.27456],[-98.50345,30.28165],[-98.50074,30.28865],[-98.50127,30.29154],[-98.50622,30.30076],[-98.50714,30.30717],[-98.5006,30.31754],[-98.49261,30.3211],[-98.48735,30.31821],[-98.48639,30.31546],[-98.48171,30.31519],[-98.47779,30.31578],[-98.47372,30.32092],[-98.46897,30.32317],[-98.45747,30.32381],[-98.44925,30.3221],[-98.4437,30.32209],[-98.43589,30.31937],[-98.43202,30.31668],[-98.42219,30.30492],[-98.40678,30.29668],[-98.39362,30.28536],[-98.39082,30.28429],[-98.38835,30.28447],[-98.37954,30.28756],[-98.36856,30.28099],[-98.36666,30.2809],[-98.36468,30.28284],[-98.36501,30.28914],[-98.36277,30.29763],[-98.36576,30.29997],[-98.37486,30.30216],[-98.37816,30.30537],[-98.37768,30.30904],[-98.37384,30.31228],[-98.35909,30.31676],[-98.35268,30.31702],[-98.34858,30.31635],[-98.34176,30.31246],[-98.33951,30.31024],[-98.33857,30.30294],[-98.33929,30.29233],[-98.33774,30.28896],[-98.3379,30.2839],[-98.33556,30.27917],[-98.33331,30.27695],[-98.32892,30.27629],[-98.32704,30.27683],[-98.3189,30.28293],[-98.31481,30.28781],[-98.31499,30.29424],[-98.31645,30.2995],[-98.31462,30.30168],[-98.31,30.3033],[-98.30028,30.30268],[-98.28923,30.31155],[-98.28606,30.31313],[-98.28039,30.31375],[-98.27232,30.32262],[-98.2716,30.32654],[-98.2638,30.33629],[-98.26051,30.33863],[-98.2554,30.33973],[-98.25025,30.33743],[-98.24549,30.3326],[-98.24601,30.32373],[-98.24511,30.32256],[-98.24273,30.32208],[-98.23689,30.32424],[-98.23502,30.32422],[-98.23375,30.32367],[-98.2329,30.32186],[-98.23669,30.31278],[-98.23836,30.31143],[-98.24509,30.30936],[-98.24599,30.30833],[-98.24562,30.30629],[-98.24159,30.30168],[-98.23668,30.29777],[-98.22801,30.29766],[-98.22516,30.29853],[-98.22332,30.30209],[-98.22356,30.30546],[-98.21828,30.31064],[-98.21411,30.31252],[-98.20703,30.31069],[-98.20425,30.31248],[-98.20352,30.31507],[-98.20954,30.31922],[-98.21047,30.32052],[-98.21111,30.32463],[-98.20863,30.32926],[-98.20622,30.3316],[-98.1983,30.33504],[-98.19666,30.33655],[-98.19635,30.33864],[-98.19833,30.34611],[-98.19562,30.34989],[-98.19139,30.3498],[-98.18602,30.34738],[-98.18419,30.3379],[-98.18264,30.3344],[-98.1787,30.32893],[-98.17647,30.32746],[-98.15535,30.33418],[-98.14075,30.33346],[-98.13917,30.3345],[-98.13765,30.35086],[-98.13502,30.35463],[-98.12971,30.35801],[-98.12659,30.36135],[-98.12648,30.36286],[-98.13156,30.36755],[-98.1312,30.37021],[-98.12578,30.37511],[-98.11405,30.37874],[-98.10945,30.3816],[-98.10897,30.38577],[-98.1112,30.39087],[-98.11128,30.39352],[-98.10981,30.40113],[-98.10881,30.40229],[-98.10618,30.40196],[-98.09918,30.3968],[-98.0924,30.39403],[-98.08987,30.39206],[-98.089,30.39012],[-98.07799,30.38989],[-98.0761,30.3903],[-98.07294,30.3925],[-98.06772,30.39941],[-98.06776,30.4013],[-98.07007,30.40605],[-98.07416,30.41165],[-98.07683,30.4195],[-98.08892,30.42372],[-98.09056,30.42508],[-98.09151,30.42783],[-98.09204,30.43148],[-98.08543,30.43589],[-98.08359,30.43807],[-98.08471,30.44196],[-98.0874,30.44443],[-98.08734,30.4477],[-98.08634,30.44861],[-98.08385,30.44853],[-98.08149,30.44731],[-98.07731,30.44373],[-98.0755,30.44175],[-98.07177,30.43262],[-98.06847,30.4294],[-98.06248,30.42926],[-98.05929,30.43142]]},"properties":{"region":"hillCountry","name":"Pedernales River"}},{"type":"Feature","geometry":{"type":"LineString","coordinates":[[-98.41958,33.00013],[-98.42249,32.99954],[-98.42545,32.99784],[-98.42489,32.99434],[-98.42101,32.99216]]},"properties":{"region":"possumKingdom","name":"Brazos River"}},{"type":"Feature","geometry":{"type":"LineString","coordinates":[[-98.42101,32.99216],[-98.4137,32.9932],[-98.41138,32.99136],[-98.40742,32.98505],[-98.40634,32.97917],[-98.40158,32.97137],[-98.40164,32.96835],[-98.41046,32.96101],[-98.41404,32.95968],[-98.41668,32.95737]]},"properties":{"region":"possumKingdom","name":"Brazos River"}},{"type":"Feature","geometry":{"type":"LineString","coordinates":[[-98.61075,32.88508],[-98.61114,32.88983],[-98.60861,32.89089],[-98.60707,32.8898],[-98.60176,32.88866],[-98.59802,32.88473],[-98.5951,32.88304],[-98.58369,32.88405],[-98.58015,32.88175],[-98.57684,32.88182],[-98.56663,32.8872],[-98.56226,32.8873],[-98.55401,32.88347],[-98.55045,32.88053],[-98.54787,32.87984],[-98.54486,32.87991],[-98.54061,32.88339],[-98.53806,32.88395],[-98.53234,32.88395],[-98.52957,32.882]]},"properties":{"region":"possumKingdom","name":"Brazos River"}},{"type":"Feature","geometry":{"type":"LineString","coordinates":[[-98.55817,32.82499],[-98.5588,32.82662],[-98.55495,32.82847],[-98.55473,32.83111],[-98.5569,32.83784],[-98.5597,32.84054],[-98.56181,32.84526],[-98.5616,32.84803],[-98.55955,32.84983],[-98.55176,32.85113],[-98.54715,32.85287],[-98.54525,32.85454],[-98.54342,32.85847],[-98.54049,32.86105],[-98.53523,32.86117],[-98.53229,32.85885],[-98.52971,32.85828]]},"properties":{"region":"possumKingdom","name":"Brazos River"}},{"type":"Feature","geometry":{"type":"LineString","coordinates":[[-100.01013,33.26902],[-100.00707,33.27742],[-100.00664,33.28776],[-100.01356,33.3007],[-100.01742,33.30545],[-100.01709,33.30877],[-100.01211,33.32091],[-100.01284,33.32345],[-100.01549,33.32584],[-100.01742,33.32898],[-100.01753,33.33097],[-100.01682,33.33262],[-100.01174,33.33605],[-100.00061,33.34676],[-99.99796,33.35198],[-99.99762,33.36144],[-99.9955,33.36584],[-99.99651,33.37081],[-100.00223,33.38156],[-100.00711,33.38599],[-100.00796,33.38954],[-100.01068,33.393],[-100.01033,33.3941],[-100.00568,33.39728],[-99.98067,33.40723],[-99.9755,33.41293],[-99.97199,33.41857],[-99.96894,33.42119],[-99.96197,33.42444],[-99.958,33.42985],[-99.95582,33.42879],[-99.95257,33.42451],[-99.95011,33.42385],[-99.94588,33.42424],[-99.94011,33.41792],[-99.9351,33.41495],[-99.93055,33.41486],[-99.92253,33.41827],[-99.91111,33.42656],[-99.90885,33.4299],[-99.9024,33.44668],[-99.90008,33.45504],[-99.89651,33.45943],[-99.88841,33.46058],[-99.88035,33.46306],[-99.87537,33.46331],[-99.86936,33.46262],[-99.86381,33.46098],[-99.85788,33.46084],[-99.85692,33.46533],[-99.85834,33.47277],[-99.86288,33.48251],[-99.86198,33.4859],[-99.85419,33.4872],[-99.84831,33.4862],[-99.84189,33.48177],[-99.83713,33.47618],[-99.83527,33.47575],[-99.83021,33.47792],[-99.82718,33.48156],[-99.82496,33.49095],[-99.82569,33.49661],[-99.82481,33.49886],[-99.82194,33.50071],[-99.81191,33.50148],[-99.80622,33.50095],[-99.78801,33.49783],[-99.78091,33.4946],[-99.76551,33.49853],[-99.74891,33.50553],[-99.74358,33.50891],[-99.73571,33.51162],[-99.72485,33.51156],[-99.72302,33.51373],[-99.72426,33.51978],[-99.72298,33.52391],[-99.71995,33.52714],[-99.71418,33.5292],[-99.7187,33.53681],[-99.71835,33.53933],[-99.71602,33.54079],[-99.7111,33.54043],[-99.70979,33.54151],[-99.71039,33.54419],[-99.71239,33.54593],[-99.71978,33.54563],[-99.71863,33.54778],[-99.71191,33.55381],[-99.70794,33.5542],[-99.69808,33.54933],[-99.69059,33.54764],[-99.6806,33.54231],[-99.67034,33.5416],[-99.66454,33.54472],[-99.64982,33.55709],[-99.64846,33.55718],[-99.64145,33.55565],[-99.63699,33.5464],[-99.63439,33.54339],[-99.62714,33.54456],[-99.62295,33.54772],[-99.6177,33.55762],[-99.61598,33.57148],[-99.61381,33.57762],[-99.61201,33.57932],[-99.60215,33.58406],[-99.59,33.58188],[-99.5784,33.57317],[-99.57326,33.57058],[-99.57131,33.57078],[-99.56967,33.57193],[-99.56789,33.57486],[-99.56769,33.58088],[-99.56917,33.58714],[-99.56859,33.58842],[-99.56684,33.58929],[-99.56375,33.58897],[-99.55792,33.58617],[-99.552,33.59387],[-99.55115,33.59776],[-99.54942,33.60074],[-99.54863,33.60087],[-99.54649,33.60009],[-99.53905,33.59404],[-99.53561,33.58863],[-99.53274,33.57981],[-99.53208,33.56313],[-99.52275,33.55946],[-99.51298,33.55851],[-99.50677,33.56075],[-99.50211,33.56563],[-99.49953,33.57332],[-99.49907,33.57902],[-99.49719,33.58372],[-99.49399,33.58487],[-99.48723,33.58547],[-99.47794,33.58202],[-99.47441,33.57946],[-99.47334,33.57944],[-99.46845,33.5821],[-99.46506,33.58762],[-99.45825,33.59454],[-99.45108,33.59629],[-99.44637,33.59602],[-99.44122,33.59293],[-99.42911,33.57708],[-99.42654,33.57479],[-99.41882,33.57159],[-99.4157,33.57115],[-99.41411,33.57136],[-99.40902,33.57445],[-99.39791,33.58541],[-99.39323,33.58761],[-99.38852,33.58671],[-99.37662,33.58843],[-99.36961,33.58598],[-99.36214,33.58516],[-99.35201,33.58706],[-99.33624,33.58091],[-99.32847,33.58213],[-99.3168,33.5889],[-99.31352,33.58853],[-99.30589,33.58509],[-99.2905,33.58343],[-99.28705,33.58371],[-99.27804,33.58757],[-99.27213,33.58867],[-99.26997,33.58706],[-99.26787,33.58243],[-99.26738,33.5751],[-99.26599,33.57361],[-99.25811,33.57202],[-99.25108,33.57183],[-99.24588,33.56993],[-99.2465,33.56613],[-99.24986,33.56065],[-99.25564,33.55841],[-99.26295,33.55244],[-99.26553,33.54694],[-99.26738,33.53574],[-99.26941,33.53054],[-99.2668,33.5189],[-99.2653,33.51583],[-99.25918,33.50785],[-99.25366,33.50342],[-99.25375,33.50111],[-99.25548,33.49875],[-99.25601,33.49211],[-99.254,33.48344],[-99.25216,33.48207],[-99.24958,33.48198],[-99.22976,33.48472],[-99.22574,33.48039],[-99.21983,33.47712],[-99.21693,33.4728],[-99.21712,33.47112],[-99.21898,33.46869],[-99.2222,33.4664],[-99.22523,33.46557],[-99.23238,33.45725],[-99.232,33.45457],[-99.23016,33.45276],[-99.22647,33.45134],[-99.22043,33.45135],[-99.21672,33.45218],[-99.20776,33.45679],[-99.19994,33.46282],[-99.19746,33.46692],[-99.19342,33.46869],[-99.17573,33.47172],[-99.17032,33.47168],[-99.15881,33.47512],[-99.1534,33.47555],[-99.14194,33.47436],[-99.13727,33.4699],[-99.12836,33.46745],[-99.11884,33.46374],[-99.11472,33.46062],[-99.11037,33.45934],[-99.09714,33.45785],[-99.09179,33.45922],[-99.08402,33.45729],[-99.08211,33.45427],[-99.08135,33.45133],[-99.08258,33.44682],[-99.08884,33.43851],[-99.09133,33.43349],[-99.09401,33.42107],[-99.09169,33.41706],[-99.07847,33.41181],[-99.06875,33.40998],[-99.06531,33.40729],[-99.05894,33.40475],[-99.05499,33.40084],[-99.05367,33.3959],[-99.05204,33.37947],[-99.05284,33.37669],[-99.05415,33.37528],[-99.05401,33.37158],[-99.05494,33.36823],[-99.05295,33.36389],[-99.05122,33.36231],[-99.04968,33.3616],[-99.04425,33.36212],[-99.04308,33.36328],[-99.04506,33.36749],[-99.04418,33.36827],[-99.03936,33.3689],[-99.03826,33.36805],[-99.03803,33.36604],[-99.04062,33.35533],[-99.03987,33.35483],[-99.03429,33.35548],[-99.03058,33.35746],[-99.02317,33.36568],[-99.01555,33.37253],[-98.99653,33.3724],[-98.99159,33.37404],[-98.9888,33.37415],[-98.9823,33.37262],[-98.97883,33.3696],[-98.97214,33.36663],[-98.96853,33.36333],[-98.96738,33.35806],[-98.96898,33.35447],[-98.97182,33.35176],[-98.97127,33.3481],[-98.96993,33.34647],[-98.96739,33.34615],[-98.96633,33.34693],[-98.96573,33.34996],[-98.96387,33.35044],[-98.96093,33.34968],[-98.96002,33.34776],[-98.96196,33.34464],[-98.9678,33.34303],[-98.96952,33.34109],[-98.96979,33.33921],[-98.96913,33.33836],[-98.96315,33.33749],[-98.95651,33.33159],[-98.9561,33.3271],[-98.95812,33.32403],[-98.9553,33.31706],[-98.95169,33.31212],[-98.9601,33.31099],[-98.96271,33.30947],[-98.96427,33.30519],[-98.96789,33.30305],[-98.96985,33.30062],[-98.97091,33.29659],[-98.97085,33.2919],[-98.96927,33.29013],[-98.9633,33.28968],[-98.95841,33.29289],[-98.95381,33.29736],[-98.94942,33.29926],[-98.94557,33.29443],[-98.94529,33.29184],[-98.94712,33.28827],[-98.95219,33.28833],[-98.95347,33.28721],[-98.95336,33.286],[-98.94902,33.28346],[-98.9437,33.28241],[-98.9404,33.28445],[-98.93738,33.28924],[-98.93612,33.28951],[-98.93498,33.2886],[-98.93391,33.28505],[-98.93533,33.27907],[-98.93295,33.27765],[-98.93118,33.27325],[-98.93093,33.26938],[-98.92954,33.26674],[-98.92045,33.25932],[-98.91821,33.25371],[-98.91668,33.23977],[-98.91449,33.23562],[-98.91021,33.23361],[-98.89903,33.23194],[-98.89437,33.22692],[-98.89246,33.22825],[-98.89208,33.23224],[-98.88971,33.23329],[-98.8872,33.2326],[-98.88344,33.22979],[-98.87665,33.22898],[-98.87278,33.22401],[-98.87273,33.22278],[-98.87458,33.22067],[-98.8784,33.21913],[-98.87856,33.21675],[-98.8763,33.21581],[-98.87221,33.21654],[-98.87109,33.21563],[-98.87003,33.21114],[-98.86381,33.21006],[-98.85918,33.20761],[-98.85458,33.20749],[-98.85256,33.20875],[-98.85024,33.21292],[-98.85051,33.21808],[-98.84888,33.2197],[-98.84672,33.22023],[-98.8453,33.21986],[-98.84056,33.21512],[-98.83847,33.21187],[-98.83372,33.21035],[-98.82751,33.20552],[-98.8207,33.20526],[-98.81293,33.20725],[-98.80647,33.20574],[-98.80476,33.20372],[-98.80375,33.19927],[-98.80182,33.19723],[-98.78746,33.19715],[-98.77983,33.19914],[-98.77942,33.19612],[-98.78109,33.18833],[-98.78393,33.18251],[-98.78282,33.18043],[-98.76336,33.18573],[-98.75753,33.18529],[-98.75537,33.18382],[-98.75396,33.18045],[-98.75757,33.16941],[-98.76426,33.16433],[-98.76431,33.16048],[-98.76078,33.15718],[-98.76048,33.15562],[-98.76416,33.15276],[-98.76465,33.15054],[-98.76357,33.14969],[-98.7579,33.14856],[-98.75763,33.14476],[-98.7548,33.14354],[-98.74832,33.13868],[-98.73359,33.13725],[-98.72544,33.13488],[-98.71759,33.13131],[-98.70239,33.11833],[-98.6998,33.11494],[-98.70173,33.11253],[-98.70519,33.11051],[-98.71485,33.10613],[-98.72366,33.1047],[-98.72598,33.10356],[-98.72954,33.10018],[-98.73746,33.09725],[-98.73781,33.09658],[-98.73511,33.09296],[-98.73385,33.08785],[-98.73208,33.08469],[-98.72887,33.08273],[-98.72663,33.07964],[-98.73106,33.07794],[-98.74317,33.0771],[-98.7463,33.0762],[-98.7485,33.0749],[-98.75035,33.07237],[-98.7521,33.06901],[-98.75189,33.06772],[-98.74552,33.06328],[-98.74465,33.05918],[-98.7371,33.0533],[-98.7205,33.04438],[-98.71271,33.03343],[-98.71045,33.0336],[-98.70564,33.03715],[-98.69789,33.03931],[-98.69653,33.03858],[-98.69571,33.03388],[-98.69366,33.03225],[-98.68605,33.03904],[-98.68078,33.04161],[-98.6783,33.03969],[-98.67797,33.03689],[-98.67857,33.03297],[-98.68028,33.02885],[-98.67405,33.01964],[-98.67059,33.01698],[-98.66553,33.01579],[-98.66143,33.01696],[-98.65914,33.01811],[-98.65612,33.02182],[-98.65069,33.02615],[-98.64856,33.02578],[-98.64295,33.02139],[-98.64073,33.01653],[-98.64147,32.99531],[-98.63438,32.9907],[-98.63509,32.98491],[-98.63729,32.97859],[-98.644,32.96726],[-98.64417,32.9662],[-98.64069,32.9632],[-98.6366,32.96241],[-98.62924,32.96334],[-98.62438,32.96684],[-98.62223,32.97002],[-98.62145,32.9752],[-98.62288,32.98055],[-98.6248,32.9839],[-98.62514,32.98953],[-98.6269,32.99715],[-98.62668,33.00012],[-98.6231,33.00552],[-98.60979,33.01787],[-98.60375,33.03156],[-98.59976,33.04307],[-98.59891,33.05413],[-98.5945,33.05775],[-98.58983,33.05773],[-98.58085,33.05542],[-98.57788,33.05248],[-98.57885,33.04982],[-98.58076,33.04827],[-98.59076,33.04466],[-98.59178,33.04363],[-98.59095,33.04126],[-98.58799,33.03845],[-98.58187,33.03582],[-98.57976,33.03587],[-98.5759,33.03809],[-98.56771,33.0458],[-98.56485,33.04625],[-98.56192,33.0443],[-98.55721,33.03851],[-98.55437,33.03456],[-98.55069,33.0236],[-98.55309,32.9997],[-98.5506,32.99737],[-98.54235,32.99417],[-98.53312,32.99312],[-98.53093,32.99518],[-98.53022,33.00134],[-98.52671,33.00945],[-98.52306,33.01317],[-98.52095,33.01334],[-98.51877,33.01113],[-98.51963,33.00045],[-98.51731,32.99836],[-98.49882,32.99563],[-98.49566,32.9957],[-98.48911,32.99835],[-98.48595,32.99855],[-98.48151,32.99651],[-98.47964,32.99467],[-98.47925,32.99192],[-98.48017,32.98763],[-98.48203,32.98433],[-98.48482,32.98201],[-98.49021,32.98064],[-98.50846,32.98111],[-98.51157,32.97929],[-98.51185,32.97841],[-98.5118,32.97703],[-98.50992,32.97481],[-98.50396,32.97205],[-98.50148,32.9701],[-98.49829,32.96917],[-98.48163,32.97154],[-98.47925,32.97259],[-98.47283,32.97938],[-98.4628,32.98663],[-98.45695,32.98763],[-98.45498,32.98717],[-98.4522,32.98497],[-98.45012,32.981],[-98.45018,32.97811],[-98.45368,32.97427],[-98.45759,32.9721]]},"properties":{"region":"possumKingdom","name":"Brazos River"}},{"type":"Feature","geometry":{"type":"LineString","coordinates":[[-98.45759,32.9721],[-98.46515,32.97001],[-98.47224,32.96547],[-98.47259,32.9622],[-98.47099,32.95909],[-98.46836,32.95689],[-98.46046,32.95505],[-98.45565,32.95541],[-98.43435,32.96352],[-98.42567,32.96546],[-98.42145,32.96555],[-98.41867,32.96323],[-98.4169,32.95975],[-98.41668,32.95737]]},"properties":{"region":"possumKingdom","name":"Brazos River"}},{"type":"Feature","geometry":{"type":"LineString","coordinates":[[-98.52971,32.85828],[-98.52413,32.85777],[-98.5216,32.85858],[-98.49494,32.87737],[-98.48984,32.87786],[-98.48675,32.87542],[-98.48665,32.87215],[-98.48877,32.86797],[-98.49314,32.86323],[-98.49396,32.86045],[-98.49369,32.85681],[-98.48919,32.85264],[-98.48491,32.85048],[-98.47888,32.85011],[-98.47604,32.8508],[-98.47337,32.85211],[-98.46869,32.85635],[-98.46632,32.86243],[-98.46656,32.86531],[-98.46767,32.86704],[-98.47474,32.87166],[-98.47531,32.87541],[-98.47283,32.8781],[-98.46838,32.88033],[-98.46238,32.88096],[-98.4546,32.87787],[-98.45121,32.87531],[-98.44566,32.86601],[-98.44346,32.8584],[-98.43869,32.85499],[-98.43402,32.85496],[-98.4311,32.85766],[-98.43182,32.86656],[-98.43115,32.86921],[-98.42895,32.87114],[-98.42667,32.87121]]},"properties":{"region":"possumKingdom","name":"Brazos River"}},{"type":"Feature","geometry":{"type":"LineString","coordinates":[[-98.52957,32.882],[-98.52861,32.88039],[-98.52829,32.87488],[-98.53087,32.87105],[-98.53297,32.86586],[-98.5328,32.86072],[-98.52971,32.85828]]},"properties":{"region":"possumKingdom","name":"Brazos River"}},{"type":"Feature","geometry":{"type":"LineString","coordinates":[[-98.61293,32.87878],[-98.61297,32.8815],[-98.61061,32.88294],[-98.61075,32.88508]]},"properties":{"region":"possumKingdom","name":"Brazos River"}},{"type":"Feature","geometry":{"type":"LineString","coordinates":[[-98.42667,32.87121],[-98.41872,32.86634],[-98.41588,32.862],[-98.40971,32.85724],[-98.40586,32.84929],[-98.40402,32.84832],[-98.40252,32.84835],[-98.40016,32.85004],[-98.39804,32.8546],[-98.39671,32.8555],[-98.39038,32.85526],[-98.38628,32.85384],[-98.37694,32.85379],[-98.37228,32.85143],[-98.3713,32.8465],[-98.37167,32.84373],[-98.3768,32.8391],[-98.38214,32.83648],[-98.38843,32.83547],[-98.39432,32.83597],[-98.39836,32.83539],[-98.40503,32.83186],[-98.41293,32.82454],[-98.41374,32.82151],[-98.4136,32.81699],[-98.41121,32.81252],[-98.4063,32.80936],[-98.39751,32.80729],[-98.39541,32.80733],[-98.38887,32.81023],[-98.38047,32.81593],[-98.37729,32.82027],[-98.3729,32.82425],[-98.36348,32.83147],[-98.35946,32.83294],[-98.35462,32.83216],[-98.35244,32.82944],[-98.3509,32.82345],[-98.35252,32.81714],[-98.35065,32.81479],[-98.34803,32.81259],[-98.34536,32.81158],[-98.34212,32.8112],[-98.34078,32.81186],[-98.33527,32.81888],[-98.33027,32.82287],[-98.32956,32.82401],[-98.32968,32.82828],[-98.3308,32.83064],[-98.33297,32.83273],[-98.33769,32.83464],[-98.34322,32.83842],[-98.34357,32.84004],[-98.34259,32.84232],[-98.33746,32.84707],[-98.31605,32.86119],[-98.31142,32.86254],[-98.30407,32.86344],[-98.30225,32.86285],[-98.29581,32.86411],[-98.28998,32.86561],[-98.28688,32.86755],[-98.28365,32.8705],[-98.28222,32.87304],[-98.28204,32.87731],[-98.28287,32.87993],[-98.28066,32.88161],[-98.27611,32.88057],[-98.27061,32.87767],[-98.26736,32.87459],[-98.26506,32.86799],[-98.26479,32.86385],[-98.26754,32.84936],[-98.26593,32.84576],[-98.26076,32.84372],[-98.25745,32.84404],[-98.25302,32.84689],[-98.25118,32.85082],[-98.25137,32.85772],[-98.2507,32.86049],[-98.24776,32.86318],[-98.24384,32.86276],[-98.24002,32.86095],[-98.23731,32.86088],[-98.21797,32.86879],[-98.21427,32.86597],[-98.21363,32.86435],[-98.21502,32.84952],[-98.20943,32.84335],[-98.20892,32.84123],[-98.21035,32.83856],[-98.21861,32.8325],[-98.22034,32.82996],[-98.2203,32.82871],[-98.2163,32.82552],[-98.21081,32.82274],[-98.20506,32.8216],[-98.20335,32.81962],[-98.2033,32.81774],[-98.20505,32.81595],[-98.21025,32.81359],[-98.22158,32.815],[-98.22555,32.81191],[-98.22723,32.80761],[-98.22567,32.80011],[-98.21986,32.79658],[-98.21382,32.79595],[-98.20626,32.79998],[-98.20333,32.80255],[-98.19588,32.80533],[-98.19124,32.80592],[-98.18723,32.80261],[-98.18618,32.79698],[-98.18781,32.7908],[-98.19546,32.7845],[-98.20379,32.7812],[-98.21331,32.77211],[-98.21415,32.76983],[-98.21362,32.76733],[-98.21029,32.76627],[-98.20714,32.76658],[-98.19733,32.77053],[-98.18527,32.76964],[-98.18375,32.76879],[-98.18059,32.76332],[-98.17711,32.76251],[-98.17385,32.76433],[-98.16986,32.77219],[-98.16409,32.77594],[-98.16199,32.77598],[-98.15893,32.77416],[-98.15575,32.77039],[-98.15922,32.76248],[-98.16369,32.75574],[-98.17109,32.7512],[-98.16994,32.74759],[-98.17011,32.74306],[-98.1745,32.73871],[-98.17879,32.73599],[-98.18327,32.73503],[-98.19077,32.73476],[-98.20331,32.7369],[-98.21835,32.73749],[-98.2377,32.73585],[-98.26861,32.73938],[-98.27009,32.73885],[-98.27272,32.73604],[-98.26935,32.72857],[-98.26459,32.72503],[-98.25469,32.72058],[-98.23901,32.7239],[-98.2321,32.71852],[-98.21022,32.71543],[-98.19931,32.71187],[-98.19831,32.71108],[-98.19843,32.70737],[-98.20127,32.70142],[-98.20135,32.69865],[-98.20009,32.69679],[-98.19553,32.69487],[-98.19388,32.69478],[-98.19107,32.69634],[-98.18053,32.70659],[-98.17575,32.70756],[-98.1728,32.70385],[-98.1722,32.69859],[-98.17615,32.69474],[-98.18323,32.68996],[-98.18488,32.68441],[-98.18411,32.6784],[-98.18252,32.67491],[-98.18075,32.67363],[-98.1719,32.67662],[-98.16737,32.68123],[-98.16058,32.6855],[-98.15802,32.6853],[-98.14646,32.67447],[-98.14422,32.67489],[-98.13965,32.67811],[-98.13731,32.68606],[-98.13385,32.6914],[-98.13059,32.6931],[-98.12624,32.6933],[-98.12196,32.6905],[-98.11588,32.68195],[-98.11496,32.66991],[-98.10884,32.65458],[-98.10289,32.64515],[-98.10255,32.64353],[-98.09625,32.63812],[-98.0847,32.63281],[-98.08051,32.63326],[-98.07478,32.63801],[-98.07498,32.63976],[-98.07778,32.64373],[-98.08425,32.65002],[-98.08491,32.65201],[-98.07866,32.66004],[-98.07307,32.66466],[-98.06651,32.67206],[-98.06294,32.67915],[-98.05802,32.6864],[-98.05705,32.68943],[-98.05694,32.69106],[-98.05973,32.6944],[-98.0664,32.70049],[-98.06576,32.70936],[-98.06268,32.70797],[-98.04797,32.70441],[-98.0403,32.70404],[-98.03874,32.70156],[-98.03794,32.69379],[-98.04191,32.68468],[-98.03363,32.67215],[-98.03237,32.66426],[-98.03258,32.66062],[-98.03861,32.64984],[-98.03827,32.64834],[-98.03472,32.64439],[-98.03183,32.64293],[-98.02641,32.64252],[-98.02097,32.64702],[-98.01268,32.65733],[-98.001,32.65867],[-97.99872,32.65745],[-97.99836,32.65495],[-97.99942,32.64928],[-98.00216,32.64484],[-98.00409,32.62647],[-98.00215,32.61483],[-98.00134,32.61234],[-97.99886,32.60912],[-97.99327,32.60758],[-97.99072,32.60775],[-97.9885,32.60917],[-97.98473,32.61426],[-97.97833,32.61625],[-97.97077,32.62003],[-97.95856,32.624],[-97.95286,32.62398],[-97.94396,32.62237],[-97.92818,32.61511],[-97.90096,32.61883],[-97.88716,32.61906],[-97.87603,32.61786],[-97.87433,32.61563],[-97.8728,32.60825],[-97.87275,32.60599],[-97.87417,32.60258],[-97.88024,32.59306],[-97.88481,32.58947],[-97.88868,32.58815],[-97.89291,32.58331],[-97.88858,32.5712],[-97.88168,32.56504],[-97.87669,32.56311],[-97.87324,32.5633],[-97.87104,32.56509],[-97.86814,32.56928],[-97.86604,32.57584],[-97.86583,32.58602],[-97.86741,32.58951],[-97.86747,32.59189],[-97.86558,32.59443],[-97.86276,32.59574],[-97.85886,32.59593],[-97.85365,32.59752],[-97.84209,32.59733],[-97.83816,32.59614],[-97.83492,32.5923],[-97.83566,32.58513],[-97.82905,32.5782],[-97.82044,32.57558],[-97.80118,32.57275],[-97.79889,32.5709],[-97.79655,32.5668],[-97.79636,32.56184],[-97.79749,32.55868],[-97.80004,32.55557],[-97.80668,32.55094],[-97.81458,32.54855],[-97.82041,32.54392]]},"properties":{"region":"possumKingdom","name":"Brazos River"}},{"type":"Feature","geometry":{"type":"LineString","coordinates":[[-98.41668,32.95737],[-98.42433,32.95131],[-98.42562,32.94902],[-98.43426,32.94106],[-98.43739,32.93974],[-98.44369,32.93395],[-98.44761,32.92923],[-98.45072,32.92276],[-98.45527,32.91877],[-98.4587,32.91769],[-98.46237,32.91448],[-98.46222,32.90971],[-98.46437,32.90627],[-98.47444,32.89602],[-98.48996,32.89631],[-98.49348,32.89309],[-98.49432,32.89119],[-98.49711,32.88874],[-98.49845,32.88846],[-98.50856,32.88912],[-98.51616,32.89121],[-98.52701,32.8916],[-98.52948,32.88878],[-98.52957,32.882]]},"properties":{"region":"possumKingdom","name":"Brazos River"}},{"type":"Feature","geometry":{"type":"LineString","coordinates":[[-100.8587,33.85357],[-100.85757,33.85682],[-100.85389,33.85854]]},"properties":{"region":"rollingPlains","name":"Tongue River"}},{"type":"Feature","geometry":{"type":"LineString","coordinates":[[-100.9519,34.06154],[-100.94477,34.05839],[-100.93861,34.05715],[-100.93423,34.05182],[-100.92402,34.04567],[-100.92028,34.04553],[-100.91464,34.04748],[-100.90746,34.04581],[-100.90185,34.04753],[-100.88567,34.04776],[-100.88298,34.04943],[-100.88281,34.0531],[-100.87951,34.05697],[-100.87299,34.06079],[-100.86889,34.06459],[-100.86358,34.06727],[-100.85452,34.06947],[-100.85188,34.0724],[-100.85191,34.07533],[-100.84445,34.08236],[-100.83971,34.08435],[-100.83594,34.08407],[-100.83129,34.08506],[-100.82171,34.09027],[-100.81376,34.088],[-100.81158,34.08913],[-100.805,34.09585],[-100.80329,34.09654],[-100.80013,34.09631],[-100.79688,34.09832],[-100.79404,34.09832],[-100.79167,34.09731],[-100.78537,34.09923],[-100.78364,34.0982],[-100.77926,34.09893],[-100.77535,34.1011],[-100.77003,34.10643],[-100.76884,34.10916],[-100.76353,34.10945],[-100.75918,34.10814],[-100.75529,34.10926],[-100.74533,34.10957],[-100.73597,34.1061],[-100.72719,34.10622],[-100.71962,34.10783],[-100.7127,34.10094],[-100.70945,34.0993],[-100.70003,34.0988],[-100.69538,34.09699],[-100.69397,34.09108],[-100.68964,34.0858],[-100.67987,34.08214],[-100.67648,34.07859],[-100.67384,34.07724],[-100.66506,34.07617],[-100.66192,34.07294],[-100.65856,34.07186],[-100.65251,34.07367],[-100.64323,34.07024],[-100.64199,34.07109],[-100.63583,34.07164],[-100.63341,34.07317],[-100.62934,34.0805],[-100.6178,34.07995],[-100.61461,34.07904],[-100.61142,34.0767],[-100.60539,34.07757],[-100.60355,34.07876],[-100.60159,34.08167],[-100.5987,34.08295],[-100.59625,34.08629],[-100.59039,34.08932],[-100.58755,34.09222],[-100.58848,34.09669],[-100.58565,34.09921],[-100.58452,34.10752],[-100.58223,34.10958],[-100.58231,34.11396],[-100.58077,34.1173],[-100.57542,34.12057],[-100.57427,34.12197],[-100.57407,34.12373],[-100.57145,34.12696],[-100.56782,34.1271],[-100.56368,34.13463],[-100.56385,34.13671],[-100.55778,34.14511],[-100.5583,34.14702],[-100.55761,34.14862],[-100.55304,34.15253],[-100.54934,34.15736],[-100.54821,34.16336],[-100.54975,34.1695],[-100.54652,34.17161],[-100.54652,34.17431],[-100.54426,34.17605],[-100.53621,34.17485],[-100.53365,34.1729],[-100.53153,34.17251],[-100.52877,34.17409],[-100.52519,34.17441],[-100.52112,34.16902],[-100.51498,34.16616],[-100.51426,34.1629],[-100.51149,34.15969],[-100.50838,34.15795],[-100.50477,34.15815],[-100.50311,34.16051],[-100.50039,34.16114],[-100.49315,34.15906],[-100.49003,34.16014],[-100.48656,34.15857],[-100.48427,34.15573],[-100.47777,34.1526],[-100.4709,34.1513],[-100.46713,34.15183],[-100.46561,34.15004],[-100.4647,34.14631],[-100.46128,34.14352],[-100.45616,34.14176],[-100.44809,34.14208],[-100.4442,34.13851],[-100.44282,34.13556],[-100.43814,34.13394],[-100.43486,34.1338],[-100.43117,34.13209],[-100.42871,34.12755],[-100.42568,34.12451],[-100.41929,34.1227],[-100.40775,34.12694],[-100.405,34.12481],[-100.40208,34.12665],[-100.3947,34.12349],[-100.39219,34.12326],[-100.38823,34.12507],[-100.38746,34.12795],[-100.38809,34.13047],[-100.38724,34.13572],[-100.38603,34.13732],[-100.3811,34.13879],[-100.37699,34.14458],[-100.37691,34.14685],[-100.3779,34.1482],[-100.37732,34.15026],[-100.36854,34.16316],[-100.35884,34.16726],[-100.34743,34.17637],[-100.34087,34.18015],[-100.34015,34.1815],[-100.34131,34.18441],[-100.34117,34.18803],[-100.33723,34.18901],[-100.3364,34.18825],[-100.33304,34.18782],[-100.33034,34.18942],[-100.32465,34.19592],[-100.32361,34.1992],[-100.30869,34.2016],[-100.30616,34.20132],[-100.30378,34.20624],[-100.301,34.20801],[-100.29772,34.20823],[-100.28132,34.20504],[-100.27958,34.20545],[-100.27723,34.20925]]},"properties":{"region":"rollingPlains","name":"Middle Pease River"}},{"type":"Feature","geometry":{"type":"LineString","coordinates":[[-100.85021,33.8576],[-100.84288,33.8562],[-100.83629,33.86291],[-100.82364,33.86806],[-100.82317,33.87026]]},"properties":{"region":"rollingPlains","name":"Tongue River"}},{"type":"Feature","geometry":{"type":"LineString","coordinates":[[-100.76233,33.84752],[-100.75915,33.84576],[-100.75147,33.84401],[-100.74636,33.84377],[-100.74109,33.8449],[-100.73736,33.84433]]},"properties":{"region":"rollingPlains","name":"Tongue River"}},{"type":"Feature","geometry":{"type":"LineString","coordinates":[[-100.85389,33.85854],[-100.85021,33.8576]]},"properties":{"region":"rollingPlains","name":"Tongue River"}},{"type":"Feature","geometry":{"type":"LineString","coordinates":[[-101.0743,34.06837],[-101.0729,34.06928],[-101.06846,34.07546],[-101.05371,34.08134],[-101.05128,34.09515],[-101.0496,34.09643],[-101.04521,34.10904],[-101.04534,34.11786],[-101.04148,34.11989],[-101.03452,34.11982],[-101.03495,34.12252],[-101.02999,34.12861],[-101.02919,34.1328],[-101.02734,34.13433],[-101.02398,34.13527],[-101.02282,34.13676],[-101.02221,34.14234],[-101.0183,34.1422],[-101.01761,34.14277],[-101.01739,34.14529],[-101.0211,34.14969],[-101.02005,34.15274]]},"properties":{"region":"rollingPlains","name":"North Pease River"}},{"type":"Feature","geometry":{"type":"LineString","coordinates":[[-100.93944,33.84863],[-100.93596,33.84872],[-100.93225,33.84774],[-100.92783,33.85006],[-100.92536,33.8493],[-100.92215,33.84639],[-100.91617,33.84564],[-100.90634,33.84221],[-100.9006,33.83571],[-100.89704,33.83651],[-100.89344,33.83912],[-100.88886,33.84029],[-100.8854,33.83988],[-100.88353,33.84125],[-100.87761,33.84258],[-100.86641,33.8495],[-100.86122,33.85085]]},"properties":{"region":"rollingPlains","name":"Tongue River"}},{"type":"Feature","geometry":{"type":"LineString","coordinates":[[-100.8081,33.8703],[-100.80755,33.87069],[-100.80151,33.86855]]},"properties":{"region":"rollingPlains","name":"Tongue River"}},{"type":"Feature","geometry":{"type":"LineString","coordinates":[[-100.76861,33.85069],[-100.76233,33.84752]]},"properties":{"region":"rollingPlains","name":"Tongue River"}},{"type":"Feature","geometry":{"type":"LineString","coordinates":[[-100.81976,33.87076],[-100.8081,33.8703]]},"properties":{"region":"rollingPlains","name":"Tongue River"}},{"type":"Feature","geometry":{"type":"LineString","coordinates":[[-100.80151,33.86855],[-100.79503,33.86454],[-100.78866,33.86369],[-100.78674,33.86115],[-100.78029,33.86064]]},"properties":{"region":"rollingPlains","name":"Tongue River"}},{"type":"Feature","geometry":{"type":"LineString","coordinates":[[-100.78029,33.86064],[-100.77807,33.8602],[-100.77369,33.85383],[-100.76861,33.85069]]},"properties":{"region":"rollingPlains","name":"Tongue River"}},{"type":"Feature","geometry":{"type":"LineString","coordinates":[[-100.86122,33.85085],[-100.85881,33.85121],[-100.8587,33.85357]]},"properties":{"region":"rollingPlains","name":"Tongue River"}},{"type":"Feature","geometry":{"type":"LineString","coordinates":[[-101.02005,34.15274],[-101.01316,34.15621],[-101.01049,34.15847],[-101.01076,34.16038],[-101.01403,34.16388],[-101.01376,34.16668],[-101.01262,34.16864],[-101.00042,34.1752]]},"properties":{"region":"rollingPlains","name":"North Pease River"}},{"type":"Feature","geometry":{"type":"LineString","coordinates":[[-100.73736,33.84433],[-100.73305,33.84658],[-100.73144,33.8497],[-100.7279,33.85142],[-100.71884,33.85342],[-100.70679,33.85411],[-100.70054,33.85751],[-100.69925,33.86163],[-100.70065,33.86447],[-100.70079,33.86747],[-100.69808,33.87253],[-100.68691,33.87636],[-100.67659,33.88383],[-100.67159,33.88622],[-100.65932,33.89763],[-100.65548,33.89845],[-100.64902,33.89562],[-100.64683,33.89536],[-100.64161,33.90107],[-100.63952,33.90201],[-100.63477,33.89866],[-100.62746,33.89138],[-100.61939,33.89015],[-100.61299,33.88593],[-100.60646,33.87652],[-100.60437,33.87595],[-100.59374,33.88057],[-100.58608,33.88215],[-100.57916,33.88203],[-100.57647,33.88269],[-100.56861,33.88707],[-100.5612,33.88777],[-100.55878,33.89134],[-100.55732,33.89194],[-100.54774,33.89079],[-100.5428,33.88856],[-100.5364,33.89007],[-100.5336,33.8892],[-100.52772,33.89027],[-100.51772,33.89457],[-100.51358,33.90476],[-100.5066,33.90975],[-100.50269,33.91785],[-100.50318,33.92025],[-100.50232,33.92385],[-100.5,33.92675],[-100.50059,33.92733],[-100.49937,33.92991],[-100.4961,33.93204],[-100.49586,33.93355],[-100.49605,33.93529],[-100.49779,33.93799],[-100.49688,33.94035],[-100.49788,33.94152],[-100.49854,33.94578],[-100.49837,33.95538],[-100.49999,33.95815],[-100.50398,33.95873],[-100.50909,33.96291],[-100.50688,33.97092],[-100.508,33.97374],[-100.51207,33.97601],[-100.52117,33.97448],[-100.52312,33.97483],[-100.52513,33.97632],[-100.52314,33.98032],[-100.5202,33.98348],[-100.5202,33.98511],[-100.52281,33.98571],[-100.52057,33.99411],[-100.52282,33.99631],[-100.5237,34.00009],[-100.52585,34.00054],[-100.52742,34.00255],[-100.52703,34.00906],[-100.52606,34.01043],[-100.52491,34.01061],[-100.51179,34.0103],[-100.50972,34.01243],[-100.51035,34.01759],[-100.5093,34.01793],[-100.49149,34.01684],[-100.48442,34.01864],[-100.48374,34.02029],[-100.48536,34.02273],[-100.48445,34.0237],[-100.47758,34.02324],[-100.46639,34.0257],[-100.46344,34.02566],[-100.45876,34.02418],[-100.45604,34.02464],[-100.45478,34.02574],[-100.44702,34.02379],[-100.43946,34.02929],[-100.43885,34.0306],[-100.43911,34.03575],[-100.43834,34.0372],[-100.43333,34.03789],[-100.42843,34.04066],[-100.41661,34.04515],[-100.4152,34.04689],[-100.41441,34.05161],[-100.40552,34.05136],[-100.39699,34.05402],[-100.39474,34.05723],[-100.3971,34.05881],[-100.39801,34.07115],[-100.3995,34.07486],[-100.40041,34.08098],[-100.3978,34.08714],[-100.39742,34.09385],[-100.39362,34.09887],[-100.39486,34.1029],[-100.40004,34.11082],[-100.40086,34.11341],[-100.40389,34.11673],[-100.40425,34.12213],[-100.40351,34.12422],[-100.40057,34.12548],[-100.3928,34.122],[-100.38966,34.12204],[-100.38757,34.12509],[-100.38655,34.1329],[-100.38352,34.1376],[-100.3811,34.13879]]},"properties":{"region":"rollingPlains","name":"Tongue River"}},{"type":"Feature","geometry":{"type":"LineString","coordinates":[[-100.82317,33.87026],[-100.81976,33.87076]]},"properties":{"region":"rollingPlains","name":"Tongue River"}},{"type":"Feature","geometry":{"type":"LineString","coordinates":[[-101.00042,34.1752],[-100.99833,34.17662],[-100.99638,34.18264],[-100.9928,34.18468],[-100.98399,34.18684],[-100.9819,34.18897],[-100.97918,34.19946],[-100.97337,34.204],[-100.96357,34.20644],[-100.96081,34.20625],[-100.95706,34.20786],[-100.95012,34.20585],[-100.93893,34.20661],[-100.93658,34.20551],[-100.92752,34.20818],[-100.91834,34.20642],[-100.90577,34.21183],[-100.89268,34.21435],[-100.88962,34.21245],[-100.87989,34.21025],[-100.87286,34.21311],[-100.86616,34.21985],[-100.8636,34.21992],[-100.85933,34.22152],[-100.85009,34.2329],[-100.8499,34.23512],[-100.84854,34.23723],[-100.84325,34.24306],[-100.83862,34.24414],[-100.82535,34.24425],[-100.82152,34.24235],[-100.81399,34.24335],[-100.81195,34.24168],[-100.80478,34.24314],[-100.79122,34.24192],[-100.78303,34.23676],[-100.77455,34.22833],[-100.77201,34.22744],[-100.74956,34.2101],[-100.74336,34.20788],[-100.73732,34.20944],[-100.7306,34.20961],[-100.72553,34.21083],[-100.71459,34.21824],[-100.70928,34.22428],[-100.70466,34.23262],[-100.70154,34.23434],[-100.69716,34.23499],[-100.69129,34.23875],[-100.68429,34.23834],[-100.68258,34.24171],[-100.67566,34.24686],[-100.67293,34.24787],[-100.67,34.25256],[-100.66754,34.25453],[-100.6639,34.2559],[-100.65378,34.26355],[-100.65174,34.26614],[-100.65045,34.2721],[-100.64479,34.28075],[-100.64151,34.28762],[-100.63669,34.29266],[-100.63456,34.29875],[-100.62681,34.3065],[-100.6257,34.31437],[-100.62236,34.31859],[-100.61947,34.32051],[-100.61005,34.3203],[-100.60765,34.31882],[-100.60321,34.31263],[-100.60122,34.31105],[-100.59775,34.31],[-100.59592,34.31052],[-100.5864,34.30988],[-100.5832,34.31114],[-100.57263,34.31876],[-100.56884,34.32478],[-100.56823,34.32732],[-100.56415,34.32815],[-100.55164,34.32715],[-100.54916,34.32617],[-100.54801,34.31703],[-100.54655,34.3154],[-100.54097,34.31636],[-100.52815,34.32336],[-100.51999,34.31767],[-100.50611,34.31219],[-100.50316,34.31212],[-100.49937,34.31085],[-100.49144,34.30653],[-100.48326,34.29762],[-100.48106,34.29799],[-100.47887,34.29706],[-100.47573,34.298],[-100.46734,34.298],[-100.4643,34.29473],[-100.46126,34.28708],[-100.45808,34.2842],[-100.45193,34.28027],[-100.44809,34.27876],[-100.43769,34.27895],[-100.43101,34.27735],[-100.42988,34.27639],[-100.42883,34.27327],[-100.42232,34.26904],[-100.41934,34.27114],[-100.41956,34.2752],[-100.41622,34.28095],[-100.41507,34.28159],[-100.41184,34.28182],[-100.40828,34.28077],[-100.4082,34.27937],[-100.40632,34.27807],[-100.3931,34.27766],[-100.38932,34.2764],[-100.38154,34.27676],[-100.37539,34.27921],[-100.37172,34.27718],[-100.36971,34.27883],[-100.36927,34.28244],[-100.36579,34.28769],[-100.36173,34.28684],[-100.35975,34.28519],[-100.35718,34.28082],[-100.35398,34.27935],[-100.34973,34.27905],[-100.33974,34.28084],[-100.33431,34.27937],[-100.33114,34.27616],[-100.33205,34.27367],[-100.32874,34.26892],[-100.32596,34.26835],[-100.32231,34.26887],[-100.31685,34.27194],[-100.31274,34.27318],[-100.31174,34.27272],[-100.3126,34.26969],[-100.31015,34.2666],[-100.30681,34.26655],[-100.30347,34.26541],[-100.29613,34.2682],[-100.28792,34.27463],[-100.28518,34.27427],[-100.27621,34.27013],[-100.27061,34.26891],[-100.26841,34.27017],[-100.26495,34.27413],[-100.26244,34.27774],[-100.26232,34.28065],[-100.26003,34.2826],[-100.25432,34.28271],[-100.25173,34.28165],[-100.24817,34.27846],[-100.24003,34.27844],[-100.23622,34.28017],[-100.23322,34.28335],[-100.22525,34.28835],[-100.21854,34.28417],[-100.21396,34.28229],[-100.20545,34.27504],[-100.19858,34.27289],[-100.19615,34.27032],[-100.19692,34.26801],[-100.19612,34.26696],[-100.18633,34.27267],[-100.18084,34.27166],[-100.17507,34.26933],[-100.17234,34.26933],[-100.16906,34.26961],[-100.16252,34.27336],[-100.16051,34.27297],[-100.15559,34.26734],[-100.15449,34.26194],[-100.15164,34.25667],[-100.14955,34.25637],[-100.14478,34.25809],[-100.14127,34.25811],[-100.13689,34.25692],[-100.13198,34.25372],[-100.12539,34.24653],[-100.12512,34.24516],[-100.12236,34.24374],[-100.12184,34.2414],[-100.12261,34.23982]]},"properties":{"region":"rollingPlains","name":"North Pease River"}},{"type":"Feature","geometry":{"type":"LineString","coordinates":[[-101.13703,32.58262],[-101.1314,32.58443],[-101.12997,32.58397],[-101.12723,32.58143],[-101.12894,32.57987],[-101.1288,32.57891],[-101.12683,32.57859],[-101.12026,32.5829],[-101.11709,32.58775],[-101.11531,32.5864],[-101.11284,32.58058],[-101.11233,32.57309],[-101.10914,32.57101],[-101.10779,32.57186],[-101.10827,32.58006],[-101.10727,32.58184],[-101.09829,32.58477],[-101.09715,32.58461],[-101.0954,32.58253]]},"properties":{"region":"permian","name":"Colorado River"}},{"type":"Feature","geometry":{"type":"LineString","coordinates":[[-101.0954,32.58253],[-101.09542,32.58076],[-101.09199,32.57518],[-101.08899,32.57254],[-101.0749,32.57219],[-101.07398,32.57089],[-101.07401,32.56867],[-101.07214,32.56688],[-101.07009,32.56674],[-101.06852,32.56816],[-101.06835,32.56914],[-101.06981,32.57157],[-101.06857,32.5723],[-101.06692,32.57212],[-101.06303,32.56804],[-101.05989,32.5669],[-101.05691,32.56891],[-101.05442,32.57315],[-101.05218,32.57346],[-101.05101,32.57271],[-101.0495,32.56973],[-101.05015,32.56476],[-101.0471,32.56254],[-101.0471,32.56084],[-101.05192,32.55665],[-101.05876,32.55549],[-101.06404,32.54796],[-101.06393,32.54702],[-101.05861,32.54543],[-101.05731,32.54137],[-101.05139,32.53843],[-101.04923,32.53909],[-101.04644,32.537],[-101.04866,32.53373],[-101.0474,32.53169],[-101.04418,32.53194],[-101.0409,32.53423],[-101.03269,32.5339],[-101.03225,32.53159],[-101.03348,32.52439],[-101.0307,32.52235],[-101.03048,32.52125],[-101.03102,32.51942],[-101.03384,32.5183],[-101.03411,32.51743],[-101.03289,32.51626],[-101.028,32.51493],[-101.02779,32.51365],[-101.02898,32.5115],[-101.02857,32.51012],[-101.01446,32.51513],[-101.01138,32.51377],[-101.00992,32.51542],[-101.01175,32.51867],[-101.01113,32.51982],[-101.00675,32.52055],[-101.00394,32.51848],[-101.00286,32.51848],[-101.0004,32.52028],[-100.99902,32.52306],[-100.9964,32.52519],[-100.9918,32.52556],[-100.98493,32.52306],[-100.9815,32.52588],[-100.97824,32.53099],[-100.97378,32.53365],[-100.97283,32.53581],[-100.97252,32.54133],[-100.97122,32.54344],[-100.96733,32.54463],[-100.96554,32.54374],[-100.96389,32.53891],[-100.96218,32.53813],[-100.95843,32.53799],[-100.95535,32.54045],[-100.95345,32.54081],[-100.94837,32.54043],[-100.94696,32.53949],[-100.94523,32.53596],[-100.94552,32.53163],[-100.94817,32.52785],[-100.94865,32.52563],[-100.94687,32.52293],[-100.94149,32.5211],[-100.93803,32.52312],[-100.93454,32.52807],[-100.93398,32.53036],[-100.92927,32.53031],[-100.92741,32.5286],[-100.92708,32.52438],[-100.92532,32.519],[-100.92132,32.52038],[-100.91821,32.51997],[-100.91242,32.51378],[-100.91366,32.50971],[-100.91542,32.50824],[-100.9205,32.50764],[-100.92347,32.50828],[-100.92512,32.50659],[-100.92499,32.5054],[-100.92071,32.50013],[-100.92103,32.49943],[-100.9313,32.4945],[-100.93662,32.49374],[-100.94067,32.48845],[-100.94683,32.4854],[-100.9476,32.47992],[-100.9519,32.47548],[-100.9551,32.46535],[-100.96726,32.4642],[-100.9688,32.46335],[-100.96812,32.46195],[-100.96174,32.45838],[-100.95239,32.4561],[-100.94779,32.45239],[-100.94725,32.45003],[-100.9516,32.4484],[-100.95314,32.44868],[-100.95938,32.45133],[-100.96179,32.45366],[-100.96719,32.45361],[-100.96862,32.45329],[-100.96981,32.45189],[-100.96997,32.44738],[-100.9694,32.44596],[-100.96605,32.44461],[-100.95802,32.44441],[-100.95418,32.44],[-100.95157,32.4402],[-100.94581,32.443],[-100.943,32.44195],[-100.93917,32.43952],[-100.93924,32.43341],[-100.93835,32.43114],[-100.93535,32.42968],[-100.92617,32.42838],[-100.92363,32.42808],[-100.9199,32.42904],[-100.90022,32.43782],[-100.89938,32.43704],[-100.89776,32.42479],[-100.90243,32.4189],[-100.90777,32.41787],[-100.90799,32.41411],[-100.89826,32.40752],[-100.89289,32.39602],[-100.89043,32.39332],[-100.88038,32.39225],[-100.87653,32.3939],[-100.87404,32.39385],[-100.8731,32.39259],[-100.87339,32.38359],[-100.85722,32.38205],[-100.85817,32.37926],[-100.85946,32.37814],[-100.86821,32.37257],[-100.87207,32.36545],[-100.87631,32.35965],[-100.87898,32.35235],[-100.88197,32.3487],[-100.87995,32.34689],[-100.87317,32.3444],[-100.86543,32.34472],[-100.86397,32.34385],[-100.8637,32.34163],[-100.86853,32.33072],[-100.87118,32.32841],[-100.87765,32.32827],[-100.88116,32.32706],[-100.88542,32.32277],[-100.88755,32.32438],[-100.88893,32.32802],[-100.89163,32.32944],[-100.90843,32.32875],[-100.90727,32.3211],[-100.90295,32.31542],[-100.90311,32.31466],[-100.90902,32.31161],[-100.91617,32.31051],[-100.91716,32.30973],[-100.91681,32.30813],[-100.91296,32.30673],[-100.91007,32.30307],[-100.91007,32.30151],[-100.91214,32.2997],[-100.91581,32.2983],[-100.92104,32.29846],[-100.92503,32.29537],[-100.9246,32.29379],[-100.92015,32.29363],[-100.9154,32.29205],[-100.91241,32.28743],[-100.91214,32.28534],[-100.91082,32.28413],[-100.90443,32.28683],[-100.89588,32.28551],[-100.89461,32.2837],[-100.89472,32.27673],[-100.8928,32.27513],[-100.88935,32.27502],[-100.87636,32.28042],[-100.87312,32.27921],[-100.87339,32.27685],[-100.87978,32.27408],[-100.89,32.26682],[-100.89105,32.26537],[-100.89059,32.26139],[-100.88762,32.2583],[-100.87439,32.25706],[-100.8718,32.25559],[-100.86524,32.24891],[-100.86093,32.24719],[-100.85896,32.24547],[-100.85883,32.24151],[-100.85974,32.2394],[-100.872,32.23315],[-100.8765,32.2271],[-100.87637,32.22424],[-100.86896,32.2213],[-100.86826,32.21748],[-100.87289,32.20937],[-100.87539,32.20156],[-100.88151,32.19519],[-100.88199,32.19226],[-100.87663,32.18887],[-100.87248,32.18825],[-100.8657,32.19006],[-100.85858,32.19487],[-100.85675,32.19508],[-100.85091,32.18683],[-100.85123,32.18335],[-100.85447,32.17943],[-100.85417,32.17668],[-100.84531,32.16837],[-100.83737,32.16685],[-100.8333,32.16747],[-100.82673,32.16667],[-100.8225,32.16472],[-100.82003,32.16218],[-100.81671,32.16135],[-100.8141,32.16195],[-100.81259,32.16488],[-100.80979,32.16554],[-100.80893,32.16506],[-100.80931,32.16258],[-100.81144,32.15929],[-100.81494,32.1573],[-100.81529,32.14969],[-100.81282,32.14412],[-100.80865,32.14059],[-100.80814,32.13642],[-100.79934,32.13058],[-100.79864,32.12927],[-100.80212,32.1263],[-100.81256,32.12342],[-100.81388,32.12172],[-100.81407,32.11558],[-100.81026,32.11066],[-100.80151,32.10854],[-100.79597,32.10811],[-100.78843,32.11197],[-100.78399,32.11131],[-100.78264,32.11032],[-100.77979,32.10519],[-100.78147,32.10152],[-100.78454,32.09839],[-100.78969,32.08943],[-100.79332,32.08082],[-100.79333,32.07862],[-100.79099,32.07711],[-100.78566,32.07553],[-100.78074,32.07678],[-100.77737,32.07602],[-100.77469,32.07304],[-100.77418,32.06988],[-100.77168,32.06532],[-100.76983,32.06344],[-100.76684,32.06278],[-100.76303,32.05372],[-100.75354,32.0536],[-100.75038,32.05501],[-100.74549,32.05845],[-100.74275,32.06415],[-100.73786,32.06798],[-100.73487,32.06792],[-100.72989,32.06552],[-100.72774,32.06114],[-100.72932,32.05711],[-100.73454,32.05708],[-100.7384,32.05321],[-100.74107,32.0527],[-100.74677,32.04988],[-100.75049,32.04411],[-100.7488,32.03987],[-100.74602,32.03735],[-100.7386,32.03649],[-100.72932,32.03732],[-100.72577,32.03661],[-100.72329,32.03446],[-100.72335,32.03249],[-100.72587,32.03098],[-100.73389,32.03177],[-100.73725,32.03051],[-100.73741,32.02886],[-100.73528,32.02435],[-100.73686,32.02297],[-100.73689,32.02116],[-100.73422,32.01551],[-100.7244,32.01041],[-100.71542,32.01076],[-100.71316,32.00957],[-100.70689,32.0092],[-100.70049,32.00751],[-100.69654,32.00873],[-100.69292,32.01185],[-100.68756,32.00644],[-100.68595,32.00312],[-100.68744,32.00015],[-100.68727,31.99736],[-100.68866,31.99566],[-100.6885,31.9929],[-100.68625,31.98998],[-100.67673,31.98786],[-100.6638,31.9884],[-100.66185,31.98822],[-100.66045,31.98715],[-100.65926,31.98468],[-100.65901,31.9791],[-100.66562,31.97108],[-100.66872,31.97058],[-100.67013,31.96914],[-100.66999,31.96675],[-100.66824,31.96494],[-100.66474,31.96357],[-100.66163,31.96438]]},"properties":{"region":"permian","name":"Colorado River"}},{"type":"Feature","geometry":{"type":"LineString","coordinates":[[-99.43965,36.99061],[-99.43815,36.98553],[-99.43917,36.98],[-99.43392,36.96964],[-99.42769,36.96182],[-99.42724,36.95896],[-99.42834,36.9553],[-99.42711,36.95271],[-99.42038,36.94102],[-99.41294,36.93448],[-99.4092,36.92896],[-99.40571,36.92568],[-99.39806,36.92152],[-99.39323,36.91291],[-99.38756,36.90694],[-99.38698,36.90587],[-99.38831,36.90158],[-99.3855,36.89393],[-99.38368,36.89109],[-99.37771,36.88595],[-99.37481,36.88024],[-99.37215,36.8782],[-99.36662,36.87818],[-99.35577,36.87178],[-99.33115,36.86335],[-99.32686,36.85925],[-99.32244,36.85733],[-99.31543,36.85647],[-99.31356,36.85331],[-99.31368,36.84912],[-99.31835,36.84912],[-99.31743,36.84203],[-99.31092,36.83464],[-99.30973,36.83008],[-99.29981,36.82437],[-99.29519,36.81957],[-99.29426,36.80613],[-99.29272,36.80457],[-99.28668,36.80207],[-99.2787,36.79692],[-99.27056,36.79003],[-99.25169,36.78515],[-99.24577,36.78632],[-99.24097,36.78603],[-99.22942,36.78815],[-99.21776,36.78681],[-99.21056,36.79069],[-99.20573,36.79113],[-99.19906,36.79088],[-99.1953,36.7887],[-99.18909,36.78736],[-99.18282,36.78727],[-99.16501,36.79054],[-99.15798,36.78779],[-99.1523,36.78762],[-99.13986,36.78304],[-99.13501,36.77839],[-99.13282,36.77403],[-99.12752,36.76812],[-99.12613,36.76201],[-99.10944,36.75138],[-99.10693,36.74909],[-99.10658,36.74723],[-99.10502,36.74548],[-99.09772,36.74223],[-99.09544,36.73884],[-99.09561,36.73651],[-99.08729,36.72507],[-99.08208,36.7198],[-99.07546,36.717],[-99.07116,36.7161],[-99.06296,36.71611],[-99.06022,36.71446],[-99.05348,36.7059],[-99.05191,36.70488],[-99.0503,36.7008],[-99.04416,36.69478],[-99.04547,36.69098],[-99.04859,36.68754],[-99.04122,36.68078],[-99.0399,36.67872],[-99.03874,36.67322],[-99.03576,36.66892],[-99.03345,36.66853],[-99.02296,36.66023],[-99.02242,36.65757],[-99.02479,36.65222],[-99.02482,36.65034],[-99.02281,36.64708],[-99.02254,36.64243],[-99.02044,36.64126],[-99.01268,36.63988],[-99.0103,36.63598],[-99.00911,36.63143],[-98.99835,36.62625],[-98.99235,36.61847],[-98.98598,36.61447],[-98.9829,36.61069],[-98.98184,36.60332],[-98.98002,36.60074],[-98.97715,36.59914],[-98.97346,36.59875],[-98.96489,36.60208],[-98.95995,36.60213],[-98.95509,36.5989],[-98.9525,36.59579],[-98.94054,36.58984],[-98.93914,36.58721],[-98.93999,36.58084],[-98.93925,36.57544],[-98.93311,36.5685],[-98.92772,36.5639],[-98.9306,36.55554],[-98.92861,36.55044],[-98.9285,36.54636],[-98.92957,36.5441],[-98.93318,36.54336],[-98.93632,36.53789],[-98.93493,36.53285],[-98.93274,36.53047],[-98.92809,36.52926],[-98.92397,36.52702],[-98.91747,36.52274],[-98.91622,36.52093],[-98.9068,36.51958],[-98.9026,36.51594],[-98.90019,36.51486],[-98.8956,36.51539],[-98.8914,36.51681],[-98.88953,36.5183],[-98.8857,36.51892],[-98.871,36.51436],[-98.86706,36.51487],[-98.86388,36.51622],[-98.85838,36.52139],[-98.85537,36.52173],[-98.85239,36.52091],[-98.85038,36.51949],[-98.84839,36.5166],[-98.84916,36.51241],[-98.85262,36.50744],[-98.85288,36.50383],[-98.85183,36.50138],[-98.84845,36.49924],[-98.84423,36.49811],[-98.83963,36.49868],[-98.83413,36.50197],[-98.83195,36.50224],[-98.82843,36.50005],[-98.828,36.49852],[-98.83192,36.48863],[-98.8323,36.48396],[-98.83102,36.48009],[-98.82691,36.47406],[-98.82656,36.46895],[-98.82745,36.46742],[-98.8276,36.46428],[-98.82667,36.46232],[-98.82454,36.46073],[-98.81768,36.45732],[-98.80782,36.45557],[-98.79234,36.45662],[-98.7875,36.45348],[-98.78387,36.45231],[-98.78135,36.44962],[-98.77554,36.44864],[-98.76837,36.44941],[-98.76483,36.44821],[-98.75815,36.44766],[-98.74724,36.44189],[-98.7444,36.44221],[-98.74248,36.4435],[-98.74186,36.44538],[-98.74396,36.44977],[-98.7415,36.45158],[-98.73934,36.4514],[-98.73543,36.44966],[-98.72734,36.44186],[-98.72187,36.43875],[-98.71753,36.4377],[-98.71481,36.43835],[-98.71155,36.44073],[-98.70971,36.4405],[-98.70622,36.43746],[-98.70653,36.43547],[-98.70968,36.42952],[-98.70943,36.42715],[-98.70087,36.42146],[-98.69708,36.41516],[-98.69387,36.41326],[-98.6901,36.41246],[-98.6824,36.41432],[-98.676,36.41247],[-98.66914,36.41327],[-98.66617,36.41288],[-98.66336,36.41062],[-98.66353,36.40606],[-98.66128,36.39985],[-98.65825,36.39833],[-98.64568,36.39868],[-98.63393,36.39606],[-98.62562,36.393],[-98.61222,36.39279],[-98.60886,36.39111],[-98.60511,36.38783],[-98.6029,36.38785],[-98.59823,36.38907],[-98.59125,36.39249],[-98.58756,36.39508],[-98.58503,36.39926],[-98.57967,36.40234],[-98.5712,36.40225],[-98.56828,36.40105],[-98.5645,36.39807],[-98.55481,36.3959],[-98.54741,36.39619],[-98.53991,36.3981],[-98.53419,36.39659],[-98.53088,36.39666],[-98.52777,36.39785],[-98.52346,36.40094],[-98.51604,36.4006],[-98.51309,36.40179],[-98.50926,36.40499],[-98.50595,36.40519],[-98.50167,36.40428],[-98.49988,36.40269],[-98.49887,36.40058],[-98.49781,36.39377],[-98.49388,36.39142],[-98.48972,36.39183],[-98.48437,36.39394],[-98.48088,36.39381],[-98.47519,36.38921],[-98.47232,36.3839],[-98.46498,36.37644],[-98.4609,36.37425],[-98.45388,36.37401],[-98.45112,36.37105],[-98.44865,36.36299],[-98.45315,36.35804],[-98.45385,36.35424],[-98.45314,36.35211],[-98.45042,36.34948],[-98.44473,36.34648],[-98.43753,36.34572],[-98.43496,36.34402],[-98.43415,36.33866],[-98.43228,36.33585],[-98.42947,36.33413],[-98.42486,36.33372],[-98.42182,36.33228],[-98.42019,36.33032],[-98.41971,36.32836],[-98.4199,36.32381],[-98.41882,36.31865],[-98.41206,36.31488],[-98.40705,36.3132],[-98.4009,36.3082],[-98.39336,36.30907],[-98.38688,36.30726],[-98.38589,36.303],[-98.39007,36.29544],[-98.38968,36.29317],[-98.38888,36.29267],[-98.38577,36.29146],[-98.38136,36.29114],[-98.37251,36.29533],[-98.36937,36.29556],[-98.36662,36.2921],[-98.36099,36.28791],[-98.35094,36.28569],[-98.3494,36.28684],[-98.34844,36.29124],[-98.3458,36.29241],[-98.34312,36.29222],[-98.34026,36.29127],[-98.33452,36.28602],[-98.33594,36.28035],[-98.33407,36.27796],[-98.32856,36.27808],[-98.32355,36.27981],[-98.31314,36.27952],[-98.30553,36.27732],[-98.29335,36.2753],[-98.29111,36.27409],[-98.28813,36.26915],[-98.28739,36.26566],[-98.28414,36.2621],[-98.2843,36.25709],[-98.28279,36.2511],[-98.27747,36.23956],[-98.27414,36.23471],[-98.26869,36.23019],[-98.25837,36.22979],[-98.25544,36.22848],[-98.25352,36.22642],[-98.25251,36.2217],[-98.25356,36.21728],[-98.25183,36.20704],[-98.24935,36.20334],[-98.24494,36.19945],[-98.23981,36.19094],[-98.23908,36.18938],[-98.23867,36.18155],[-98.23567,36.17519],[-98.23418,36.16808],[-98.22482,36.15856],[-98.22391,36.15518],[-98.22439,36.15094],[-98.21295,36.14694],[-98.2042,36.14585],[-98.18843,36.13601],[-98.17307,36.12979],[-98.17146,36.12649],[-98.17318,36.12278],[-98.17245,36.12079],[-98.16409,36.11786],[-98.15689,36.1136],[-98.15464,36.11038],[-98.15339,36.10621],[-98.15404,36.09879],[-98.15593,36.09256],[-98.15133,36.08565],[-98.15144,36.08203],[-98.15282,36.07763],[-98.15152,36.07536],[-98.15017,36.07573],[-98.14562,36.0736],[-98.13897,36.06121],[-98.13251,36.05613],[-98.12461,36.05299],[-98.11782,36.05224],[-98.11553,36.05096],[-98.10239,36.04956],[-98.09878,36.04724],[-98.09774,36.04486],[-98.09946,36.03909],[-98.09831,36.03765],[-98.09526,36.03641],[-98.08934,36.03602],[-98.08193,36.03865],[-98.0786,36.03874],[-98.0762,36.037],[-98.07508,36.03487],[-98.07418,36.02972],[-98.07167,36.0285],[-98.06724,36.02818],[-98.06499,36.02878],[-98.06234,36.03127],[-98.059,36.03745],[-98.05449,36.03745],[-98.05187,36.03433],[-98.05266,36.0271],[-98.05358,36.02608],[-98.05159,36.02224],[-98.04356,36.02113],[-98.02956,36.0225],[-98.01809,36.02075],[-98.01175,36.02219],[-98.00977,36.02164],[-98.0067,36.01902],[-98.00567,36.01579],[-98.00849,36.01058],[-98.01177,36.00762],[-98.0131,36.00433],[-98.01276,36.00234],[-98.01072,36.00004],[-98.00498,35.9969],[-98.0023,35.99632],[-97.99823,35.99651],[-97.99161,36.00004],[-97.98669,35.99883],[-97.98397,35.9965],[-97.98212,35.9919],[-97.98205,35.9889],[-97.98577,35.9784],[-97.98377,35.97675],[-97.97748,35.97623],[-97.97391,35.97729],[-97.96718,35.97777],[-97.96074,35.97725],[-97.94271,35.97067],[-97.93618,35.96653],[-97.92865,35.9599],[-97.92675,35.95918],[-97.92112,35.95939],[-97.91937,35.95854],[-97.90764,35.94648],[-97.90461,35.9444],[-97.8999,35.93797],[-97.89576,35.93504],[-97.88912,35.93252],[-97.88002,35.93166],[-97.8738,35.92713],[-97.87081,35.92585],[-97.86613,35.92476],[-97.85245,35.92522],[-97.84617,35.92778],[-97.83808,35.92944],[-97.83678,35.93109],[-97.82819,35.93636],[-97.82056,35.93809],[-97.81609,35.93691],[-97.81022,35.93349],[-97.80442,35.93333],[-97.79729,35.93632],[-97.79391,35.93899],[-97.79316,35.94051],[-97.79176,35.9409],[-97.77161,35.93658],[-97.76889,35.93424],[-97.76791,35.93213],[-97.76768,35.92926],[-97.76856,35.92674],[-97.77087,35.92508],[-97.77337,35.92455],[-97.77996,35.9252],[-97.7828,35.92641],[-97.78561,35.92574],[-97.78776,35.92408],[-97.78849,35.92182],[-97.78796,35.91933],[-97.78382,35.91614],[-97.77925,35.91495],[-97.77455,35.91515],[-97.77036,35.91634],[-97.76118,35.91597],[-97.74022,35.91978],[-97.73656,35.91709],[-97.73007,35.9073],[-97.7254,35.90824],[-97.72188,35.91192],[-97.71826,35.91097],[-97.7141,35.90703],[-97.71258,35.9023],[-97.71449,35.88965],[-97.71377,35.88578],[-97.71047,35.8852],[-97.70459,35.88816],[-97.70303,35.88818],[-97.69905,35.88499],[-97.69579,35.87953],[-97.69555,35.87566],[-97.69654,35.87077],[-97.69932,35.8621],[-97.70115,35.86007],[-97.69665,35.85501],[-97.69301,35.85306],[-97.6844,35.85256],[-97.6813,35.85373],[-97.67716,35.85766],[-97.67185,35.86524],[-97.67,35.86664],[-97.66545,35.86596],[-97.66197,35.86426],[-97.65496,35.85823],[-97.6512,35.85815],[-97.64887,35.85894],[-97.64719,35.86058],[-97.64633,35.8646],[-97.6386,35.86883],[-97.63658,35.86911],[-97.63504,35.87038],[-97.63096,35.87719],[-97.62817,35.87823],[-97.61892,35.8776],[-97.6144,35.87829],[-97.61381,35.88017],[-97.61459,35.8848],[-97.61317,35.88544],[-97.60717,35.88439],[-97.60446,35.88205],[-97.60004,35.87999],[-97.59582,35.88042],[-97.59435,35.88138],[-97.59468,35.88581],[-97.59376,35.88682],[-97.58177,35.88948],[-97.56767,35.8888],[-97.55433,35.8946],[-97.54916,35.90179],[-97.54714,35.90282],[-97.52817,35.90106],[-97.526,35.90209],[-97.52,35.90742],[-97.51845,35.90819],[-97.51563,35.9081],[-97.51202,35.9074],[-97.50633,35.90472],[-97.4996,35.89718],[-97.4974,35.89633],[-97.49427,35.89649],[-97.48781,35.90208],[-97.48249,35.90062],[-97.47543,35.89373],[-97.47278,35.89388],[-97.46064,35.89766],[-97.44731,35.90458],[-97.44107,35.90553],[-97.4384,35.90493],[-97.43584,35.9064],[-97.43225,35.91076],[-97.42811,35.91819],[-97.41702,35.92507],[-97.41483,35.9251],[-97.41173,35.92714],[-97.40681,35.93182],[-97.40546,35.93521],[-97.40669,35.9422],[-97.40894,35.94567],[-97.41115,35.9464],[-97.41339,35.94875],[-97.41648,35.95496],[-97.41918,35.95693],[-97.42064,35.95954],[-97.42077,35.96679],[-97.41855,35.97357],[-97.40268,35.97963],[-97.4013,35.98127],[-97.40013,35.98566],[-97.39774,35.98763],[-97.3931,35.98662],[-97.38896,35.98317],[-97.38564,35.98183],[-97.37984,35.98153],[-97.37674,35.98319],[-97.374,35.98772],[-97.36982,35.99064],[-97.36435,35.99121],[-97.3612,35.99062],[-97.35945,35.98926],[-97.35607,35.98417],[-97.35482,35.98444],[-97.34752,35.9879],[-97.33746,35.99476],[-97.33092,36.00621],[-97.3283,36.00912],[-97.31815,36.01111],[-97.30987,36.01141],[-97.29978,36.00918],[-97.29629,36.00697],[-97.29167,36.00227],[-97.28973,35.99866],[-97.28749,35.99644],[-97.28521,35.99121],[-97.28428,35.98259],[-97.28577,35.97795],[-97.28439,35.97515],[-97.27409,35.97283],[-97.26407,35.97318],[-97.24321,35.97203],[-97.23456,35.96962],[-97.23124,35.96765],[-97.22715,35.96694],[-97.22132,35.9645],[-97.20947,35.95145],[-97.20806,35.94776],[-97.2044,35.94504],[-97.18994,35.94144],[-97.17458,35.94059],[-97.16023,35.94423],[-97.15245,35.94781],[-97.14269,35.9544],[-97.13906,35.96344],[-97.13582,35.96647],[-97.13209,35.96851],[-97.12755,35.96868],[-97.11761,35.96377],[-97.11274,35.96269],[-97.10765,35.95774],[-97.10489,35.9567],[-97.09918,35.95669],[-97.0945,35.95786],[-97.08874,35.96079],[-97.08473,35.96495],[-97.08384,35.96821],[-97.08275,35.96922],[-97.08042,35.96999],[-97.07602,35.96965],[-97.07224,35.96794],[-97.06753,35.96736],[-97.06642,35.96637],[-97.06606,35.96312],[-97.06833,35.95722],[-97.06343,35.95401],[-97.05903,35.95305],[-97.05559,35.95321],[-97.04794,35.95528],[-97.03878,35.96086],[-97.02543,35.95822],[-97.0167,35.96117],[-97.01188,35.96397],[-97.0086,35.96462],[-97.00312,35.96491],[-96.99683,35.96334],[-96.98776,35.96454],[-96.97487,35.96115],[-96.97007,35.96481],[-96.96606,35.96997],[-96.96295,35.97175],[-96.95682,35.97067],[-96.94703,35.96375],[-96.93857,35.96419],[-96.92285,35.97194],[-96.91788,35.97573],[-96.91527,35.98038],[-96.91105,35.99329],[-96.91217,35.99516],[-96.91221,35.99891],[-96.91386,36.00527],[-96.9128,36.00903],[-96.91698,36.01738],[-96.9167,36.02],[-96.91363,36.02553],[-96.90411,36.02885],[-96.89238,36.03119],[-96.88736,36.03148],[-96.87935,36.02979],[-96.8778,36.03142],[-96.87526,36.03134],[-96.86633,36.02888],[-96.86017,36.02493],[-96.84794,36.02476],[-96.84007,36.02257],[-96.83154,36.01638],[-96.82866,36.01052],[-96.82247,36.00857],[-96.81907,36.00846],[-96.81423,36.01062],[-96.81051,36.01477],[-96.81013,36.02327],[-96.81245,36.03488],[-96.81692,36.04185],[-96.82387,36.04706],[-96.82687,36.04853],[-96.83851,36.05158],[-96.84623,36.05515],[-96.84539,36.06167],[-96.84428,36.06266],[-96.83741,36.06559],[-96.83066,36.06564],[-96.82514,36.06267],[-96.81659,36.05548],[-96.80903,36.05178],[-96.79242,36.05364],[-96.77565,36.05388],[-96.7568,36.05125],[-96.74849,36.05105],[-96.74364,36.05196],[-96.74067,36.0536],[-96.74087,36.05798],[-96.74587,36.0717],[-96.74544,36.07608],[-96.73052,36.09004],[-96.72411,36.09271],[-96.71501,36.09326],[-96.70936,36.09255],[-96.70619,36.08882],[-96.7002,36.08673],[-96.69866,36.08527],[-96.69826,36.08024],[-96.69682,36.07724],[-96.69493,36.07613],[-96.69504,36.07113],[-96.69749,36.06499],[-96.69726,36.05699],[-96.69407,36.05076],[-96.69372,36.04701],[-96.69277,36.04576],[-96.69259,36.04326],[-96.69503,36.0355],[-96.69029,36.03128],[-96.67234,36.02325],[-96.6684,36.02027],[-96.66697,36.01791],[-96.66054,36.01757],[-96.65288,36.02086],[-96.64885,36.02526],[-96.64238,36.03905],[-96.64199,36.04855],[-96.63874,36.05344],[-96.63451,36.05371],[-96.63136,36.05273],[-96.62253,36.04715],[-96.61572,36.03844],[-96.61492,36.03631],[-96.61537,36.03456],[-96.61142,36.03083],[-96.60907,36.02997],[-96.60625,36.03048],[-96.59178,36.04481],[-96.59055,36.04844],[-96.59043,36.05194],[-96.59251,36.05831],[-96.60453,36.06826],[-96.61593,36.07425],[-96.61355,36.08058],[-96.60905,36.08673],[-96.60922,36.08798],[-96.60564,36.09112],[-96.6015,36.09347],[-96.59766,36.09453],[-96.59439,36.09705],[-96.58985,36.0987],[-96.58734,36.09871],[-96.58183,36.09661],[-96.56544,36.08707],[-96.56057,36.08621],[-96.552,36.09438],[-96.54236,36.10705],[-96.53658,36.11083],[-96.51649,36.11054],[-96.5057,36.12703]]},"properties":{"region":"stillwater","name":"Cimarron River"}}]}
