{"type":"FeatureCollection","features":[{"type":"Feature","geometry":{"type":"Point","coordinates":[-100.2183,32.3229]},"properties":{"farm":"roscoe","project":"Buffalo Gap 2"}},{"type":"Feature","geometry":{"type":"Point","coordinates":[-100.2238,32.3744]},"properties":{"farm":"roscoe","project":"Buffalo Gap 2"}},{"type":"Feature","geometry":{"type":"Point","coordinates":[-100.1816,32.3331]},"properties":{"farm":"roscoe","project":"Buffalo Gap 2"}},{"type":"Feature","geometry":{"type":"Point","coordinates":[-100.2012,32.3612]},"properties":{"farm":"roscoe","project":"Buffalo Gap 2"}},{"type":"Feature","geometry":{"type":"Point","coordinates":[-100.2048,32.3499]},"properties":{"farm":"roscoe","project":"Buffalo Gap 2"}},{"type":"Feature","geometry":{"type":"Point","coordinates":[-100.2206,32.3135]},"properties":{"farm":"roscoe","project":"Buffalo Gap 2"}},{"type":"Feature","geometry":{"type":"Point","coordinates":[-100.1797,32.3177]},"properties":{"farm":"roscoe","project":"Buffalo Gap 2"}},{"type":"Feature","geometry":{"type":"Point","coordinates":[-100.1766,32.3325]},"properties":{"farm":"roscoe","project":"Buffalo Gap 2"}},{"type":"Feature","geometry":{"type":"Point","coordinates":[-100.2122,32.3493]},"properties":{"farm":"roscoe","project":"Buffalo Gap 2"}},{"type":"Feature","geometry":{"type":"Point","coordinates":[-100.2547,32.3597]},"properties":{"farm":"roscoe","project":"Buffalo Gap 2"}},{"type":"Feature","geometry":{"type":"Point","coordinates":[-100.2313,32.363]},"properties":{"farm":"roscoe","project":"Buffalo Gap 2"}},{"type":"Feature","geometry":{"type":"Point","coordinates":[-100.2232,32.3226]},"properties":{"farm":"roscoe","project":"Buffalo Gap 2"}},{"type":"Feature","geometry":{"type":"Point","coordinates":[-100.2242,32.3397]},"properties":{"farm":"roscoe","project":"Buffalo Gap 2"}},{"type":"Feature","geometry":{"type":"Point","coordinates":[-100.1899,32.3498]},"properties":{"farm":"roscoe","project":"Buffalo Gap 2"}},{"type":"Feature","geometry":{"type":"Point","coordinates":[-100.23,32.3485]},"properties":{"farm":"roscoe","project":"Buffalo Gap 2"}},{"type":"Feature","geometry":{"type":"Point","coordinates":[-100.2037,32.3611]},"properties":{"farm":"roscoe","project":"Buffalo Gap 2"}},{"type":"Feature","geometry":{"type":"Point","coordinates":[-100.1839,32.3459]},"properties":{"farm":"roscoe","project":"Buffalo Gap 2"}},{"type":"Feature","geometry":{"type":"Point","coordinates":[-100.2124,32.3743]},"properties":{"farm":"roscoe","project":"Buffalo Gap 2"}},{"type":"Feature","geometry":{"type":"Point","coordinates":[-100.1925,32.3502]},"properties":{"farm":"roscoe","project":"Buffalo Gap 2"}},{"type":"Feature","geometry":{"type":"Point","coordinates":[-100.2406,32.3534]},"properties":{"farm":"roscoe","project":"Buffalo Gap 2"}},{"type":"Feature","geometry":{"type":"Point","coordinates":[-100.2262,32.3743]},"properties":{"farm":"roscoe","project":"Buffalo Gap 2"}},{"type":"Feature","geometry":{"type":"Point","coordinates":[-100.2073,32.3497]},"properties":{"farm":"roscoe","project":"Buffalo Gap 2"}},{"type":"Feature","geometry":{"type":"Point","coordinates":[-100.246,32.3442]},"properties":{"farm":"roscoe","project":"Buffalo Gap 2"}},{"type":"Feature","geometry":{"type":"Point","coordinates":[-100.2202,32.3487]},"properties":{"farm":"roscoe","project":"Buffalo Gap 2"}},{"type":"Feature","geometry":{"type":"Point","coordinates":[-100.2032,32.3318]},"properties":{"farm":"roscoe","project":"Buffalo Gap 2"}},{"type":"Feature","geometry":{"type":"Point","coordinates":[-100.2459,32.3609]},"properties":{"farm":"roscoe","project":"Buffalo Gap 2"}},{"type":"Feature","geometry":{"type":"Point","coordinates":[-100.1691,32.3237]},"properties":{"farm":"roscoe","project":"Buffalo Gap 2"}},{"type":"Feature","geometry":{"type":"Point","coordinates":[-100.1944,32.3734]},"properties":{"farm":"roscoe","project":"Buffalo Gap 2"}},{"type":"Feature","geometry":{"type":"Point","coordinates":[-100.1965,32.3632]},"properties":{"farm":"roscoe","project":"Buffalo Gap 2"}},{"type":"Feature","geometry":{"type":"Point","coordinates":[-100.2114,32.3399]},"properties":{"farm":"roscoe","project":"Buffalo Gap 2"}},{"type":"Feature","geometry":{"type":"Point","coordinates":[-100.1946,32.3251]},"properties":{"farm":"roscoe","project":"Buffalo Gap 2"}},{"type":"Feature","geometry":{"type":"Point","coordinates":[-100.2278,32.3406]},"properties":{"farm":"roscoe","project":"Buffalo Gap 2"}},{"type":"Feature","geometry":{"type":"Point","coordinates":[-100.2204,32.3747]},"properties":{"farm":"roscoe","project":"Buffalo Gap 2"}},{"type":"Feature","geometry":{"type":"Point","coordinates":[-100.2257,32.3329]},"properties":{"farm":"roscoe","project":"Buffalo Gap 2"}},{"type":"Feature","geometry":{"type":"Point","coordinates":[-100.241,32.3616]},"properties":{"farm":"roscoe","project":"Buffalo Gap 2"}},{"type":"Feature","geometry":{"type":"Point","coordinates":[-100.2199,32.3624]},"properties":{"farm":"roscoe","project":"Buffalo Gap 2"}},{"type":"Feature","geometry":{"type":"Point","coordinates":[-100.176,32.3474]},"properties":{"farm":"roscoe","project":"Buffalo Gap 2"}},{"type":"Feature","geometry":{"type":"Point","coordinates":[-100.2337,32.3623]},"properties":{"farm":"roscoe","project":"Buffalo Gap 2"}},{"type":"Feature","geometry":{"type":"Point","coordinates":[-100.2421,32.338]},"properties":{"farm":"roscoe","project":"Buffalo Gap 2"}},{"type":"Feature","geometry":{"type":"Point","coordinates":[-100.2249,32.311]},"properties":{"farm":"roscoe","project":"Buffalo Gap 2"}},{"type":"Feature","geometry":{"type":"Point","coordinates":[-100.20566,32.33143]},"properties":{"farm":"roscoe","project":"Buffalo Gap 2"}},{"type":"Feature","geometry":{"type":"Point","coordinates":[-100.1765,32.3385]},"properties":{"farm":"roscoe","project":"Buffalo Gap 2"}},{"type":"Feature","geometry":{"type":"Point","coordinates":[-100.1771,32.3182]},"properties":{"farm":"roscoe","project":"Buffalo Gap 2"}},{"type":"Feature","geometry":{"type":"Point","coordinates":[-100.2379,32.3447]},"properties":{"farm":"roscoe","project":"Buffalo Gap 2"}},{"type":"Feature","geometry":{"type":"Point","coordinates":[-100.2052,32.324]},"properties":{"farm":"roscoe","project":"Buffalo Gap 2"}},{"type":"Feature","geometry":{"type":"Point","coordinates":[-100.2193,32.3398]},"properties":{"farm":"roscoe","project":"Buffalo Gap 2"}},{"type":"Feature","geometry":{"type":"Point","coordinates":[-100.2146,32.3491]},"properties":{"farm":"roscoe","project":"Buffalo Gap 2"}},{"type":"Feature","geometry":{"type":"Point","coordinates":[-100.1935,32.3645]},"properties":{"farm":"roscoe","project":"Buffalo Gap 2"}},{"type":"Feature","geometry":{"type":"Point","coordinates":[-100.1876,32.3173]},"properties":{"farm":"roscoe","project":"Buffalo Gap 2"}},{"type":"Feature","geometry":{"type":"Point","coordinates":[-100.1865,32.3331]},"properties":{"farm":"roscoe","project":"Buffalo Gap 2"}},{"type":"Feature","geometry":{"type":"Point","coordinates":[-100.214,32.3615]},"properties":{"farm":"roscoe","project":"Buffalo Gap 2"}},{"type":"Feature","geometry":{"type":"Point","coordinates":[-100.2275,32.3486]},"properties":{"farm":"roscoe","project":"Buffalo Gap 2"}},{"type":"Feature","geometry":{"type":"Point","coordinates":[-100.2115,32.3615]},"properties":{"farm":"roscoe","project":"Buffalo Gap 2"}},{"type":"Feature","geometry":{"type":"Point","coordinates":[-100.2065,32.3781]},"properties":{"farm":"roscoe","project":"Buffalo Gap 2"}},{"type":"Feature","geometry":{"type":"Point","coordinates":[-100.2179,32.3748]},"properties":{"farm":"roscoe","project":"Buffalo Gap 2"}},{"type":"Feature","geometry":{"type":"Point","coordinates":[-100.2256,32.3623]},"properties":{"farm":"roscoe","project":"Buffalo Gap 2"}},{"type":"Feature","geometry":{"type":"Point","coordinates":[-100.2305,32.3556]},"properties":{"farm":"roscoe","project":"Buffalo Gap 2"}},{"type":"Feature","geometry":{"type":"Point","coordinates":[-100.2101,32.3738]},"properties":{"farm":"roscoe","project":"Buffalo Gap 2"}},{"type":"Feature","geometry":{"type":"Point","coordinates":[-100.1821,32.3257]},"properties":{"farm":"roscoe","project":"Buffalo Gap 2"}},{"type":"Feature","geometry":{"type":"Point","coordinates":[-100.1939,32.3402]},"properties":{"farm":"roscoe","project":"Buffalo Gap 2"}},{"type":"Feature","geometry":{"type":"Point","coordinates":[-100.2367,32.3336]},"properties":{"farm":"roscoe","project":"Buffalo Gap 2"}},{"type":"Feature","geometry":{"type":"Point","coordinates":[-100.19,32.3171]},"properties":{"farm":"roscoe","project":"Buffalo Gap 2"}},{"type":"Feature","geometry":{"type":"Point","coordinates":[-100.1875,32.3431]},"properties":{"farm":"roscoe","project":"Buffalo Gap 2"}},{"type":"Feature","geometry":{"type":"Point","coordinates":[-100.215,32.3744]},"properties":{"farm":"roscoe","project":"Buffalo Gap 2"}},{"type":"Feature","geometry":{"type":"Point","coordinates":[-100.2324,32.3487]},"properties":{"farm":"roscoe","project":"Buffalo Gap 2"}},{"type":"Feature","geometry":{"type":"Point","coordinates":[-100.2307,32.3328]},"properties":{"farm":"roscoe","project":"Buffalo Gap 2"}},{"type":"Feature","geometry":{"type":"Point","coordinates":[-100.217,32.3489]},"properties":{"farm":"roscoe","project":"Buffalo Gap 2"}},{"type":"Feature","geometry":{"type":"Point","coordinates":[-100.19729,32.32487]},"properties":{"farm":"roscoe","project":"Buffalo Gap 2"}},{"type":"Feature","geometry":{"type":"Point","coordinates":[-100.2007,32.3763]},"properties":{"farm":"roscoe","project":"Buffalo Gap 2"}},{"type":"Feature","geometry":{"type":"Point","coordinates":[-100.1989,32.3621]},"properties":{"farm":"roscoe","project":"Buffalo Gap 2"}},{"type":"Feature","geometry":{"type":"Point","coordinates":[-100.1797,32.3318]},"properties":{"farm":"roscoe","project":"Buffalo Gap 2"}},{"type":"Feature","geometry":{"type":"Point","coordinates":[-100.2279,32.3556]},"properties":{"farm":"roscoe","project":"Buffalo Gap 2"}},{"type":"Feature","geometry":{"type":"Point","coordinates":[-100.2034,32.34]},"properties":{"farm":"roscoe","project":"Buffalo Gap 2"}},{"type":"Feature","geometry":{"type":"Point","coordinates":[-100.2185,32.3317]},"properties":{"farm":"roscoe","project":"Buffalo Gap 2"}},{"type":"Feature","geometry":{"type":"Point","coordinates":[-100.20703,32.31694]},"properties":{"farm":"roscoe","project":"Buffalo Gap 2"}},{"type":"Feature","geometry":{"type":"Point","coordinates":[-100.1716,32.3234]},"properties":{"farm":"roscoe","project":"Buffalo Gap 2"}},{"type":"Feature","geometry":{"type":"Point","coordinates":[-100.2108,32.3136]},"properties":{"farm":"roscoe","project":"Buffalo Gap 2"}},{"type":"Feature","geometry":{"type":"Point","coordinates":[-100.2139,32.3399]},"properties":{"farm":"roscoe","project":"Buffalo Gap 2"}},{"type":"Feature","geometry":{"type":"Point","coordinates":[-100.2486,32.3604]},"properties":{"farm":"roscoe","project":"Buffalo Gap 2"}},{"type":"Feature","geometry":{"type":"Point","coordinates":[-100.2136,32.3313]},"properties":{"farm":"roscoe","project":"Buffalo Gap 2"}},{"type":"Feature","geometry":{"type":"Point","coordinates":[-100.20261,32.32431]},"properties":{"farm":"roscoe","project":"Buffalo Gap 2"}},{"type":"Feature","geometry":{"type":"Point","coordinates":[-100.2349,32.3485]},"properties":{"farm":"roscoe","project":"Buffalo Gap 2"}},{"type":"Feature","geometry":{"type":"Point","coordinates":[-100.2392,32.3339]},"properties":{"farm":"roscoe","project":"Buffalo Gap 2"}},{"type":"Feature","geometry":{"type":"Point","coordinates":[-100.1822,32.3171]},"properties":{"farm":"roscoe","project":"Buffalo Gap 2"}},{"type":"Feature","geometry":{"type":"Point","coordinates":[-100.2408,32.345]},"properties":{"farm":"roscoe","project":"Buffalo Gap 2"}},{"type":"Feature","geometry":{"type":"Point","coordinates":[-100.1745,32.3227]},"properties":{"farm":"roscoe","project":"Buffalo Gap 2"}},{"type":"Feature","geometry":{"type":"Point","coordinates":[-100.2434,32.3613]},"properties":{"farm":"roscoe","project":"Buffalo Gap 2"}},{"type":"Feature","geometry":{"type":"Point","coordinates":[-100.2159,32.3231]},"properties":{"farm":"roscoe","project":"Buffalo Gap 2"}},{"type":"Feature","geometry":{"type":"Point","coordinates":[-100.2001,32.3494]},"properties":{"farm":"roscoe","project":"Buffalo Gap 2"}},{"type":"Feature","geometry":{"type":"Point","coordinates":[-100.2112,32.3311]},"properties":{"farm":"roscoe","project":"Buffalo Gap 2"}},{"type":"Feature","geometry":{"type":"Point","coordinates":[-100.1952,32.3492]},"properties":{"farm":"roscoe","project":"Buffalo Gap 2"}},{"type":"Feature","geometry":{"type":"Point","coordinates":[-100.2385,32.3608]},"properties":{"farm":"roscoe","project":"Buffalo Gap 2"}},{"type":"Feature","geometry":{"type":"Point","coordinates":[-100.1999,32.3246]},"properties":{"farm":"roscoe","project":"Buffalo Gap 2"}},{"type":"Feature","geometry":{"type":"Point","coordinates":[-100.1953,32.3329]},"properties":{"farm":"roscoe","project":"Buffalo Gap 2"}},{"type":"Feature","geometry":{"type":"Point","coordinates":[-100.187,32.3245]},"properties":{"farm":"roscoe","project":"Buffalo Gap 2"}},{"type":"Feature","geometry":{"type":"Point","coordinates":[-100.2519,32.3599]},"properties":{"farm":"roscoe","project":"Buffalo Gap 2"}},{"type":"Feature","geometry":{"type":"Point","coordinates":[-100.1848,32.3165]},"properties":{"farm":"roscoe","project":"Buffalo Gap 2"}},{"type":"Feature","geometry":{"type":"Point","coordinates":[-100.2181,32.3135]},"properties":{"farm":"roscoe","project":"Buffalo Gap 2"}},{"type":"Feature","geometry":{"type":"Point","coordinates":[-100.2065,32.3611]},"properties":{"farm":"roscoe","project":"Buffalo Gap 2"}},{"type":"Feature","geometry":{"type":"Point","coordinates":[-100.2079,32.3238]},"properties":{"farm":"roscoe","project":"Buffalo Gap 2"}},{"type":"Feature","geometry":{"type":"Point","coordinates":[-100.2427,32.3525]},"properties":{"farm":"roscoe","project":"Buffalo Gap 2"}},{"type":"Feature","geometry":{"type":"Point","coordinates":[-100.2282,32.3328]},"properties":{"farm":"roscoe","project":"Buffalo Gap 2"}},{"type":"Feature","geometry":{"type":"Point","coordinates":[-100.2046,32.31698]},"properties":{"farm":"roscoe","project":"Buffalo Gap 2"}},{"type":"Feature","geometry":{"type":"Point","coordinates":[-100.2329,32.3412]},"properties":{"farm":"roscoe","project":"Buffalo Gap 2"}},{"type":"Feature","geometry":{"type":"Point","coordinates":[-100.1846,32.3251]},"properties":{"farm":"roscoe","project":"Buffalo Gap 2"}},{"type":"Feature","geometry":{"type":"Point","coordinates":[-100.2281,32.3622]},"properties":{"farm":"roscoe","project":"Buffalo Gap 2"}},{"type":"Feature","geometry":{"type":"Point","coordinates":[-100.245,32.3379]},"properties":{"farm":"roscoe","project":"Buffalo Gap 2"}},{"type":"Feature","geometry":{"type":"Point","coordinates":[-100.2476,32.3509]},"properties":{"farm":"roscoe","project":"Buffalo Gap 2"}},{"type":"Feature","geometry":{"type":"Point","coordinates":[-100.2002,32.3323]},"properties":{"farm":"roscoe","project":"Buffalo Gap 2"}},{"type":"Feature","geometry":{"type":"Point","coordinates":[-100.2038,32.377]},"properties":{"farm":"roscoe","project":"Buffalo Gap 2"}},{"type":"Feature","geometry":{"type":"Point","coordinates":[-100.1977,32.3326]},"properties":{"farm":"roscoe","project":"Buffalo Gap 2"}},{"type":"Feature","geometry":{"type":"Point","coordinates":[-100.21568,32.31353]},"properties":{"farm":"roscoe","project":"Buffalo Gap 2"}},{"type":"Feature","geometry":{"type":"Point","coordinates":[-100.2218,32.3398]},"properties":{"farm":"roscoe","project":"Buffalo Gap 2"}},{"type":"Feature","geometry":{"type":"Point","coordinates":[-100.2332,32.3556]},"properties":{"farm":"roscoe","project":"Buffalo Gap 2"}},{"type":"Feature","geometry":{"type":"Point","coordinates":[-100.2021,32.317]},"properties":{"farm":"roscoe","project":"Buffalo Gap 2"}},{"type":"Feature","geometry":{"type":"Point","coordinates":[-100.2358,32.3551]},"properties":{"farm":"roscoe","project":"Buffalo Gap 2"}},{"type":"Feature","geometry":{"type":"Point","coordinates":[-100.1964,32.3402]},"properties":{"farm":"roscoe","project":"Buffalo Gap 2"}},{"type":"Feature","geometry":{"type":"Point","coordinates":[-100.2058,32.3393]},"properties":{"farm":"roscoe","project":"Buffalo Gap 2"}},{"type":"Feature","geometry":{"type":"Point","coordinates":[-100.1987,32.3401]},"properties":{"farm":"roscoe","project":"Buffalo Gap 2"}},{"type":"Feature","geometry":{"type":"Point","coordinates":[-100.1894,32.3238]},"properties":{"farm":"roscoe","project":"Buffalo Gap 2"}},{"type":"Feature","geometry":{"type":"Point","coordinates":[-100.1977,32.3491]},"properties":{"farm":"roscoe","project":"Buffalo Gap 2"}},{"type":"Feature","geometry":{"type":"Point","coordinates":[-100.2227,32.3629]},"properties":{"farm":"roscoe","project":"Buffalo Gap 2"}},{"type":"Feature","geometry":{"type":"Point","coordinates":[-100.2303,32.3409]},"properties":{"farm":"roscoe","project":"Buffalo Gap 2"}},{"type":"Feature","geometry":{"type":"Point","coordinates":[-100.211,32.3235]},"properties":{"farm":"roscoe","project":"Buffalo Gap 2"}},{"type":"Feature","geometry":{"type":"Point","coordinates":[-100.2251,32.3486]},"properties":{"farm":"roscoe","project":"Buffalo Gap 2"}},{"type":"Feature","geometry":{"type":"Point","coordinates":[-100.22734,32.31063]},"properties":{"farm":"roscoe","project":"Buffalo Gap 2"}},{"type":"Feature","geometry":{"type":"Point","coordinates":[-100.1792,32.3385]},"properties":{"farm":"roscoe","project":"Buffalo Gap 2"}},{"type":"Feature","geometry":{"type":"Point","coordinates":[-100.2165,32.3619]},"properties":{"farm":"roscoe","project":"Buffalo Gap 2"}},{"type":"Feature","geometry":{"type":"Point","coordinates":[-100.2083,32.3394]},"properties":{"farm":"roscoe","project":"Buffalo Gap 2"}},{"type":"Feature","geometry":{"type":"Point","coordinates":[-100.1906,32.3414]},"properties":{"farm":"roscoe","project":"Buffalo Gap 2"}},{"type":"Feature","geometry":{"type":"Point","coordinates":[-100.189,32.3328]},"properties":{"farm":"roscoe","project":"Buffalo Gap 2"}},{"type":"Feature","geometry":{"type":"Point","coordinates":[-100.2381,32.3547]},"properties":{"farm":"roscoe","project":"Buffalo Gap 2"}},{"type":"Feature","geometry":{"type":"Point","coordinates":[-100.247,32.3368]},"properties":{"farm":"roscoe","project":"Buffalo Gap 2"}},{"type":"Feature","geometry":{"type":"Point","coordinates":[-100.2257,32.3224]},"properties":{"farm":"roscoe","project":"Buffalo Gap 2"}},{"type":"Feature","geometry":{"type":"Point","coordinates":[-100.1789,32.3477]},"properties":{"farm":"roscoe","project":"Buffalo Gap 2"}},{"type":"Feature","geometry":{"type":"Point","coordinates":[-100.209,32.3612]},"properties":{"farm":"roscoe","project":"Buffalo Gap 2"}},{"type":"Feature","geometry":{"type":"Point","coordinates":[-100.2209,32.3321]},"properties":{"farm":"roscoe","project":"Buffalo Gap 2"}},{"type":"Feature","geometry":{"type":"Point","coordinates":[-100.2435,32.344]},"properties":{"farm":"roscoe","project":"Buffalo Gap 2"}},{"type":"Feature","geometry":{"type":"Point","coordinates":[-100.234,32.3332]},"properties":{"farm":"roscoe","project":"Buffalo Gap 2"}},{"type":"Feature","geometry":{"type":"Point","coordinates":[-100.2097,32.3495]},"properties":{"farm":"roscoe","project":"Buffalo Gap 2"}},{"type":"Feature","geometry":{"type":"Point","coordinates":[-100.2024,32.3501]},"properties":{"farm":"roscoe","project":"Buffalo Gap 2"}},{"type":"Feature","geometry":{"type":"Point","coordinates":[-100.2134,32.3233]},"properties":{"farm":"roscoe","project":"Buffalo Gap 2"}},{"type":"Feature","geometry":{"type":"Point","coordinates":[-100.1929,32.3332]},"properties":{"farm":"roscoe","project":"Buffalo Gap 2"}},{"type":"Feature","geometry":{"type":"Point","coordinates":[-100.1841,32.3331]},"properties":{"farm":"roscoe","project":"Buffalo Gap 2"}},{"type":"Feature","geometry":{"type":"Point","coordinates":[-100.2226,32.3486]},"properties":{"farm":"roscoe","project":"Buffalo Gap 2"}},{"type":"Feature","geometry":{"type":"Point","coordinates":[-100.2132,32.3136]},"properties":{"farm":"roscoe","project":"Buffalo Gap 2"}},{"type":"Feature","geometry":{"type":"Point","coordinates":[-100.1813,32.3464]},"properties":{"farm":"roscoe","project":"Buffalo Gap 2"}},{"type":"Feature","geometry":{"type":"Point","coordinates":[-100.2361,32.3614]},"properties":{"farm":"roscoe","project":"Buffalo Gap 2"}},{"type":"Feature","geometry":{"type":"Point","coordinates":[-100.20806,32.33102]},"properties":{"farm":"roscoe","project":"Buffalo Gap 2"}},{"type":"Feature","geometry":{"type":"Point","coordinates":[-100.2234,32.3324]},"properties":{"farm":"roscoe","project":"Buffalo Gap 2"}},{"type":"Feature","geometry":{"type":"Point","coordinates":[-100.2452,32.3516]},"properties":{"farm":"roscoe","project":"Buffalo Gap 2"}},{"type":"Feature","geometry":{"type":"Point","coordinates":[-100.2208,32.3228]},"properties":{"farm":"roscoe","project":"Buffalo Gap 2"}},{"type":"Feature","geometry":{"type":"Point","coordinates":[-100.1919,32.3242]},"properties":{"farm":"roscoe","project":"Buffalo Gap 2"}},{"type":"Feature","geometry":{"type":"Point","coordinates":[-100.2163,32.3398]},"properties":{"farm":"roscoe","project":"Buffalo Gap 2"}},{"type":"Feature","geometry":{"type":"Point","coordinates":[-100.1981,32.3746]},"properties":{"farm":"roscoe","project":"Buffalo Gap 2"}},{"type":"Feature","geometry":{"type":"Point","coordinates":[-100.1956,32.3044]},"properties":{"farm":"roscoe","project":"Buffalo Gap 3"}},{"type":"Feature","geometry":{"type":"Point","coordinates":[-100.1841,32.3036]},"properties":{"farm":"roscoe","project":"Buffalo Gap 3"}},{"type":"Feature","geometry":{"type":"Point","coordinates":[-100.1707,32.2869]},"properties":{"farm":"roscoe","project":"Buffalo Gap 3"}},{"type":"Feature","geometry":{"type":"Point","coordinates":[-100.10518,32.29425]},"properties":{"farm":"roscoe","project":"Buffalo Gap 3"}},{"type":"Feature","geometry":{"type":"Point","coordinates":[-100.103,32.2873]},"properties":{"farm":"roscoe","project":"Buffalo Gap 3"}},{"type":"Feature","geometry":{"type":"Point","coordinates":[-100.1898,32.297]},"properties":{"farm":"roscoe","project":"Buffalo Gap 3"}},{"type":"Feature","geometry":{"type":"Point","coordinates":[-100.1398,32.2953]},"properties":{"farm":"roscoe","project":"Buffalo Gap 3"}},{"type":"Feature","geometry":{"type":"Point","coordinates":[-100.115,32.2872]},"properties":{"farm":"roscoe","project":"Buffalo Gap 3"}},{"type":"Feature","geometry":{"type":"Point","coordinates":[-100.1091,32.2875]},"properties":{"farm":"roscoe","project":"Buffalo Gap 3"}},{"type":"Feature","geometry":{"type":"Point","coordinates":[-100.136,32.2954]},"properties":{"farm":"roscoe","project":"Buffalo Gap 3"}},{"type":"Feature","geometry":{"type":"Point","coordinates":[-100.1548,32.295]},"properties":{"farm":"roscoe","project":"Buffalo Gap 3"}},{"type":"Feature","geometry":{"type":"Point","coordinates":[-100.11076,32.29495]},"properties":{"farm":"roscoe","project":"Buffalo Gap 3"}},{"type":"Feature","geometry":{"type":"Point","coordinates":[-100.1693,32.2952]},"properties":{"farm":"roscoe","project":"Buffalo Gap 3"}},{"type":"Feature","geometry":{"type":"Point","coordinates":[-100.2014,32.3048]},"properties":{"farm":"roscoe","project":"Buffalo Gap 3"}},{"type":"Feature","geometry":{"type":"Point","coordinates":[-100.1812,32.303]},"properties":{"farm":"roscoe","project":"Buffalo Gap 3"}},{"type":"Feature","geometry":{"type":"Point","coordinates":[-100.1598,32.2867]},"properties":{"farm":"roscoe","project":"Buffalo Gap 3"}},{"type":"Feature","geometry":{"type":"Point","coordinates":[-100.2075,32.3056]},"properties":{"farm":"roscoe","project":"Buffalo Gap 3"}},{"type":"Feature","geometry":{"type":"Point","coordinates":[-100.1555,32.2869]},"properties":{"farm":"roscoe","project":"Buffalo Gap 3"}},{"type":"Feature","geometry":{"type":"Point","coordinates":[-100.1429,32.2955]},"properties":{"farm":"roscoe","project":"Buffalo Gap 3"}},{"type":"Feature","geometry":{"type":"Point","coordinates":[-100.1195,32.2957]},"properties":{"farm":"roscoe","project":"Buffalo Gap 3"}},{"type":"Feature","geometry":{"type":"Point","coordinates":[-100.1927,32.2969]},"properties":{"farm":"roscoe","project":"Buffalo Gap 3"}},{"type":"Feature","geometry":{"type":"Point","coordinates":[-100.1829,32.2968]},"properties":{"farm":"roscoe","project":"Buffalo Gap 3"}},{"type":"Feature","geometry":{"type":"Point","coordinates":[-100.1462,32.2879]},"properties":{"farm":"roscoe","project":"Buffalo Gap 3"}},{"type":"Feature","geometry":{"type":"Point","coordinates":[-100.1966,32.3121]},"properties":{"farm":"roscoe","project":"Buffalo Gap 3"}},{"type":"Feature","geometry":{"type":"Point","coordinates":[-100.2045,32.3057]},"properties":{"farm":"roscoe","project":"Buffalo Gap 3"}},{"type":"Feature","geometry":{"type":"Point","coordinates":[-100.1315,32.2884]},"properties":{"farm":"roscoe","project":"Buffalo Gap 3"}},{"type":"Feature","geometry":{"type":"Point","coordinates":[-100.1955,32.2969]},"properties":{"farm":"roscoe","project":"Buffalo Gap 3"}},{"type":"Feature","geometry":{"type":"Point","coordinates":[-100.1737,32.2868]},"properties":{"farm":"roscoe","project":"Buffalo Gap 3"}},{"type":"Feature","geometry":{"type":"Point","coordinates":[-100.11662,32.29553]},"properties":{"farm":"roscoe","project":"Buffalo Gap 3"}},{"type":"Feature","geometry":{"type":"Point","coordinates":[-100.1203,32.2884]},"properties":{"farm":"roscoe","project":"Buffalo Gap 3"}},{"type":"Feature","geometry":{"type":"Point","coordinates":[-100.1433,32.2879]},"properties":{"farm":"roscoe","project":"Buffalo Gap 3"}},{"type":"Feature","geometry":{"type":"Point","coordinates":[-100.1817,32.3105]},"properties":{"farm":"roscoe","project":"Buffalo Gap 3"}},{"type":"Feature","geometry":{"type":"Point","coordinates":[-100.1937,32.3122]},"properties":{"farm":"roscoe","project":"Buffalo Gap 3"}},{"type":"Feature","geometry":{"type":"Point","coordinates":[-100.1627,32.2866]},"properties":{"farm":"roscoe","project":"Buffalo Gap 3"}},{"type":"Feature","geometry":{"type":"Point","coordinates":[-100.1121,32.2878]},"properties":{"farm":"roscoe","project":"Buffalo Gap 3"}},{"type":"Feature","geometry":{"type":"Point","coordinates":[-100.1225,32.2957]},"properties":{"farm":"roscoe","project":"Buffalo Gap 3"}},{"type":"Feature","geometry":{"type":"Point","coordinates":[-100.1793,32.2968]},"properties":{"farm":"roscoe","project":"Buffalo Gap 3"}},{"type":"Feature","geometry":{"type":"Point","coordinates":[-100.1175,32.2884]},"properties":{"farm":"roscoe","project":"Buffalo Gap 3"}},{"type":"Feature","geometry":{"type":"Point","coordinates":[-100.1519,32.295]},"properties":{"farm":"roscoe","project":"Buffalo Gap 3"}},{"type":"Feature","geometry":{"type":"Point","coordinates":[-100.1255,32.2956]},"properties":{"farm":"roscoe","project":"Buffalo Gap 3"}},{"type":"Feature","geometry":{"type":"Point","coordinates":[-100.1607,32.2949]},"properties":{"farm":"roscoe","project":"Buffalo Gap 3"}},{"type":"Feature","geometry":{"type":"Point","coordinates":[-100.1735,32.3027]},"properties":{"farm":"roscoe","project":"Buffalo Gap 3"}},{"type":"Feature","geometry":{"type":"Point","coordinates":[-100.1344,32.2879]},"properties":{"farm":"roscoe","project":"Buffalo Gap 3"}},{"type":"Feature","geometry":{"type":"Point","coordinates":[-100.1492,32.2879]},"properties":{"farm":"roscoe","project":"Buffalo Gap 3"}},{"type":"Feature","geometry":{"type":"Point","coordinates":[-100.1636,32.2948]},"properties":{"farm":"roscoe","project":"Buffalo Gap 3"}},{"type":"Feature","geometry":{"type":"Point","coordinates":[-100.1996,32.3121]},"properties":{"farm":"roscoe","project":"Buffalo Gap 3"}},{"type":"Feature","geometry":{"type":"Point","coordinates":[-100.1081,32.2939]},"properties":{"farm":"roscoe","project":"Buffalo Gap 3"}},{"type":"Feature","geometry":{"type":"Point","coordinates":[-100.1796,32.2867]},"properties":{"farm":"roscoe","project":"Buffalo Gap 3"}},{"type":"Feature","geometry":{"type":"Point","coordinates":[-100.1373,32.2879]},"properties":{"farm":"roscoe","project":"Buffalo Gap 3"}},{"type":"Feature","geometry":{"type":"Point","coordinates":[-100.1525,32.287]},"properties":{"farm":"roscoe","project":"Buffalo Gap 3"}},{"type":"Feature","geometry":{"type":"Point","coordinates":[-100.1846,32.3109]},"properties":{"farm":"roscoe","project":"Buffalo Gap 3"}},{"type":"Feature","geometry":{"type":"Point","coordinates":[-100.1483,32.2951]},"properties":{"farm":"roscoe","project":"Buffalo Gap 3"}},{"type":"Feature","geometry":{"type":"Point","coordinates":[-100.1985,32.3048]},"properties":{"farm":"roscoe","project":"Buffalo Gap 3"}},{"type":"Feature","geometry":{"type":"Point","coordinates":[-100.1983,32.2968]},"properties":{"farm":"roscoe","project":"Buffalo Gap 3"}},{"type":"Feature","geometry":{"type":"Point","coordinates":[-100.1666,32.2948]},"properties":{"farm":"roscoe","project":"Buffalo Gap 3"}},{"type":"Feature","geometry":{"type":"Point","coordinates":[-100.1826,32.2867]},"properties":{"farm":"roscoe","project":"Buffalo Gap 3"}},{"type":"Feature","geometry":{"type":"Point","coordinates":[-100.1784,32.3036]},"properties":{"farm":"roscoe","project":"Buffalo Gap 3"}},{"type":"Feature","geometry":{"type":"Point","coordinates":[-100.1766,32.2868]},"properties":{"farm":"roscoe","project":"Buffalo Gap 3"}},{"type":"Feature","geometry":{"type":"Point","coordinates":[-100.1578,32.2949]},"properties":{"farm":"roscoe","project":"Buffalo Gap 3"}},{"type":"Feature","geometry":{"type":"Point","coordinates":[-100.1137,32.2949]},"properties":{"farm":"roscoe","project":"Buffalo Gap 3"}},{"type":"Feature","geometry":{"type":"Point","coordinates":[-100.1898,32.3044]},"properties":{"farm":"roscoe","project":"Buffalo Gap 3"}},{"type":"Feature","geometry":{"type":"Point","coordinates":[-100.1869,32.3042]},"properties":{"farm":"roscoe","project":"Buffalo Gap 3"}},{"type":"Feature","geometry":{"type":"Point","coordinates":[-100.1927,32.3044]},"properties":{"farm":"roscoe","project":"Buffalo Gap 3"}},{"type":"Feature","geometry":{"type":"Point","coordinates":[-100.1788,32.3102]},"properties":{"farm":"roscoe","project":"Buffalo Gap 3"}},{"type":"Feature","geometry":{"type":"Point","coordinates":[-100.1705,32.3032]},"properties":{"farm":"roscoe","project":"Buffalo Gap 3"}},{"type":"Feature","geometry":{"type":"Point","coordinates":[-100.1291,32.2956]},"properties":{"farm":"roscoe","project":"Buffalo Gap 3"}},{"type":"Feature","geometry":{"type":"Point","coordinates":[-100.1907,32.3122]},"properties":{"farm":"roscoe","project":"Buffalo Gap 3"}},{"type":"Feature","geometry":{"type":"Point","coordinates":[-100.1001,32.2879]},"properties":{"farm":"roscoe","project":"Buffalo Gap 3"}},{"type":"Feature","geometry":{"type":"Point","coordinates":[-100.1321,32.2955]},"properties":{"farm":"roscoe","project":"Buffalo Gap 3"}},{"type":"Feature","geometry":{"type":"Point","coordinates":[-100.1403,32.2879]},"properties":{"farm":"roscoe","project":"Buffalo Gap 3"}},{"type":"Feature","geometry":{"type":"Point","coordinates":[-100.1235,32.2883]},"properties":{"farm":"roscoe","project":"Buffalo Gap 3"}},{"type":"Feature","geometry":{"type":"Point","coordinates":[-100.1721,32.2952]},"properties":{"farm":"roscoe","project":"Buffalo Gap 3"}},{"type":"Feature","geometry":{"type":"Point","coordinates":[-100.2012,32.2968]},"properties":{"farm":"roscoe","project":"Buffalo Gap 3"}},{"type":"Feature","geometry":{"type":"Point","coordinates":[-100.1749,32.2969]},"properties":{"farm":"roscoe","project":"Buffalo Gap 3"}},{"type":"Feature","geometry":{"type":"Point","coordinates":[-100.0958,32.3047]},"properties":{"farm":"roscoe","project":"Buffalo Gap Wind Farm"}},{"type":"Feature","geometry":{"type":"Point","coordinates":[-100.0939,32.3129]},"properties":{"farm":"roscoe","project":"Buffalo Gap Wind Farm"}},{"type":"Feature","geometry":{"type":"Point","coordinates":[-100.1163,32.309]},"properties":{"farm":"roscoe","project":"Buffalo Gap Wind Farm"}},{"type":"Feature","geometry":{"type":"Point","coordinates":[-100.1467,32.3043]},"properties":{"farm":"roscoe","project":"Buffalo Gap Wind Farm"}},{"type":"Feature","geometry":{"type":"Point","coordinates":[-100.1319,32.3059]},"properties":{"farm":"roscoe","project":"Buffalo Gap Wind Farm"}},{"type":"Feature","geometry":{"type":"Point","coordinates":[-100.149,32.3042]},"properties":{"farm":"roscoe","project":"Buffalo Gap Wind Farm"}},{"type":"Feature","geometry":{"type":"Point","coordinates":[-100.0926,32.3048]},"properties":{"farm":"roscoe","project":"Buffalo Gap Wind Farm"}},{"type":"Feature","geometry":{"type":"Point","coordinates":[-100.139,32.3058]},"properties":{"farm":"roscoe","project":"Buffalo Gap Wind Farm"}},{"type":"Feature","geometry":{"type":"Point","coordinates":[-100.1441,32.3046]},"properties":{"farm":"roscoe","project":"Buffalo Gap Wind Farm"}},{"type":"Feature","geometry":{"type":"Point","coordinates":[-100.13443,32.30572]},"properties":{"farm":"roscoe","project":"Buffalo Gap Wind Farm"}},{"type":"Feature","geometry":{"type":"Point","coordinates":[-100.1293,32.313]},"properties":{"farm":"roscoe","project":"Buffalo Gap Wind Farm"}},{"type":"Feature","geometry":{"type":"Point","coordinates":[-100.1494,32.3117]},"properties":{"farm":"roscoe","project":"Buffalo Gap Wind Farm"}},{"type":"Feature","geometry":{"type":"Point","coordinates":[-100.1413,32.3045]},"properties":{"farm":"roscoe","project":"Buffalo Gap Wind Farm"}},{"type":"Feature","geometry":{"type":"Point","coordinates":[-100.12705,32.30587]},"properties":{"farm":"roscoe","project":"Buffalo Gap Wind Farm"}},{"type":"Feature","geometry":{"type":"Point","coordinates":[-100.098,32.3053]},"properties":{"farm":"roscoe","project":"Buffalo Gap Wind Farm"}},{"type":"Feature","geometry":{"type":"Point","coordinates":[-100.0541,32.3051]},"properties":{"farm":"roscoe","project":"Buffalo Gap Wind Farm"}},{"type":"Feature","geometry":{"type":"Point","coordinates":[-100.09629,32.31295]},"properties":{"farm":"roscoe","project":"Buffalo Gap Wind Farm"}},{"type":"Feature","geometry":{"type":"Point","coordinates":[-100.12033,32.30406]},"properties":{"farm":"roscoe","project":"Buffalo Gap Wind Farm"}},{"type":"Feature","geometry":{"type":"Point","coordinates":[-100.1084,32.3055]},"properties":{"farm":"roscoe","project":"Buffalo Gap Wind Farm"}},{"type":"Feature","geometry":{"type":"Point","coordinates":[-100.0561,32.2971]},"properties":{"farm":"roscoe","project":"Buffalo Gap Wind Farm"}},{"type":"Feature","geometry":{"type":"Point","coordinates":[-100.0935,32.2974]},"properties":{"farm":"roscoe","project":"Buffalo Gap Wind Farm"}},{"type":"Feature","geometry":{"type":"Point","coordinates":[-100.1423,32.313]},"properties":{"farm":"roscoe","project":"Buffalo Gap Wind Farm"}},{"type":"Feature","geometry":{"type":"Point","coordinates":[-100.152,32.3123]},"properties":{"farm":"roscoe","project":"Buffalo Gap Wind Farm"}},{"type":"Feature","geometry":{"type":"Point","coordinates":[-100.1058,32.3055]},"properties":{"farm":"roscoe","project":"Buffalo Gap Wind Farm"}},{"type":"Feature","geometry":{"type":"Point","coordinates":[-100.1499,32.32503]},"properties":{"farm":"roscoe","project":"Buffalo Gap Wind Farm"}},{"type":"Feature","geometry":{"type":"Point","coordinates":[-100.1535,32.31893]},"properties":{"farm":"roscoe","project":"Buffalo Gap Wind Farm"}},{"type":"Feature","geometry":{"type":"Point","coordinates":[-100.111,32.3055]},"properties":{"farm":"roscoe","project":"Buffalo Gap Wind Farm"}},{"type":"Feature","geometry":{"type":"Point","coordinates":[-100.06357,32.31143]},"properties":{"farm":"roscoe","project":"Buffalo Gap Wind Farm"}},{"type":"Feature","geometry":{"type":"Point","coordinates":[-100.09,32.3057]},"properties":{"farm":"roscoe","project":"Buffalo Gap Wind Farm"}},{"type":"Feature","geometry":{"type":"Point","coordinates":[-100.1469,32.31109]},"properties":{"farm":"roscoe","project":"Buffalo Gap Wind Farm"}},{"type":"Feature","geometry":{"type":"Point","coordinates":[-100.0609,32.2985]},"properties":{"farm":"roscoe","project":"Buffalo Gap Wind Farm"}},{"type":"Feature","geometry":{"type":"Point","coordinates":[-100.1658,32.3106]},"properties":{"farm":"roscoe","project":"Buffalo Gap Wind Farm"}},{"type":"Feature","geometry":{"type":"Point","coordinates":[-100.1543,32.3036]},"properties":{"farm":"roscoe","project":"Buffalo Gap Wind Farm"}},{"type":"Feature","geometry":{"type":"Point","coordinates":[-100.0887,32.3112]},"properties":{"farm":"roscoe","project":"Buffalo Gap Wind Farm"}},{"type":"Feature","geometry":{"type":"Point","coordinates":[-100.1007,32.3055]},"properties":{"farm":"roscoe","project":"Buffalo Gap Wind Farm"}},{"type":"Feature","geometry":{"type":"Point","coordinates":[-100.1607,32.3113]},"properties":{"farm":"roscoe","project":"Buffalo Gap Wind Farm"}},{"type":"Feature","geometry":{"type":"Point","coordinates":[-100.1185,32.31]},"properties":{"farm":"roscoe","project":"Buffalo Gap Wind Farm"}},{"type":"Feature","geometry":{"type":"Point","coordinates":[-100.1143,32.3036]},"properties":{"farm":"roscoe","project":"Buffalo Gap Wind Farm"}},{"type":"Feature","geometry":{"type":"Point","coordinates":[-100.0631,32.3049]},"properties":{"farm":"roscoe","project":"Buffalo Gap Wind Farm"}},{"type":"Feature","geometry":{"type":"Point","coordinates":[-100.1448,32.3122]},"properties":{"farm":"roscoe","project":"Buffalo Gap Wind Farm"}},{"type":"Feature","geometry":{"type":"Point","coordinates":[-100.1397,32.3126]},"properties":{"farm":"roscoe","project":"Buffalo Gap Wind Farm"}},{"type":"Feature","geometry":{"type":"Point","coordinates":[-100.0863,32.298]},"properties":{"farm":"roscoe","project":"Buffalo Gap Wind Farm"}},{"type":"Feature","geometry":{"type":"Point","coordinates":[-100.09149,32.31256]},"properties":{"farm":"roscoe","project":"Buffalo Gap Wind Farm"}},{"type":"Feature","geometry":{"type":"Point","coordinates":[-100.06131,32.31157]},"properties":{"farm":"roscoe","project":"Buffalo Gap Wind Farm"}},{"type":"Feature","geometry":{"type":"Point","coordinates":[-100.1294,32.3057]},"properties":{"farm":"roscoe","project":"Buffalo Gap Wind Farm"}},{"type":"Feature","geometry":{"type":"Point","coordinates":[-100.1548,32.3119]},"properties":{"farm":"roscoe","project":"Buffalo Gap Wind Farm"}},{"type":"Feature","geometry":{"type":"Point","coordinates":[-100.0596,32.3052]},"properties":{"farm":"roscoe","project":"Buffalo Gap Wind Farm"}},{"type":"Feature","geometry":{"type":"Point","coordinates":[-100.0837,32.298]},"properties":{"farm":"roscoe","project":"Buffalo Gap Wind Farm"}},{"type":"Feature","geometry":{"type":"Point","coordinates":[-100.1316,32.3132]},"properties":{"farm":"roscoe","project":"Buffalo Gap Wind Farm"}},{"type":"Feature","geometry":{"type":"Point","coordinates":[-100.163,32.3106]},"properties":{"farm":"roscoe","project":"Buffalo Gap Wind Farm"}},{"type":"Feature","geometry":{"type":"Point","coordinates":[-100.1488,32.3191]},"properties":{"farm":"roscoe","project":"Buffalo Gap Wind Farm"}},{"type":"Feature","geometry":{"type":"Point","coordinates":[-100.1471,32.3253]},"properties":{"farm":"roscoe","project":"Buffalo Gap Wind Farm"}},{"type":"Feature","geometry":{"type":"Point","coordinates":[-100.1669,32.3015]},"properties":{"farm":"roscoe","project":"Buffalo Gap Wind Farm"}},{"type":"Feature","geometry":{"type":"Point","coordinates":[-100.123,32.3047]},"properties":{"farm":"roscoe","project":"Buffalo Gap Wind Farm"}},{"type":"Feature","geometry":{"type":"Point","coordinates":[-100.15178,32.30442]},"properties":{"farm":"roscoe","project":"Buffalo Gap Wind Farm"}},{"type":"Feature","geometry":{"type":"Point","coordinates":[-100.1033,32.3055]},"properties":{"farm":"roscoe","project":"Buffalo Gap Wind Farm"}},{"type":"Feature","geometry":{"type":"Point","coordinates":[-100.0907,32.2968]},"properties":{"farm":"roscoe","project":"Buffalo Gap Wind Farm"}},{"type":"Feature","geometry":{"type":"Point","coordinates":[-100.0587,32.298]},"properties":{"farm":"roscoe","project":"Buffalo Gap Wind Farm"}},{"type":"Feature","geometry":{"type":"Point","coordinates":[-100.164,32.3016]},"properties":{"farm":"roscoe","project":"Buffalo Gap Wind Farm"}},{"type":"Feature","geometry":{"type":"Point","coordinates":[-100.1569,32.3034]},"properties":{"farm":"roscoe","project":"Buffalo Gap Wind Farm"}},{"type":"Feature","geometry":{"type":"Point","coordinates":[-100.0859,32.3109]},"properties":{"farm":"roscoe","project":"Buffalo Gap Wind Farm"}},{"type":"Feature","geometry":{"type":"Point","coordinates":[-100.1599,32.3019]},"properties":{"farm":"roscoe","project":"Buffalo Gap Wind Farm"}},{"type":"Feature","geometry":{"type":"Point","coordinates":[-100.6118,32.3836]},"properties":{"farm":"roscoe","project":"Champion"}},{"type":"Feature","geometry":{"type":"Point","coordinates":[-100.5772,32.3902]},"properties":{"farm":"roscoe","project":"Champion"}},{"type":"Feature","geometry":{"type":"Point","coordinates":[-100.6172,32.3862]},"properties":{"farm":"roscoe","project":"Champion"}},{"type":"Feature","geometry":{"type":"Point","coordinates":[-100.5944,32.3871]},"properties":{"farm":"roscoe","project":"Champion"}},{"type":"Feature","geometry":{"type":"Point","coordinates":[-100.5661,32.4103]},"properties":{"farm":"roscoe","project":"Champion"}},{"type":"Feature","geometry":{"type":"Point","coordinates":[-100.5915,32.4045]},"properties":{"farm":"roscoe","project":"Champion"}},{"type":"Feature","geometry":{"type":"Point","coordinates":[-100.5739,32.3896]},"properties":{"farm":"roscoe","project":"Champion"}},{"type":"Feature","geometry":{"type":"Point","coordinates":[-100.5941,32.4058]},"properties":{"farm":"roscoe","project":"Champion"}},{"type":"Feature","geometry":{"type":"Point","coordinates":[-100.5875,32.3977]},"properties":{"farm":"roscoe","project":"Champion"}},{"type":"Feature","geometry":{"type":"Point","coordinates":[-100.6149,32.3849]},"properties":{"farm":"roscoe","project":"Champion"}},{"type":"Feature","geometry":{"type":"Point","coordinates":[-100.5703,32.4006]},"properties":{"farm":"roscoe","project":"Champion"}},{"type":"Feature","geometry":{"type":"Point","coordinates":[-100.5978,32.3912]},"properties":{"farm":"roscoe","project":"Champion"}},{"type":"Feature","geometry":{"type":"Point","coordinates":[-100.6041,32.3955]},"properties":{"farm":"roscoe","project":"Champion"}},{"type":"Feature","geometry":{"type":"Point","coordinates":[-100.5731,32.4024]},"properties":{"farm":"roscoe","project":"Champion"}},{"type":"Feature","geometry":{"type":"Point","coordinates":[-100.6193,32.3874]},"properties":{"farm":"roscoe","project":"Champion"}},{"type":"Feature","geometry":{"type":"Point","coordinates":[-100.5588,32.4046]},"properties":{"farm":"roscoe","project":"Champion"}},{"type":"Feature","geometry":{"type":"Point","coordinates":[-100.6103,32.3808]},"properties":{"farm":"roscoe","project":"Champion"}},{"type":"Feature","geometry":{"type":"Point","coordinates":[-100.615,32.3995]},"properties":{"farm":"roscoe","project":"Champion"}},{"type":"Feature","geometry":{"type":"Point","coordinates":[-100.5753,32.4049]},"properties":{"farm":"roscoe","project":"Champion"}},{"type":"Feature","geometry":{"type":"Point","coordinates":[-100.6117,32.3988]},"properties":{"farm":"roscoe","project":"Champion"}},{"type":"Feature","geometry":{"type":"Point","coordinates":[-100.6019,32.3939]},"properties":{"farm":"roscoe","project":"Champion"}},{"type":"Feature","geometry":{"type":"Point","coordinates":[-100.5836,32.3941]},"properties":{"farm":"roscoe","project":"Champion"}},{"type":"Feature","geometry":{"type":"Point","coordinates":[-100.6066,32.3969]},"properties":{"farm":"roscoe","project":"Champion"}},{"type":"Feature","geometry":{"type":"Point","coordinates":[-100.5644,32.4083]},"properties":{"farm":"roscoe","project":"Champion"}},{"type":"Feature","geometry":{"type":"Point","coordinates":[-100.5895,32.4023]},"properties":{"farm":"roscoe","project":"Champion"}},{"type":"Feature","geometry":{"type":"Point","coordinates":[-100.5689,32.3968]},"properties":{"farm":"roscoe","project":"Champion"}},{"type":"Feature","geometry":{"type":"Point","coordinates":[-100.5613,32.4075]},"properties":{"farm":"roscoe","project":"Champion"}},{"type":"Feature","geometry":{"type":"Point","coordinates":[-100.5855,32.3961]},"properties":{"farm":"roscoe","project":"Champion"}},{"type":"Feature","geometry":{"type":"Point","coordinates":[-100.6071,32.3808]},"properties":{"farm":"roscoe","project":"Champion"}},{"type":"Feature","geometry":{"type":"Point","coordinates":[-100.5815,32.3923]},"properties":{"farm":"roscoe","project":"Champion"}},{"type":"Feature","geometry":{"type":"Point","coordinates":[-100.5959,32.3892]},"properties":{"farm":"roscoe","project":"Champion"}},{"type":"Feature","geometry":{"type":"Point","coordinates":[-100.6176,32.4008]},"properties":{"farm":"roscoe","project":"Champion"}},{"type":"Feature","geometry":{"type":"Point","coordinates":[-100.17182,32.2642]},"properties":{"farm":"roscoe","project":"Horse Hollow II"}},{"type":"Feature","geometry":{"type":"Point","coordinates":[-100.17127,32.25384]},"properties":{"farm":"roscoe","project":"Horse Hollow II"}},{"type":"Feature","geometry":{"type":"Point","coordinates":[-100.19436,32.2675]},"properties":{"farm":"roscoe","project":"Horse Hollow II"}},{"type":"Feature","geometry":{"type":"Point","coordinates":[-100.16399,32.26361]},"properties":{"farm":"roscoe","project":"Horse Hollow II"}},{"type":"Feature","geometry":{"type":"Point","coordinates":[-100.18919,32.28951]},"properties":{"farm":"roscoe","project":"Horse Hollow II"}},{"type":"Feature","geometry":{"type":"Point","coordinates":[-100.20678,32.28974]},"properties":{"farm":"roscoe","project":"Horse Hollow II"}},{"type":"Feature","geometry":{"type":"Point","coordinates":[-100.20606,32.26715]},"properties":{"farm":"roscoe","project":"Horse Hollow II"}},{"type":"Feature","geometry":{"type":"Point","coordinates":[-100.22147,32.30353]},"properties":{"farm":"roscoe","project":"Horse Hollow II"}},{"type":"Feature","geometry":{"type":"Point","coordinates":[-100.16799,32.27561]},"properties":{"farm":"roscoe","project":"Horse Hollow II"}},{"type":"Feature","geometry":{"type":"Point","coordinates":[-100.21845,32.30422]},"properties":{"farm":"roscoe","project":"Horse Hollow II"}},{"type":"Feature","geometry":{"type":"Point","coordinates":[-100.15599,32.27561]},"properties":{"farm":"roscoe","project":"Horse Hollow II"}},{"type":"Feature","geometry":{"type":"Point","coordinates":[-100.16586,32.25392]},"properties":{"farm":"roscoe","project":"Horse Hollow II"}},{"type":"Feature","geometry":{"type":"Point","coordinates":[-100.16199,32.27561]},"properties":{"farm":"roscoe","project":"Horse Hollow II"}},{"type":"Feature","geometry":{"type":"Point","coordinates":[-100.21044,32.2757]},"properties":{"farm":"roscoe","project":"Horse Hollow II"}},{"type":"Feature","geometry":{"type":"Point","coordinates":[-100.14301,32.26678]},"properties":{"farm":"roscoe","project":"Horse Hollow II"}},{"type":"Feature","geometry":{"type":"Point","coordinates":[-100.07475,32.21058]},"properties":{"farm":"roscoe","project":"Horse Hollow II"}},{"type":"Feature","geometry":{"type":"Point","coordinates":[-100.05177,32.1984]},"properties":{"farm":"roscoe","project":"Horse Hollow II"}},{"type":"Feature","geometry":{"type":"Point","coordinates":[-100.19819,32.28942]},"properties":{"farm":"roscoe","project":"Horse Hollow II"}},{"type":"Feature","geometry":{"type":"Point","coordinates":[-100.21542,32.30374]},"properties":{"farm":"roscoe","project":"Horse Hollow II"}},{"type":"Feature","geometry":{"type":"Point","coordinates":[-100.15456,32.25334]},"properties":{"farm":"roscoe","project":"Horse Hollow II"}},{"type":"Feature","geometry":{"type":"Point","coordinates":[-100.15725,32.2533]},"properties":{"farm":"roscoe","project":"Horse Hollow II"}},{"type":"Feature","geometry":{"type":"Point","coordinates":[-100.21265,32.30354]},"properties":{"farm":"roscoe","project":"Horse Hollow II"}},{"type":"Feature","geometry":{"type":"Point","coordinates":[-100.09768,32.25107]},"properties":{"farm":"roscoe","project":"Horse Hollow II"}},{"type":"Feature","geometry":{"type":"Point","coordinates":[-100.15299,32.27561]},"properties":{"farm":"roscoe","project":"Horse Hollow II"}},{"type":"Feature","geometry":{"type":"Point","coordinates":[-100.20387,32.28963]},"properties":{"farm":"roscoe","project":"Horse Hollow II"}},{"type":"Feature","geometry":{"type":"Point","coordinates":[-100.19181,32.26594]},"properties":{"farm":"roscoe","project":"Horse Hollow II"}},{"type":"Feature","geometry":{"type":"Point","coordinates":[-100.18619,32.28951]},"properties":{"farm":"roscoe","project":"Horse Hollow II"}},{"type":"Feature","geometry":{"type":"Point","coordinates":[-100.1896,32.27681]},"properties":{"farm":"roscoe","project":"Horse Hollow II"}},{"type":"Feature","geometry":{"type":"Point","coordinates":[-100.15186,32.25337]},"properties":{"farm":"roscoe","project":"Horse Hollow II"}},{"type":"Feature","geometry":{"type":"Point","coordinates":[-100.17463,32.26417]},"properties":{"farm":"roscoe","project":"Horse Hollow II"}},{"type":"Feature","geometry":{"type":"Point","coordinates":[-100.07136,32.21162]},"properties":{"farm":"roscoe","project":"Horse Hollow II"}},{"type":"Feature","geometry":{"type":"Point","coordinates":[-100.15199,32.26602]},"properties":{"farm":"roscoe","project":"Horse Hollow II"}},{"type":"Feature","geometry":{"type":"Point","coordinates":[-100.14897,32.26678]},"properties":{"farm":"roscoe","project":"Horse Hollow II"}},{"type":"Feature","geometry":{"type":"Point","coordinates":[-100.21533,32.2896]},"properties":{"farm":"roscoe","project":"Horse Hollow II"}},{"type":"Feature","geometry":{"type":"Point","coordinates":[-100.177,32.27651]},"properties":{"farm":"roscoe","project":"Horse Hollow II"}},{"type":"Feature","geometry":{"type":"Point","coordinates":[-100.22218,32.28941]},"properties":{"farm":"roscoe","project":"Horse Hollow II"}},{"type":"Feature","geometry":{"type":"Point","coordinates":[-100.17099,32.27561]},"properties":{"farm":"roscoe","project":"Horse Hollow II"}},{"type":"Feature","geometry":{"type":"Point","coordinates":[-100.16048,32.25399]},"properties":{"farm":"roscoe","project":"Horse Hollow II"}},{"type":"Feature","geometry":{"type":"Point","coordinates":[-100.08067,32.22647]},"properties":{"farm":"roscoe","project":"Horse Hollow II"}},{"type":"Feature","geometry":{"type":"Point","coordinates":[-100.21262,32.28904]},"properties":{"farm":"roscoe","project":"Horse Hollow II"}},{"type":"Feature","geometry":{"type":"Point","coordinates":[-100.17745,32.26437]},"properties":{"farm":"roscoe","project":"Horse Hollow II"}},{"type":"Feature","geometry":{"type":"Point","coordinates":[-100.18026,32.26433]},"properties":{"farm":"roscoe","project":"Horse Hollow II"}},{"type":"Feature","geometry":{"type":"Point","coordinates":[-100.1692,32.26359]},"properties":{"farm":"roscoe","project":"Horse Hollow II"}},{"type":"Feature","geometry":{"type":"Point","coordinates":[-100.20971,32.28985]},"properties":{"farm":"roscoe","project":"Horse Hollow II"}},{"type":"Feature","geometry":{"type":"Point","coordinates":[-100.24401,32.30398]},"properties":{"farm":"roscoe","project":"Horse Hollow III"}},{"type":"Feature","geometry":{"type":"Point","coordinates":[-100.23939,32.30561]},"properties":{"farm":"roscoe","project":"Horse Hollow III"}},{"type":"Feature","geometry":{"type":"Point","coordinates":[-100.27254,32.26601]},"properties":{"farm":"roscoe","project":"Horse Hollow III"}},{"type":"Feature","geometry":{"type":"Point","coordinates":[-100.21888,32.2651]},"properties":{"farm":"roscoe","project":"Horse Hollow III"}},{"type":"Feature","geometry":{"type":"Point","coordinates":[-100.29494,32.30071]},"properties":{"farm":"roscoe","project":"Horse Hollow III"}},{"type":"Feature","geometry":{"type":"Point","coordinates":[-100.27246,32.27802]},"properties":{"farm":"roscoe","project":"Horse Hollow III"}},{"type":"Feature","geometry":{"type":"Point","coordinates":[-100.27044,32.30127]},"properties":{"farm":"roscoe","project":"Horse Hollow III"}},{"type":"Feature","geometry":{"type":"Point","coordinates":[-100.27006,32.27802]},"properties":{"farm":"roscoe","project":"Horse Hollow III"}},{"type":"Feature","geometry":{"type":"Point","coordinates":[-100.26979,32.28901]},"properties":{"farm":"roscoe","project":"Horse Hollow III"}},{"type":"Feature","geometry":{"type":"Point","coordinates":[-100.30874,32.2654]},"properties":{"farm":"roscoe","project":"Horse Hollow III"}},{"type":"Feature","geometry":{"type":"Point","coordinates":[-100.24615,32.25456]},"properties":{"farm":"roscoe","project":"Horse Hollow III"}},{"type":"Feature","geometry":{"type":"Point","coordinates":[-100.23599,32.29]},"properties":{"farm":"roscoe","project":"Horse Hollow III"}},{"type":"Feature","geometry":{"type":"Point","coordinates":[-100.24319,32.29321]},"properties":{"farm":"roscoe","project":"Horse Hollow III"}},{"type":"Feature","geometry":{"type":"Point","coordinates":[-100.25784,32.25222]},"properties":{"farm":"roscoe","project":"Horse Hollow III"}},{"type":"Feature","geometry":{"type":"Point","coordinates":[-100.28758,32.30153]},"properties":{"farm":"roscoe","project":"Horse Hollow III"}},{"type":"Feature","geometry":{"type":"Point","coordinates":[-100.27527,32.30277]},"properties":{"farm":"roscoe","project":"Horse Hollow III"}},{"type":"Feature","geometry":{"type":"Point","coordinates":[-100.26112,32.30308]},"properties":{"farm":"roscoe","project":"Horse Hollow III"}},{"type":"Feature","geometry":{"type":"Point","coordinates":[-100.28998,32.30099]},"properties":{"farm":"roscoe","project":"Horse Hollow III"}},{"type":"Feature","geometry":{"type":"Point","coordinates":[-100.27939,32.289]},"properties":{"farm":"roscoe","project":"Horse Hollow III"}},{"type":"Feature","geometry":{"type":"Point","coordinates":[-100.22591,32.26507]},"properties":{"farm":"roscoe","project":"Horse Hollow III"}},{"type":"Feature","geometry":{"type":"Point","coordinates":[-100.30121,32.27931]},"properties":{"farm":"roscoe","project":"Horse Hollow III"}},{"type":"Feature","geometry":{"type":"Point","coordinates":[-100.24165,32.2534]},"properties":{"farm":"roscoe","project":"Horse Hollow III"}},{"type":"Feature","geometry":{"type":"Point","coordinates":[-100.30303,32.26223]},"properties":{"farm":"roscoe","project":"Horse Hollow III"}},{"type":"Feature","geometry":{"type":"Point","coordinates":[-100.28266,32.30305]},"properties":{"farm":"roscoe","project":"Horse Hollow III"}},{"type":"Feature","geometry":{"type":"Point","coordinates":[-100.3193,32.27694]},"properties":{"farm":"roscoe","project":"Horse Hollow III"}},{"type":"Feature","geometry":{"type":"Point","coordinates":[-100.2554,32.25304]},"properties":{"farm":"roscoe","project":"Horse Hollow III"}},{"type":"Feature","geometry":{"type":"Point","coordinates":[-100.23096,32.26505]},"properties":{"farm":"roscoe","project":"Horse Hollow III"}},{"type":"Feature","geometry":{"type":"Point","coordinates":[-100.2628,32.25321]},"properties":{"farm":"roscoe","project":"Horse Hollow III"}},{"type":"Feature","geometry":{"type":"Point","coordinates":[-100.30267,32.25315]},"properties":{"farm":"roscoe","project":"Horse Hollow III"}},{"type":"Feature","geometry":{"type":"Point","coordinates":[-100.24654,32.30362]},"properties":{"farm":"roscoe","project":"Horse Hollow III"}},{"type":"Feature","geometry":{"type":"Point","coordinates":[-100.27014,32.25333]},"properties":{"farm":"roscoe","project":"Horse Hollow III"}},{"type":"Feature","geometry":{"type":"Point","coordinates":[-100.27702,32.27721]},"properties":{"farm":"roscoe","project":"Horse Hollow III"}},{"type":"Feature","geometry":{"type":"Point","coordinates":[-100.22862,32.26507]},"properties":{"farm":"roscoe","project":"Horse Hollow III"}},{"type":"Feature","geometry":{"type":"Point","coordinates":[-100.32154,32.25877]},"properties":{"farm":"roscoe","project":"Horse Hollow III"}},{"type":"Feature","geometry":{"type":"Point","coordinates":[-100.28419,32.28901]},"properties":{"farm":"roscoe","project":"Horse Hollow III"}},{"type":"Feature","geometry":{"type":"Point","coordinates":[-100.25509,32.2903]},"properties":{"farm":"roscoe","project":"Horse Hollow III"}},{"type":"Feature","geometry":{"type":"Point","coordinates":[-100.24742,32.26499]},"properties":{"farm":"roscoe","project":"Horse Hollow III"}},{"type":"Feature","geometry":{"type":"Point","coordinates":[-100.31443,32.28901]},"properties":{"farm":"roscoe","project":"Horse Hollow III"}},{"type":"Feature","geometry":{"type":"Point","coordinates":[-100.22112,32.26476]},"properties":{"farm":"roscoe","project":"Horse Hollow III"}},{"type":"Feature","geometry":{"type":"Point","coordinates":[-100.2815,32.25337]},"properties":{"farm":"roscoe","project":"Horse Hollow III"}},{"type":"Feature","geometry":{"type":"Point","coordinates":[-100.2531,32.25317]},"properties":{"farm":"roscoe","project":"Horse Hollow III"}},{"type":"Feature","geometry":{"type":"Point","coordinates":[-100.25039,32.29282]},"properties":{"farm":"roscoe","project":"Horse Hollow III"}},{"type":"Feature","geometry":{"type":"Point","coordinates":[-100.23225,32.25294]},"properties":{"farm":"roscoe","project":"Horse Hollow III"}},{"type":"Feature","geometry":{"type":"Point","coordinates":[-100.28513,32.30173]},"properties":{"farm":"roscoe","project":"Horse Hollow III"}},{"type":"Feature","geometry":{"type":"Point","coordinates":[-100.23712,32.25346]},"properties":{"farm":"roscoe","project":"Horse Hollow III"}},{"type":"Feature","geometry":{"type":"Point","coordinates":[-100.29752,32.28999]},"properties":{"farm":"roscoe","project":"Horse Hollow III"}},{"type":"Feature","geometry":{"type":"Point","coordinates":[-100.3178,32.26682]},"properties":{"farm":"roscoe","project":"Horse Hollow III"}},{"type":"Feature","geometry":{"type":"Point","coordinates":[-100.30636,32.26595]},"properties":{"farm":"roscoe","project":"Horse Hollow III"}},{"type":"Feature","geometry":{"type":"Point","coordinates":[-100.2907,32.27649]},"properties":{"farm":"roscoe","project":"Horse Hollow III"}},{"type":"Feature","geometry":{"type":"Point","coordinates":[-100.27219,32.289]},"properties":{"farm":"roscoe","project":"Horse Hollow III"}},{"type":"Feature","geometry":{"type":"Point","coordinates":[-100.30943,32.28886]},"properties":{"farm":"roscoe","project":"Horse Hollow III"}},{"type":"Feature","geometry":{"type":"Point","coordinates":[-100.23359,32.28921]},"properties":{"farm":"roscoe","project":"Horse Hollow III"}},{"type":"Feature","geometry":{"type":"Point","coordinates":[-100.29855,32.2997]},"properties":{"farm":"roscoe","project":"Horse Hollow III"}},{"type":"Feature","geometry":{"type":"Point","coordinates":[-100.28021,32.30325]},"properties":{"farm":"roscoe","project":"Horse Hollow III"}},{"type":"Feature","geometry":{"type":"Point","coordinates":[-100.28498,32.25319]},"properties":{"farm":"roscoe","project":"Horse Hollow III"}},{"type":"Feature","geometry":{"type":"Point","coordinates":[-100.32704,32.26042]},"properties":{"farm":"roscoe","project":"Horse Hollow III"}},{"type":"Feature","geometry":{"type":"Point","coordinates":[-100.30099,32.29931]},"properties":{"farm":"roscoe","project":"Horse Hollow III"}},{"type":"Feature","geometry":{"type":"Point","coordinates":[-100.26505,32.25317]},"properties":{"farm":"roscoe","project":"Horse Hollow III"}},{"type":"Feature","geometry":{"type":"Point","coordinates":[-100.2235,32.26417]},"properties":{"farm":"roscoe","project":"Horse Hollow III"}},{"type":"Feature","geometry":{"type":"Point","coordinates":[-100.28703,32.27601]},"properties":{"farm":"roscoe","project":"Horse Hollow III"}},{"type":"Feature","geometry":{"type":"Point","coordinates":[-100.26134,32.27971]},"properties":{"farm":"roscoe","project":"Horse Hollow III"}},{"type":"Feature","geometry":{"type":"Point","coordinates":[-100.30504,32.25377]},"properties":{"farm":"roscoe","project":"Horse Hollow III"}},{"type":"Feature","geometry":{"type":"Point","coordinates":[-100.27287,32.30204]},"properties":{"farm":"roscoe","project":"Horse Hollow III"}},{"type":"Feature","geometry":{"type":"Point","coordinates":[-100.30697,32.2895]},"properties":{"farm":"roscoe","project":"Horse Hollow III"}},{"type":"Feature","geometry":{"type":"Point","coordinates":[-100.21644,32.2651]},"properties":{"farm":"roscoe","project":"Horse Hollow III"}},{"type":"Feature","geometry":{"type":"Point","coordinates":[-100.25745,32.28997]},"properties":{"farm":"roscoe","project":"Horse Hollow III"}},{"type":"Feature","geometry":{"type":"Point","coordinates":[-100.30343,32.29901]},"properties":{"farm":"roscoe","project":"Horse Hollow III"}},{"type":"Feature","geometry":{"type":"Point","coordinates":[-100.28899,32.28901]},"properties":{"farm":"roscoe","project":"Horse Hollow III"}},{"type":"Feature","geometry":{"type":"Point","coordinates":[-100.26521,32.27888]},"properties":{"farm":"roscoe","project":"Horse Hollow III"}},{"type":"Feature","geometry":{"type":"Point","coordinates":[-100.2747,32.25352]},"properties":{"farm":"roscoe","project":"Horse Hollow III"}},{"type":"Feature","geometry":{"type":"Point","coordinates":[-100.27741,32.26598]},"properties":{"farm":"roscoe","project":"Horse Hollow III"}},{"type":"Feature","geometry":{"type":"Point","coordinates":[-100.30662,32.27855]},"properties":{"farm":"roscoe","project":"Horse Hollow III"}},{"type":"Feature","geometry":{"type":"Point","coordinates":[-100.29852,32.26246]},"properties":{"farm":"roscoe","project":"Horse Hollow III"}},{"type":"Feature","geometry":{"type":"Point","coordinates":[-100.21155,32.26511]},"properties":{"farm":"roscoe","project":"Horse Hollow III"}},{"type":"Feature","geometry":{"type":"Point","coordinates":[-100.26799,32.30078]},"properties":{"farm":"roscoe","project":"Horse Hollow III"}},{"type":"Feature","geometry":{"type":"Point","coordinates":[-100.29522,32.2902]},"properties":{"farm":"roscoe","project":"Horse Hollow III"}},{"type":"Feature","geometry":{"type":"Point","coordinates":[-100.31183,32.29753]},"properties":{"farm":"roscoe","project":"Horse Hollow III"}},{"type":"Feature","geometry":{"type":"Point","coordinates":[-100.28789,32.25336]},"properties":{"farm":"roscoe","project":"Horse Hollow III"}},{"type":"Feature","geometry":{"type":"Point","coordinates":[-100.29354,32.26258]},"properties":{"farm":"roscoe","project":"Horse Hollow III"}},{"type":"Feature","geometry":{"type":"Point","coordinates":[-100.31233,32.28882]},"properties":{"farm":"roscoe","project":"Horse Hollow III"}},{"type":"Feature","geometry":{"type":"Point","coordinates":[-100.26769,32.26546]},"properties":{"farm":"roscoe","project":"Horse Hollow III"}},{"type":"Feature","geometry":{"type":"Point","coordinates":[-100.32248,32.26628]},"properties":{"farm":"roscoe","project":"Horse Hollow III"}},{"type":"Feature","geometry":{"type":"Point","coordinates":[-100.24181,32.30475]},"properties":{"farm":"roscoe","project":"Horse Hollow III"}},{"type":"Feature","geometry":{"type":"Point","coordinates":[-100.31305,32.25535]},"properties":{"farm":"roscoe","project":"Horse Hollow III"}},{"type":"Feature","geometry":{"type":"Point","coordinates":[-100.31903,32.25807]},"properties":{"farm":"roscoe","project":"Horse Hollow III"}},{"type":"Feature","geometry":{"type":"Point","coordinates":[-100.24908,32.30335]},"properties":{"farm":"roscoe","project":"Horse Hollow III"}},{"type":"Feature","geometry":{"type":"Point","coordinates":[-100.31654,32.2892]},"properties":{"farm":"roscoe","project":"Horse Hollow III"}},{"type":"Feature","geometry":{"type":"Point","coordinates":[-100.24079,32.29221]},"properties":{"farm":"roscoe","project":"Horse Hollow III"}},{"type":"Feature","geometry":{"type":"Point","coordinates":[-100.311,32.26536]},"properties":{"farm":"roscoe","project":"Horse Hollow III"}},{"type":"Feature","geometry":{"type":"Point","coordinates":[-100.30904,32.29809]},"properties":{"farm":"roscoe","project":"Horse Hollow III"}},{"type":"Feature","geometry":{"type":"Point","coordinates":[-100.24381,32.25386]},"properties":{"farm":"roscoe","project":"Horse Hollow III"}},{"type":"Feature","geometry":{"type":"Point","coordinates":[-100.24559,32.294]},"properties":{"farm":"roscoe","project":"Horse Hollow III"}},{"type":"Feature","geometry":{"type":"Point","coordinates":[-100.31551,32.2653]},"properties":{"farm":"roscoe","project":"Horse Hollow III"}},{"type":"Feature","geometry":{"type":"Point","coordinates":[-100.32008,32.26788]},"properties":{"farm":"roscoe","project":"Horse Hollow III"}},{"type":"Feature","geometry":{"type":"Point","coordinates":[-100.26,32.26273]},"properties":{"farm":"roscoe","project":"Horse Hollow III"}},{"type":"Feature","geometry":{"type":"Point","coordinates":[-100.26491,32.26489]},"properties":{"farm":"roscoe","project":"Horse Hollow III"}},{"type":"Feature","geometry":{"type":"Point","coordinates":[-100.30624,32.29864]},"properties":{"farm":"roscoe","project":"Horse Hollow III"}},{"type":"Feature","geometry":{"type":"Point","coordinates":[-100.31326,32.26533]},"properties":{"farm":"roscoe","project":"Horse Hollow III"}},{"type":"Feature","geometry":{"type":"Point","coordinates":[-100.26739,32.28901]},"properties":{"farm":"roscoe","project":"Horse Hollow III"}},{"type":"Feature","geometry":{"type":"Point","coordinates":[-100.25187,32.26258]},"properties":{"farm":"roscoe","project":"Horse Hollow III"}},{"type":"Feature","geometry":{"type":"Point","coordinates":[-100.29794,32.25322]},"properties":{"farm":"roscoe","project":"Horse Hollow III"}},{"type":"Feature","geometry":{"type":"Point","coordinates":[-100.31204,32.27843]},"properties":{"farm":"roscoe","project":"Horse Hollow III"}},{"type":"Feature","geometry":{"type":"Point","coordinates":[-100.27485,32.27802]},"properties":{"farm":"roscoe","project":"Horse Hollow III"}},{"type":"Feature","geometry":{"type":"Point","coordinates":[-100.28227,32.26601]},"properties":{"farm":"roscoe","project":"Horse Hollow III"}},{"type":"Feature","geometry":{"type":"Point","coordinates":[-100.24799,32.29371]},"properties":{"farm":"roscoe","project":"Horse Hollow III"}},{"type":"Feature","geometry":{"type":"Point","coordinates":[-100.30031,32.25318]},"properties":{"farm":"roscoe","project":"Horse Hollow III"}},{"type":"Feature","geometry":{"type":"Point","coordinates":[-100.32482,32.26665]},"properties":{"farm":"roscoe","project":"Horse Hollow III"}},{"type":"Feature","geometry":{"type":"Point","coordinates":[-100.26341,32.30219]},"properties":{"farm":"roscoe","project":"Horse Hollow III"}},{"type":"Feature","geometry":{"type":"Point","coordinates":[-100.29984,32.28978]},"properties":{"farm":"roscoe","project":"Horse Hollow III"}},{"type":"Feature","geometry":{"type":"Point","coordinates":[-100.29556,32.25325]},"properties":{"farm":"roscoe","project":"Horse Hollow III"}},{"type":"Feature","geometry":{"type":"Point","coordinates":[-100.23441,32.25292]},"properties":{"farm":"roscoe","project":"Horse Hollow III"}},{"type":"Feature","geometry":{"type":"Point","coordinates":[-100.29081,32.25332]},"properties":{"farm":"roscoe","project":"Horse Hollow III"}},{"type":"Feature","geometry":{"type":"Point","coordinates":[-100.29139,32.28901]},"properties":{"farm":"roscoe","project":"Horse Hollow III"}},{"type":"Feature","geometry":{"type":"Point","coordinates":[-100.23564,32.26504]},"properties":{"farm":"roscoe","project":"Horse Hollow III"}},{"type":"Feature","geometry":{"type":"Point","coordinates":[-100.23839,32.29121]},"properties":{"farm":"roscoe","project":"Horse Hollow III"}},{"type":"Feature","geometry":{"type":"Point","coordinates":[-100.27696,32.25341]},"properties":{"farm":"roscoe","project":"Horse Hollow III"}},{"type":"Feature","geometry":{"type":"Point","coordinates":[-100.214,32.26512]},"properties":{"farm":"roscoe","project":"Horse Hollow III"}},{"type":"Feature","geometry":{"type":"Point","coordinates":[-100.25433,32.26186]},"properties":{"farm":"roscoe","project":"Horse Hollow III"}},{"type":"Feature","geometry":{"type":"Point","coordinates":[-100.27699,32.28901]},"properties":{"farm":"roscoe","project":"Horse Hollow III"}},{"type":"Feature","geometry":{"type":"Point","coordinates":[-100.29319,32.25329]},"properties":{"farm":"roscoe","project":"Horse Hollow III"}},{"type":"Feature","geometry":{"type":"Point","coordinates":[-100.24844,32.25334]},"properties":{"farm":"roscoe","project":"Horse Hollow III"}},{"type":"Feature","geometry":{"type":"Point","coordinates":[-100.23943,32.25342]},"properties":{"farm":"roscoe","project":"Horse Hollow III"}},{"type":"Feature","geometry":{"type":"Point","coordinates":[-100.28179,32.28901]},"properties":{"farm":"roscoe","project":"Horse Hollow III"}},{"type":"Feature","geometry":{"type":"Point","coordinates":[-100.30962,32.27894]},"properties":{"farm":"roscoe","project":"Horse Hollow III"}},{"type":"Feature","geometry":{"type":"Point","coordinates":[-100.25077,32.25337]},"properties":{"farm":"roscoe","project":"Horse Hollow III"}},{"type":"Feature","geometry":{"type":"Point","coordinates":[-100.29327,32.2769]},"properties":{"farm":"roscoe","project":"Horse Hollow III"}},{"type":"Feature","geometry":{"type":"Point","coordinates":[-100.27242,32.25368]},"properties":{"farm":"roscoe","project":"Horse Hollow III"}},{"type":"Feature","geometry":{"type":"Point","coordinates":[-100.3169,32.27794]},"properties":{"farm":"roscoe","project":"Horse Hollow III"}},{"type":"Feature","geometry":{"type":"Point","coordinates":[-100.26569,32.30171]},"properties":{"farm":"roscoe","project":"Horse Hollow III"}},{"type":"Feature","geometry":{"type":"Point","coordinates":[-100.29593,32.26249]},"properties":{"farm":"roscoe","project":"Horse Hollow III"}},{"type":"Feature","geometry":{"type":"Point","coordinates":[-100.26499,32.28901]},"properties":{"farm":"roscoe","project":"Horse Hollow III"}},{"type":"Feature","geometry":{"type":"Point","coordinates":[-100.28618,32.28904]},"properties":{"farm":"roscoe","project":"Horse Hollow III"}},{"type":"Feature","geometry":{"type":"Point","coordinates":[-100.2589,32.27977]},"properties":{"farm":"roscoe","project":"Horse Hollow III"}},{"type":"Feature","geometry":{"type":"Point","coordinates":[-100.32414,32.25954]},"properties":{"farm":"roscoe","project":"Horse Hollow III"}},{"type":"Feature","geometry":{"type":"Point","coordinates":[-100.27459,32.28901]},"properties":{"farm":"roscoe","project":"Horse Hollow III"}},{"type":"Feature","geometry":{"type":"Point","coordinates":[-100.28417,32.27601]},"properties":{"farm":"roscoe","project":"Horse Hollow III"}},{"type":"Feature","geometry":{"type":"Point","coordinates":[-100.29237,32.30053]},"properties":{"farm":"roscoe","project":"Horse Hollow III"}},{"type":"Feature","geometry":{"type":"Point","coordinates":[-100.25182,32.30271]},"properties":{"farm":"roscoe","project":"Horse Hollow III"}},{"type":"Feature","geometry":{"type":"Point","coordinates":[-100.31038,32.25482]},"properties":{"farm":"roscoe","project":"Horse Hollow III"}},{"type":"Feature","geometry":{"type":"Point","coordinates":[-100.3045,32.28953]},"properties":{"farm":"roscoe","project":"Horse Hollow III"}},{"type":"Feature","geometry":{"type":"Point","coordinates":[-100.2333,32.26504]},"properties":{"farm":"roscoe","project":"Horse Hollow III"}},{"type":"Feature","geometry":{"type":"Point","coordinates":[-100.28153,32.27601]},"properties":{"farm":"roscoe","project":"Horse Hollow III"}},{"type":"Feature","geometry":{"type":"Point","coordinates":[-100.31448,32.27839]},"properties":{"farm":"roscoe","project":"Horse Hollow III"}},{"type":"Feature","geometry":{"type":"Point","coordinates":[-100.30771,32.25435]},"properties":{"farm":"roscoe","project":"Horse Hollow III"}},{"type":"Feature","geometry":{"type":"Point","coordinates":[-100.25279,32.2915]},"properties":{"farm":"roscoe","project":"Horse Hollow III"}},{"type":"Feature","geometry":{"type":"Point","coordinates":[-100.27773,32.3029]},"properties":{"farm":"roscoe","project":"Horse Hollow III"}},{"type":"Feature","geometry":{"type":"Point","coordinates":[-100.27985,32.26602]},"properties":{"farm":"roscoe","project":"Horse Hollow III"}},{"type":"Feature","geometry":{"type":"Point","coordinates":[-100.2301,32.25294]},"properties":{"farm":"roscoe","project":"Horse Hollow III"}},{"type":"Feature","geometry":{"type":"Point","coordinates":[-100.26759,32.27841]},"properties":{"farm":"roscoe","project":"Horse Hollow III"}},{"type":"Feature","geometry":{"type":"Point","coordinates":[-100.1231,32.24418]},"properties":{"farm":"roscoe","project":"Horse Hollow Wind Energy Center"}},{"type":"Feature","geometry":{"type":"Point","coordinates":[-100.12735,32.25964]},"properties":{"farm":"roscoe","project":"Horse Hollow Wind Energy Center"}},{"type":"Feature","geometry":{"type":"Point","coordinates":[-100.11909,32.25954]},"properties":{"farm":"roscoe","project":"Horse Hollow Wind Energy Center"}},{"type":"Feature","geometry":{"type":"Point","coordinates":[-100.05713,32.21403]},"properties":{"farm":"roscoe","project":"Horse Hollow Wind Energy Center"}},{"type":"Feature","geometry":{"type":"Point","coordinates":[-100.05114,32.22969]},"properties":{"farm":"roscoe","project":"Horse Hollow Wind Energy Center"}},{"type":"Feature","geometry":{"type":"Point","coordinates":[-100.06757,32.22222]},"properties":{"farm":"roscoe","project":"Horse Hollow Wind Energy Center"}},{"type":"Feature","geometry":{"type":"Point","coordinates":[-100.05906,32.22151]},"properties":{"farm":"roscoe","project":"Horse Hollow Wind Energy Center"}},{"type":"Feature","geometry":{"type":"Point","coordinates":[-100.12226,32.23677]},"properties":{"farm":"roscoe","project":"Horse Hollow Wind Energy Center"}},{"type":"Feature","geometry":{"type":"Point","coordinates":[-100.11363,32.26251]},"properties":{"farm":"roscoe","project":"Horse Hollow Wind Energy Center"}},{"type":"Feature","geometry":{"type":"Point","coordinates":[-100.11634,32.2619]},"properties":{"farm":"roscoe","project":"Horse Hollow Wind Energy Center"}},{"type":"Feature","geometry":{"type":"Point","coordinates":[-100.05079,32.24568]},"properties":{"farm":"roscoe","project":"Horse Hollow Wind Energy Center"}},{"type":"Feature","geometry":{"type":"Point","coordinates":[-100.10742,32.26594]},"properties":{"farm":"roscoe","project":"Horse Hollow Wind Energy Center"}},{"type":"Feature","geometry":{"type":"Point","coordinates":[-100.11348,32.24634]},"properties":{"farm":"roscoe","project":"Horse Hollow Wind Energy Center"}},{"type":"Feature","geometry":{"type":"Point","coordinates":[-100.10226,32.2383]},"properties":{"farm":"roscoe","project":"Horse Hollow Wind Energy Center"}},{"type":"Feature","geometry":{"type":"Point","coordinates":[-100.10473,32.23817]},"properties":{"farm":"roscoe","project":"Horse Hollow Wind Energy Center"}},{"type":"Feature","geometry":{"type":"Point","coordinates":[-100.13239,32.24372]},"properties":{"farm":"roscoe","project":"Horse Hollow Wind Energy Center"}},{"type":"Feature","geometry":{"type":"Point","coordinates":[-100.0891,32.23637]},"properties":{"farm":"roscoe","project":"Horse Hollow Wind Energy Center"}},{"type":"Feature","geometry":{"type":"Point","coordinates":[-100.12962,32.24379]},"properties":{"farm":"roscoe","project":"Horse Hollow Wind Energy Center"}},{"type":"Feature","geometry":{"type":"Point","coordinates":[-100.12462,32.25908]},"properties":{"farm":"roscoe","project":"Horse Hollow Wind Energy Center"}},{"type":"Feature","geometry":{"type":"Point","coordinates":[-100.05979,32.21409]},"properties":{"farm":"roscoe","project":"Horse Hollow Wind Energy Center"}},{"type":"Feature","geometry":{"type":"Point","coordinates":[-100.11106,32.23934]},"properties":{"farm":"roscoe","project":"Horse Hollow Wind Energy Center"}},{"type":"Feature","geometry":{"type":"Point","coordinates":[-100.07236,32.23025]},"properties":{"farm":"roscoe","project":"Horse Hollow Wind Energy Center"}},{"type":"Feature","geometry":{"type":"Point","coordinates":[-100.06704,32.23051]},"properties":{"farm":"roscoe","project":"Horse Hollow Wind Energy Center"}},{"type":"Feature","geometry":{"type":"Point","coordinates":[-100.05669,32.22098]},"properties":{"farm":"roscoe","project":"Horse Hollow Wind Energy Center"}},{"type":"Feature","geometry":{"type":"Point","coordinates":[-100.135,32.24263]},"properties":{"farm":"roscoe","project":"Horse Hollow Wind Energy Center"}},{"type":"Feature","geometry":{"type":"Point","coordinates":[-100.07594,32.22924]},"properties":{"farm":"roscoe","project":"Horse Hollow Wind Energy Center"}},{"type":"Feature","geometry":{"type":"Point","coordinates":[-100.07829,32.23587]},"properties":{"farm":"roscoe","project":"Horse Hollow Wind Energy Center"}},{"type":"Feature","geometry":{"type":"Point","coordinates":[-100.12504,32.23632]},"properties":{"farm":"roscoe","project":"Horse Hollow Wind Energy Center"}},{"type":"Feature","geometry":{"type":"Point","coordinates":[-100.13045,32.23535]},"properties":{"farm":"roscoe","project":"Horse Hollow Wind Energy Center"}},{"type":"Feature","geometry":{"type":"Point","coordinates":[-100.13044,32.25969]},"properties":{"farm":"roscoe","project":"Horse Hollow Wind Energy Center"}},{"type":"Feature","geometry":{"type":"Point","coordinates":[-100.11917,32.24472]},"properties":{"farm":"roscoe","project":"Horse Hollow Wind Energy Center"}},{"type":"Feature","geometry":{"type":"Point","coordinates":[-100.13551,32.26202]},"properties":{"farm":"roscoe","project":"Horse Hollow Wind Energy Center"}},{"type":"Feature","geometry":{"type":"Point","coordinates":[-100.08645,32.23689]},"properties":{"farm":"roscoe","project":"Horse Hollow Wind Energy Center"}},{"type":"Feature","geometry":{"type":"Point","coordinates":[-100.06158,32.22856]},"properties":{"farm":"roscoe","project":"Horse Hollow Wind Energy Center"}},{"type":"Feature","geometry":{"type":"Point","coordinates":[-100.08121,32.23685]},"properties":{"farm":"roscoe","project":"Horse Hollow Wind Energy Center"}},{"type":"Feature","geometry":{"type":"Point","coordinates":[-100.11649,32.24527]},"properties":{"farm":"roscoe","project":"Horse Hollow Wind Energy Center"}},{"type":"Feature","geometry":{"type":"Point","coordinates":[-100.09715,32.23469]},"properties":{"farm":"roscoe","project":"Horse Hollow Wind Energy Center"}},{"type":"Feature","geometry":{"type":"Point","coordinates":[-100.11091,32.26425]},"properties":{"farm":"roscoe","project":"Horse Hollow Wind Energy Center"}},{"type":"Feature","geometry":{"type":"Point","coordinates":[-100.05438,32.21431]},"properties":{"farm":"roscoe","project":"Horse Hollow Wind Energy Center"}},{"type":"Feature","geometry":{"type":"Point","coordinates":[-100.13308,32.23536]},"properties":{"farm":"roscoe","project":"Horse Hollow Wind Energy Center"}},{"type":"Feature","geometry":{"type":"Point","coordinates":[-100.06451,32.22941]},"properties":{"farm":"roscoe","project":"Horse Hollow Wind Energy Center"}},{"type":"Feature","geometry":{"type":"Point","coordinates":[-100.05107,32.22026]},"properties":{"farm":"roscoe","project":"Horse Hollow Wind Energy Center"}},{"type":"Feature","geometry":{"type":"Point","coordinates":[-100.12188,32.25902]},"properties":{"farm":"roscoe","project":"Horse Hollow Wind Energy Center"}},{"type":"Feature","geometry":{"type":"Point","coordinates":[-100.12785,32.23559]},"properties":{"farm":"roscoe","project":"Horse Hollow Wind Energy Center"}},{"type":"Feature","geometry":{"type":"Point","coordinates":[-100.05375,32.2204]},"properties":{"farm":"roscoe","project":"Horse Hollow Wind Energy Center"}},{"type":"Feature","geometry":{"type":"Point","coordinates":[-100.1196,32.23728]},"properties":{"farm":"roscoe","project":"Horse Hollow Wind Energy Center"}},{"type":"Feature","geometry":{"type":"Point","coordinates":[-100.13754,32.24294]},"properties":{"farm":"roscoe","project":"Horse Hollow Wind Energy Center"}},{"type":"Feature","geometry":{"type":"Point","coordinates":[-100.05669,32.22912]},"properties":{"farm":"roscoe","project":"Horse Hollow Wind Energy Center"}},{"type":"Feature","geometry":{"type":"Point","coordinates":[-100.05909,32.2292]},"properties":{"farm":"roscoe","project":"Horse Hollow Wind Energy Center"}},{"type":"Feature","geometry":{"type":"Point","coordinates":[-100.10764,32.2381]},"properties":{"farm":"roscoe","project":"Horse Hollow Wind Energy Center"}},{"type":"Feature","geometry":{"type":"Point","coordinates":[-100.06486,32.22292]},"properties":{"farm":"roscoe","project":"Horse Hollow Wind Energy Center"}},{"type":"Feature","geometry":{"type":"Point","coordinates":[-100.06184,32.21423]},"properties":{"farm":"roscoe","project":"Horse Hollow Wind Energy Center"}},{"type":"Feature","geometry":{"type":"Point","coordinates":[-100.11355,32.23785]},"properties":{"farm":"roscoe","project":"Horse Hollow Wind Energy Center"}},{"type":"Feature","geometry":{"type":"Point","coordinates":[-100.08379,32.23667]},"properties":{"farm":"roscoe","project":"Horse Hollow Wind Energy Center"}},{"type":"Feature","geometry":{"type":"Point","coordinates":[-100.09969,32.23646]},"properties":{"farm":"roscoe","project":"Horse Hollow Wind Energy Center"}},{"type":"Feature","geometry":{"type":"Point","coordinates":[-100.09452,32.23472]},"properties":{"farm":"roscoe","project":"Horse Hollow Wind Energy Center"}},{"type":"Feature","geometry":{"type":"Point","coordinates":[-100.12697,32.24393]},"properties":{"farm":"roscoe","project":"Horse Hollow Wind Energy Center"}},{"type":"Feature","geometry":{"type":"Point","coordinates":[-100.14044,32.24432]},"properties":{"farm":"roscoe","project":"Horse Hollow Wind Energy Center"}},{"type":"Feature","geometry":{"type":"Point","coordinates":[-100.06168,32.22209]},"properties":{"farm":"roscoe","project":"Horse Hollow Wind Energy Center"}},{"type":"Feature","geometry":{"type":"Point","coordinates":[-100.09174,32.23559]},"properties":{"farm":"roscoe","project":"Horse Hollow Wind Energy Center"}},{"type":"Feature","geometry":{"type":"Point","coordinates":[-100.13297,32.25981]},"properties":{"farm":"roscoe","project":"Horse Hollow Wind Energy Center"}},{"type":"Feature","geometry":{"type":"Point","coordinates":[-100.07037,32.22206]},"properties":{"farm":"roscoe","project":"Horse Hollow Wind Energy Center"}},{"type":"Feature","geometry":{"type":"Point","coordinates":[-100.05379,32.22939]},"properties":{"farm":"roscoe","project":"Horse Hollow Wind Energy Center"}},{"type":"Feature","geometry":{"type":"Point","coordinates":[-100.06969,32.23077]},"properties":{"farm":"roscoe","project":"Horse Hollow Wind Energy Center"}},{"type":"Feature","geometry":{"type":"Point","coordinates":[-100.11678,32.23748]},"properties":{"farm":"roscoe","project":"Horse Hollow Wind Energy Center"}},{"type":"Feature","geometry":{"type":"Point","coordinates":[-100.20699,32.27681]},"properties":{"farm":"roscoe","project":"Horse Hollow II"}},{"type":"Feature","geometry":{"type":"Point","coordinates":[-100.16499,32.27561]},"properties":{"farm":"roscoe","project":"Horse Hollow II"}},{"type":"Feature","geometry":{"type":"Point","coordinates":[-100.15891,32.27614]},"properties":{"farm":"roscoe","project":"Horse Hollow II"}},{"type":"Feature","geometry":{"type":"Point","coordinates":[-100.20099,32.27643]},"properties":{"farm":"roscoe","project":"Horse Hollow II"}},{"type":"Feature","geometry":{"type":"Point","coordinates":[-100.18631,32.27769]},"properties":{"farm":"roscoe","project":"Horse Hollow II"}},{"type":"Feature","geometry":{"type":"Point","coordinates":[-100.1666,32.26363]},"properties":{"farm":"roscoe","project":"Horse Hollow II"}},{"type":"Feature","geometry":{"type":"Point","coordinates":[-100.17397,32.25398]},"properties":{"farm":"roscoe","project":"Horse Hollow II"}},{"type":"Feature","geometry":{"type":"Point","coordinates":[-100.18112,32.25316]},"properties":{"farm":"roscoe","project":"Horse Hollow II"}},{"type":"Feature","geometry":{"type":"Point","coordinates":[-100.20101,32.28952]},"properties":{"farm":"roscoe","project":"Horse Hollow II"}},{"type":"Feature","geometry":{"type":"Point","coordinates":[-100.19219,32.27677]},"properties":{"farm":"roscoe","project":"Horse Hollow II"}},{"type":"Feature","geometry":{"type":"Point","coordinates":[-100.20055,32.26723]},"properties":{"farm":"roscoe","project":"Horse Hollow II"}},{"type":"Feature","geometry":{"type":"Point","coordinates":[-100.11488,32.22943]},"properties":{"farm":"roscoe","project":"Horse Hollow II"}},{"type":"Feature","geometry":{"type":"Point","coordinates":[-100.21803,32.29017]},"properties":{"farm":"roscoe","project":"Horse Hollow II"}},{"type":"Feature","geometry":{"type":"Point","coordinates":[-100.13597,32.22374]},"properties":{"farm":"roscoe","project":"Horse Hollow II"}},{"type":"Feature","geometry":{"type":"Point","coordinates":[-100.17806,32.25267]},"properties":{"farm":"roscoe","project":"Horse Hollow II"}},{"type":"Feature","geometry":{"type":"Point","coordinates":[-100.17399,32.27651]},"properties":{"farm":"roscoe","project":"Horse Hollow II"}},{"type":"Feature","geometry":{"type":"Point","coordinates":[-100.16317,32.25395]},"properties":{"farm":"roscoe","project":"Horse Hollow II"}},{"type":"Feature","geometry":{"type":"Point","coordinates":[-100.14546,32.25302]},"properties":{"farm":"roscoe","project":"Horse Hollow II"}},{"type":"Feature","geometry":{"type":"Point","coordinates":[-100.11782,32.22964]},"properties":{"farm":"roscoe","project":"Horse Hollow II"}},{"type":"Feature","geometry":{"type":"Point","coordinates":[-100.22533,32.27665]},"properties":{"farm":"roscoe","project":"Horse Hollow II"}},{"type":"Feature","geometry":{"type":"Point","coordinates":[-100.15498,32.26485]},"properties":{"farm":"roscoe","project":"Horse Hollow II"}},{"type":"Feature","geometry":{"type":"Point","coordinates":[-100.16857,32.25388]},"properties":{"farm":"roscoe","project":"Horse Hollow II"}},{"type":"Feature","geometry":{"type":"Point","coordinates":[-100.09252,32.24964]},"properties":{"farm":"roscoe","project":"Horse Hollow II"}},{"type":"Feature","geometry":{"type":"Point","coordinates":[-100.14601,32.26682]},"properties":{"farm":"roscoe","project":"Horse Hollow II"}},{"type":"Feature","geometry":{"type":"Point","coordinates":[-100.18588,32.26587]},"properties":{"farm":"roscoe","project":"Horse Hollow II"}},{"type":"Feature","geometry":{"type":"Point","coordinates":[-100.20875,32.26711]},"properties":{"farm":"roscoe","project":"Horse Hollow II"}},{"type":"Feature","geometry":{"type":"Point","coordinates":[-100.18292,32.27735]},"properties":{"farm":"roscoe","project":"Horse Hollow II"}},{"type":"Feature","geometry":{"type":"Point","coordinates":[-100.13922,32.22558]},"properties":{"farm":"roscoe","project":"Horse Hollow II"}},{"type":"Feature","geometry":{"type":"Point","coordinates":[-100.19219,32.28951]},"properties":{"farm":"roscoe","project":"Horse Hollow II"}},{"type":"Feature","geometry":{"type":"Point","coordinates":[-100.15792,32.26452]},"properties":{"farm":"roscoe","project":"Horse Hollow II"}},{"type":"Feature","geometry":{"type":"Point","coordinates":[-100.20331,32.26719]},"properties":{"farm":"roscoe","project":"Horse Hollow II"}},{"type":"Feature","geometry":{"type":"Point","coordinates":[-100.22414,32.30215]},"properties":{"farm":"roscoe","project":"Horse Hollow II"}},{"type":"Feature","geometry":{"type":"Point","coordinates":[-100.05492,32.19636]},"properties":{"farm":"roscoe","project":"Horse Hollow II"}},{"type":"Feature","geometry":{"type":"Point","coordinates":[-100.22236,32.27669]},"properties":{"farm":"roscoe","project":"Horse Hollow II"}},{"type":"Feature","geometry":{"type":"Point","coordinates":[-100.19519,32.28942]},"properties":{"farm":"roscoe","project":"Horse Hollow II"}},{"type":"Feature","geometry":{"type":"Point","coordinates":[-100.22683,32.30081]},"properties":{"farm":"roscoe","project":"Horse Hollow II"}},{"type":"Feature","geometry":{"type":"Point","coordinates":[-100.161,32.26402]},"properties":{"farm":"roscoe","project":"Horse Hollow II"}},{"type":"Feature","geometry":{"type":"Point","coordinates":[-100.2194,32.2767]},"properties":{"farm":"roscoe","project":"Horse Hollow II"}},{"type":"Feature","geometry":{"type":"Point","coordinates":[-100.19692,32.26727]},"properties":{"farm":"roscoe","project":"Horse Hollow II"}},{"type":"Feature","geometry":{"type":"Point","coordinates":[-100.198,32.27718]},"properties":{"farm":"roscoe","project":"Horse Hollow II"}},{"type":"Feature","geometry":{"type":"Point","coordinates":[-100.22519,32.28941]},"properties":{"farm":"roscoe","project":"Horse Hollow II"}},{"type":"Feature","geometry":{"type":"Point","coordinates":[-100.19511,32.27787]},"properties":{"farm":"roscoe","project":"Horse Hollow II"}},{"type":"Feature","geometry":{"type":"Point","coordinates":[-100.20398,32.27639]},"properties":{"farm":"roscoe","project":"Horse Hollow II"}},{"type":"Feature","geometry":{"type":"Point","coordinates":[-100.18308,32.26471]},"properties":{"farm":"roscoe","project":"Horse Hollow II"}},{"type":"Feature","geometry":{"type":"Point","coordinates":[-100.17997,32.27608]},"properties":{"farm":"roscoe","project":"Horse Hollow II"}},{"type":"Feature","geometry":{"type":"Point","coordinates":[-100.14844,32.25262]},"properties":{"farm":"roscoe","project":"Horse Hollow II"}},{"type":"Feature","geometry":{"type":"Point","coordinates":[-100.22818,32.29091]},"properties":{"farm":"roscoe","project":"Horse Hollow II"}},{"type":"Feature","geometry":{"type":"Point","coordinates":[-100.08362,32.22657]},"properties":{"farm":"roscoe","project":"Horse Hollow II"}},{"type":"Feature","geometry":{"type":"Point","coordinates":[-100.5641,32.4818]},"properties":{"farm":"roscoe","project":"Inadale (Roscoe IV)"}},{"type":"Feature","geometry":{"type":"Point","coordinates":[-100.5284,32.4697]},"properties":{"farm":"roscoe","project":"Inadale (Roscoe IV)"}},{"type":"Feature","geometry":{"type":"Point","coordinates":[-100.5876,32.5135]},"properties":{"farm":"roscoe","project":"Inadale (Roscoe IV)"}},{"type":"Feature","geometry":{"type":"Point","coordinates":[-100.5253,32.4685]},"properties":{"farm":"roscoe","project":"Inadale (Roscoe IV)"}},{"type":"Feature","geometry":{"type":"Point","coordinates":[-100.5355,32.4872]},"properties":{"farm":"roscoe","project":"Inadale (Roscoe IV)"}},{"type":"Feature","geometry":{"type":"Point","coordinates":[-100.5326,32.5159]},"properties":{"farm":"roscoe","project":"Inadale (Roscoe IV)"}},{"type":"Feature","geometry":{"type":"Point","coordinates":[-100.5361,32.495]},"properties":{"farm":"roscoe","project":"Inadale (Roscoe IV)"}},{"type":"Feature","geometry":{"type":"Point","coordinates":[-100.5423,32.4754]},"properties":{"farm":"roscoe","project":"Inadale (Roscoe IV)"}},{"type":"Feature","geometry":{"type":"Point","coordinates":[-100.6058,32.5149]},"properties":{"farm":"roscoe","project":"Inadale (Roscoe IV)"}},{"type":"Feature","geometry":{"type":"Point","coordinates":[-100.5313,32.4709]},"properties":{"farm":"roscoe","project":"Inadale (Roscoe IV)"}},{"type":"Feature","geometry":{"type":"Point","coordinates":[-100.5954,32.4962]},"properties":{"farm":"roscoe","project":"Inadale (Roscoe IV)"}},{"type":"Feature","geometry":{"type":"Point","coordinates":[-100.543,32.5049]},"properties":{"farm":"roscoe","project":"Inadale (Roscoe IV)"}},{"type":"Feature","geometry":{"type":"Point","coordinates":[-100.5248,32.4755]},"properties":{"farm":"roscoe","project":"Inadale (Roscoe IV)"}},{"type":"Feature","geometry":{"type":"Point","coordinates":[-100.5934,32.5165]},"properties":{"farm":"roscoe","project":"Inadale (Roscoe IV)"}},{"type":"Feature","geometry":{"type":"Point","coordinates":[-100.5748,32.4886]},"properties":{"farm":"roscoe","project":"Inadale (Roscoe IV)"}},{"type":"Feature","geometry":{"type":"Point","coordinates":[-100.581,32.504]},"properties":{"farm":"roscoe","project":"Inadale (Roscoe IV)"}},{"type":"Feature","geometry":{"type":"Point","coordinates":[-100.5826,32.4976]},"properties":{"farm":"roscoe","project":"Inadale (Roscoe IV)"}},{"type":"Feature","geometry":{"type":"Point","coordinates":[-100.5292,32.4923]},"properties":{"farm":"roscoe","project":"Inadale (Roscoe IV)"}},{"type":"Feature","geometry":{"type":"Point","coordinates":[-100.6126,32.5103]},"properties":{"farm":"roscoe","project":"Inadale (Roscoe IV)"}},{"type":"Feature","geometry":{"type":"Point","coordinates":[-100.5244,32.4974]},"properties":{"farm":"roscoe","project":"Inadale (Roscoe IV)"}},{"type":"Feature","geometry":{"type":"Point","coordinates":[-100.5226,32.5058]},"properties":{"farm":"roscoe","project":"Inadale (Roscoe IV)"}},{"type":"Feature","geometry":{"type":"Point","coordinates":[-100.5401,32.5038]},"properties":{"farm":"roscoe","project":"Inadale (Roscoe IV)"}},{"type":"Feature","geometry":{"type":"Point","coordinates":[-100.5371,32.5028]},"properties":{"farm":"roscoe","project":"Inadale (Roscoe IV)"}},{"type":"Feature","geometry":{"type":"Point","coordinates":[-100.5702,32.4859]},"properties":{"farm":"roscoe","project":"Inadale (Roscoe IV)"}},{"type":"Feature","geometry":{"type":"Point","coordinates":[-100.5188,32.4642]},"properties":{"farm":"roscoe","project":"Inadale (Roscoe IV)"}},{"type":"Feature","geometry":{"type":"Point","coordinates":[-100.5665,32.4993]},"properties":{"farm":"roscoe","project":"Inadale (Roscoe IV)"}},{"type":"Feature","geometry":{"type":"Point","coordinates":[-100.5319,32.4936]},"properties":{"farm":"roscoe","project":"Inadale (Roscoe IV)"}},{"type":"Feature","geometry":{"type":"Point","coordinates":[-100.5477,32.4995]},"properties":{"farm":"roscoe","project":"Inadale (Roscoe IV)"}},{"type":"Feature","geometry":{"type":"Point","coordinates":[-100.5183,32.4804]},"properties":{"farm":"roscoe","project":"Inadale (Roscoe IV)"}},{"type":"Feature","geometry":{"type":"Point","coordinates":[-100.5297,32.4849]},"properties":{"farm":"roscoe","project":"Inadale (Roscoe IV)"}},{"type":"Feature","geometry":{"type":"Point","coordinates":[-100.5448,32.4984]},"properties":{"farm":"roscoe","project":"Inadale (Roscoe IV)"}},{"type":"Feature","geometry":{"type":"Point","coordinates":[-100.5364,32.4803]},"properties":{"farm":"roscoe","project":"Inadale (Roscoe IV)"}},{"type":"Feature","geometry":{"type":"Point","coordinates":[-100.5355,32.517]},"properties":{"farm":"roscoe","project":"Inadale (Roscoe IV)"}},{"type":"Feature","geometry":{"type":"Point","coordinates":[-100.6118,32.5024]},"properties":{"farm":"roscoe","project":"Inadale (Roscoe IV)"}},{"type":"Feature","geometry":{"type":"Point","coordinates":[-100.5329,32.4861]},"properties":{"farm":"roscoe","project":"Inadale (Roscoe IV)"}},{"type":"Feature","geometry":{"type":"Point","coordinates":[-100.5687,32.4929]},"properties":{"farm":"roscoe","project":"Inadale (Roscoe IV)"}},{"type":"Feature","geometry":{"type":"Point","coordinates":[-100.5571,32.4876]},"properties":{"farm":"roscoe","project":"Inadale (Roscoe IV)"}},{"type":"Feature","geometry":{"type":"Point","coordinates":[-100.5169,32.4945]},"properties":{"farm":"roscoe","project":"Inadale (Roscoe IV)"}},{"type":"Feature","geometry":{"type":"Point","coordinates":[-100.5176,32.4877]},"properties":{"farm":"roscoe","project":"Inadale (Roscoe IV)"}},{"type":"Feature","geometry":{"type":"Point","coordinates":[-100.5872,32.506]},"properties":{"farm":"roscoe","project":"Inadale (Roscoe IV)"}},{"type":"Feature","geometry":{"type":"Point","coordinates":[-100.5921,32.4949]},"properties":{"farm":"roscoe","project":"Inadale (Roscoe IV)"}},{"type":"Feature","geometry":{"type":"Point","coordinates":[-100.6183,32.5125]},"properties":{"farm":"roscoe","project":"Inadale (Roscoe IV)"}},{"type":"Feature","geometry":{"type":"Point","coordinates":[-100.5955,32.5096]},"properties":{"farm":"roscoe","project":"Inadale (Roscoe IV)"}},{"type":"Feature","geometry":{"type":"Point","coordinates":[-100.5228,32.4901]},"properties":{"farm":"roscoe","project":"Inadale (Roscoe IV)"}},{"type":"Feature","geometry":{"type":"Point","coordinates":[-100.5549,32.4947]},"properties":{"farm":"roscoe","project":"Inadale (Roscoe IV)"}},{"type":"Feature","geometry":{"type":"Point","coordinates":[-100.5461,32.4912]},"properties":{"farm":"roscoe","project":"Inadale (Roscoe IV)"}},{"type":"Feature","geometry":{"type":"Point","coordinates":[-100.6078,32.5077]},"properties":{"farm":"roscoe","project":"Inadale (Roscoe IV)"}},{"type":"Feature","geometry":{"type":"Point","coordinates":[-100.5205,32.4889]},"properties":{"farm":"roscoe","project":"Inadale (Roscoe IV)"}},{"type":"Feature","geometry":{"type":"Point","coordinates":[-100.6187,32.5199]},"properties":{"farm":"roscoe","project":"Inadale (Roscoe IV)"}},{"type":"Feature","geometry":{"type":"Point","coordinates":[-100.5981,32.5109]},"properties":{"farm":"roscoe","project":"Inadale (Roscoe IV)"}},{"type":"Feature","geometry":{"type":"Point","coordinates":[-100.5264,32.5057]},"properties":{"farm":"roscoe","project":"Inadale (Roscoe IV)"}},{"type":"Feature","geometry":{"type":"Point","coordinates":[-100.5275,32.4768]},"properties":{"farm":"roscoe","project":"Inadale (Roscoe IV)"}},{"type":"Feature","geometry":{"type":"Point","coordinates":[-100.5263,32.4911]},"properties":{"farm":"roscoe","project":"Inadale (Roscoe IV)"}},{"type":"Feature","geometry":{"type":"Point","coordinates":[-100.534,32.472]},"properties":{"farm":"roscoe","project":"Inadale (Roscoe IV)"}},{"type":"Feature","geometry":{"type":"Point","coordinates":[-100.5578,32.4778]},"properties":{"farm":"roscoe","project":"Inadale (Roscoe IV)"}},{"type":"Feature","geometry":{"type":"Point","coordinates":[-100.5854,32.498]},"properties":{"farm":"roscoe","project":"Inadale (Roscoe IV)"}},{"type":"Feature","geometry":{"type":"Point","coordinates":[-100.5456,32.5199]},"properties":{"farm":"roscoe","project":"Inadale (Roscoe IV)"}},{"type":"Feature","geometry":{"type":"Point","coordinates":[-100.6001,32.5125]},"properties":{"farm":"roscoe","project":"Inadale (Roscoe IV)"}},{"type":"Feature","geometry":{"type":"Point","coordinates":[-100.561,32.4972]},"properties":{"farm":"roscoe","project":"Inadale (Roscoe IV)"}},{"type":"Feature","geometry":{"type":"Point","coordinates":[-100.5458,32.5059]},"properties":{"farm":"roscoe","project":"Inadale (Roscoe IV)"}},{"type":"Feature","geometry":{"type":"Point","coordinates":[-100.6148,32.503]},"properties":{"farm":"roscoe","project":"Inadale (Roscoe IV)"}},{"type":"Feature","geometry":{"type":"Point","coordinates":[-100.5606,32.4888]},"properties":{"farm":"roscoe","project":"Inadale (Roscoe IV)"}},{"type":"Feature","geometry":{"type":"Point","coordinates":[-100.5636,32.4981]},"properties":{"farm":"roscoe","project":"Inadale (Roscoe IV)"}},{"type":"Feature","geometry":{"type":"Point","coordinates":[-100.5355,32.5102]},"properties":{"farm":"roscoe","project":"Inadale (Roscoe IV)"}},{"type":"Feature","geometry":{"type":"Point","coordinates":[-100.584,32.5051]},"properties":{"farm":"roscoe","project":"Inadale (Roscoe IV)"}},{"type":"Feature","geometry":{"type":"Point","coordinates":[-100.5241,32.4827]},"properties":{"farm":"roscoe","project":"Inadale (Roscoe IV)"}},{"type":"Feature","geometry":{"type":"Point","coordinates":[-100.6155,32.5114]},"properties":{"farm":"roscoe","project":"Inadale (Roscoe IV)"}},{"type":"Feature","geometry":{"type":"Point","coordinates":[-100.5599,32.4792]},"properties":{"farm":"roscoe","project":"Inadale (Roscoe IV)"}},{"type":"Feature","geometry":{"type":"Point","coordinates":[-100.6007,32.5056]},"properties":{"farm":"roscoe","project":"Inadale (Roscoe IV)"}},{"type":"Feature","geometry":{"type":"Point","coordinates":[-100.5392,32.511]},"properties":{"farm":"roscoe","project":"Inadale (Roscoe IV)"}},{"type":"Feature","geometry":{"type":"Point","coordinates":[-100.5723,32.4873]},"properties":{"farm":"roscoe","project":"Inadale (Roscoe IV)"}},{"type":"Feature","geometry":{"type":"Point","coordinates":[-100.5906,32.5151]},"properties":{"farm":"roscoe","project":"Inadale (Roscoe IV)"}},{"type":"Feature","geometry":{"type":"Point","coordinates":[-100.5891,32.4937]},"properties":{"farm":"roscoe","project":"Inadale (Roscoe IV)"}},{"type":"Feature","geometry":{"type":"Point","coordinates":[-100.5435,32.4902]},"properties":{"farm":"roscoe","project":"Inadale (Roscoe IV)"}},{"type":"Feature","geometry":{"type":"Point","coordinates":[-100.5454,32.5134]},"properties":{"farm":"roscoe","project":"Inadale (Roscoe IV)"}},{"type":"Feature","geometry":{"type":"Point","coordinates":[-100.5297,32.5147]},"properties":{"farm":"roscoe","project":"Inadale (Roscoe IV)"}},{"type":"Feature","geometry":{"type":"Point","coordinates":[-100.5419,32.4973]},"properties":{"farm":"roscoe","project":"Inadale (Roscoe IV)"}},{"type":"Feature","geometry":{"type":"Point","coordinates":[-100.5408,32.4892]},"properties":{"farm":"roscoe","project":"Inadale (Roscoe IV)"}},{"type":"Feature","geometry":{"type":"Point","coordinates":[-100.6174,32.5043]},"properties":{"farm":"roscoe","project":"Inadale (Roscoe IV)"}},{"type":"Feature","geometry":{"type":"Point","coordinates":[-100.5519,32.4845]},"properties":{"farm":"roscoe","project":"Inadale (Roscoe IV)"}},{"type":"Feature","geometry":{"type":"Point","coordinates":[-100.5507,32.5005]},"properties":{"farm":"roscoe","project":"Inadale (Roscoe IV)"}},{"type":"Feature","geometry":{"type":"Point","coordinates":[-100.5851,32.5123]},"properties":{"farm":"roscoe","project":"Inadale (Roscoe IV)"}},{"type":"Feature","geometry":{"type":"Point","coordinates":[-100.5194,32.4733]},"properties":{"farm":"roscoe","project":"Inadale (Roscoe IV)"}},{"type":"Feature","geometry":{"type":"Point","coordinates":[-100.5546,32.486]},"properties":{"farm":"roscoe","project":"Inadale (Roscoe IV)"}},{"type":"Feature","geometry":{"type":"Point","coordinates":[-100.5371,32.4732]},"properties":{"farm":"roscoe","project":"Inadale (Roscoe IV)"}},{"type":"Feature","geometry":{"type":"Point","coordinates":[-100.5426,32.5195]},"properties":{"farm":"roscoe","project":"Inadale (Roscoe IV)"}},{"type":"Feature","geometry":{"type":"Point","coordinates":[-100.5421,32.5122]},"properties":{"farm":"roscoe","project":"Inadale (Roscoe IV)"}},{"type":"Feature","geometry":{"type":"Point","coordinates":[-100.5209,32.4656]},"properties":{"farm":"roscoe","project":"Inadale (Roscoe IV)"}},{"type":"Feature","geometry":{"type":"Point","coordinates":[-100.5704,32.4967]},"properties":{"farm":"roscoe","project":"Inadale (Roscoe IV)"}},{"type":"Feature","geometry":{"type":"Point","coordinates":[-100.5383,32.5188]},"properties":{"farm":"roscoe","project":"Inadale (Roscoe IV)"}},{"type":"Feature","geometry":{"type":"Point","coordinates":[-100.5537,32.5017]},"properties":{"farm":"roscoe","project":"Inadale (Roscoe IV)"}},{"type":"Feature","geometry":{"type":"Point","coordinates":[-100.6059,32.5004]},"properties":{"farm":"roscoe","project":"Inadale (Roscoe IV)"}},{"type":"Feature","geometry":{"type":"Point","coordinates":[-100.6088,32.5015]},"properties":{"farm":"roscoe","project":"Inadale (Roscoe IV)"}},{"type":"Feature","geometry":{"type":"Point","coordinates":[-100.5929,32.5083]},"properties":{"farm":"roscoe","project":"Inadale (Roscoe IV)"}},{"type":"Feature","geometry":{"type":"Point","coordinates":[-100.5992,32.5192]},"properties":{"farm":"roscoe","project":"Inadale (Roscoe IV)"}},{"type":"Feature","geometry":{"type":"Point","coordinates":[-100.5962,32.5179]},"properties":{"farm":"roscoe","project":"Inadale (Roscoe IV)"}},{"type":"Feature","geometry":{"type":"Point","coordinates":[-100.539,32.4962]},"properties":{"farm":"roscoe","project":"Inadale (Roscoe IV)"}},{"type":"Feature","geometry":{"type":"Point","coordinates":[-100.5309,32.4779]},"properties":{"farm":"roscoe","project":"Inadale (Roscoe IV)"}},{"type":"Feature","geometry":{"type":"Point","coordinates":[-100.5302,32.4999]},"properties":{"farm":"roscoe","project":"Inadale (Roscoe IV)"}},{"type":"Feature","geometry":{"type":"Point","coordinates":[-100.527,32.4838]},"properties":{"farm":"roscoe","project":"Inadale (Roscoe IV)"}},{"type":"Feature","geometry":{"type":"Point","coordinates":[-100.5231,32.4669]},"properties":{"farm":"roscoe","project":"Inadale (Roscoe IV)"}},{"type":"Feature","geometry":{"type":"Point","coordinates":[-100.5381,32.4882]},"properties":{"farm":"roscoe","project":"Inadale (Roscoe IV)"}},{"type":"Feature","geometry":{"type":"Point","coordinates":[-100.5274,32.4988]},"properties":{"farm":"roscoe","project":"Inadale (Roscoe IV)"}},{"type":"Feature","geometry":{"type":"Point","coordinates":[-100.566,32.4915]},"properties":{"farm":"roscoe","project":"Inadale (Roscoe IV)"}},{"type":"Feature","geometry":{"type":"Point","coordinates":[-100.5212,32.4962]},"properties":{"farm":"roscoe","project":"Inadale (Roscoe IV)"}},{"type":"Feature","geometry":{"type":"Point","coordinates":[-100.54,32.4743]},"properties":{"farm":"roscoe","project":"Inadale (Roscoe IV)"}},{"type":"Feature","geometry":{"type":"Point","coordinates":[-100.5682,32.4845]},"properties":{"farm":"roscoe","project":"Inadale (Roscoe IV)"}},{"type":"Feature","geometry":{"type":"Point","coordinates":[-100.5147,32.4866]},"properties":{"farm":"roscoe","project":"Inadale (Roscoe IV)"}},{"type":"Feature","geometry":{"type":"Point","coordinates":[-100.5565,32.5028]},"properties":{"farm":"roscoe","project":"Inadale (Roscoe IV)"}},{"type":"Feature","geometry":{"type":"Point","coordinates":[-100.5978,32.5044]},"properties":{"farm":"roscoe","project":"Inadale (Roscoe IV)"}},{"type":"Feature","geometry":{"type":"Point","coordinates":[-100.5578,32.4959]},"properties":{"farm":"roscoe","project":"Inadale (Roscoe IV)"}},{"type":"Feature","geometry":{"type":"Point","coordinates":[-100.5422,32.4826]},"properties":{"farm":"roscoe","project":"Inadale (Roscoe IV)"}},{"type":"Feature","geometry":{"type":"Point","coordinates":[-100.5635,32.49]},"properties":{"farm":"roscoe","project":"Inadale (Roscoe IV)"}},{"type":"Feature","geometry":{"type":"Point","coordinates":[-100.5661,32.4832]},"properties":{"farm":"roscoe","project":"Inadale (Roscoe IV)"}},{"type":"Feature","geometry":{"type":"Point","coordinates":[-100.5339,32.4788]},"properties":{"farm":"roscoe","project":"Inadale (Roscoe IV)"}},{"type":"Feature","geometry":{"type":"Point","coordinates":[-100.6106,32.5086]},"properties":{"farm":"roscoe","project":"Inadale (Roscoe IV)"}},{"type":"Feature","geometry":{"type":"Point","coordinates":[-100.5619,32.4805]},"properties":{"farm":"roscoe","project":"Inadale (Roscoe IV)"}},{"type":"Feature","geometry":{"type":"Point","coordinates":[-100.6036,32.5067]},"properties":{"farm":"roscoe","project":"Inadale (Roscoe IV)"}},{"type":"Feature","geometry":{"type":"Point","coordinates":[-100.5802,32.497]},"properties":{"farm":"roscoe","project":"Inadale (Roscoe IV)"}},{"type":"Feature","geometry":{"type":"Point","coordinates":[-100.522,32.4746]},"properties":{"farm":"roscoe","project":"Inadale (Roscoe IV)"}},{"type":"Feature","geometry":{"type":"Point","coordinates":[-100.5394,32.4819]},"properties":{"farm":"roscoe","project":"Inadale (Roscoe IV)"}},{"type":"Feature","geometry":{"type":"Point","coordinates":[-100.5261,32.5136]},"properties":{"farm":"roscoe","project":"Inadale (Roscoe IV)"}},{"type":"Feature","geometry":{"type":"Point","coordinates":[-100.5331,32.5009]},"properties":{"farm":"roscoe","project":"Inadale (Roscoe IV)"}},{"type":"Feature","geometry":{"type":"Point","coordinates":[-100.5191,32.4953]},"properties":{"farm":"roscoe","project":"Inadale (Roscoe IV)"}},{"type":"Feature","geometry":{"type":"Point","coordinates":[-100.6159,32.5188]},"properties":{"farm":"roscoe","project":"Inadale (Roscoe IV)"}},{"type":"Feature","geometry":{"type":"Point","coordinates":[-100.613,32.5177]},"properties":{"farm":"roscoe","project":"Inadale (Roscoe IV)"}},{"type":"Feature","geometry":{"type":"Point","coordinates":[-100.5215,32.4816]},"properties":{"farm":"roscoe","project":"Inadale (Roscoe IV)"}},{"type":"Feature","geometry":{"type":"Point","coordinates":[-100.5455,32.483]},"properties":{"farm":"roscoe","project":"Inadale (Roscoe IV)"}},{"type":"Feature","geometry":{"type":"Point","coordinates":[-100.5902,32.507]},"properties":{"farm":"roscoe","project":"Inadale (Roscoe IV)"}},{"type":"Feature","geometry":{"type":"Point","coordinates":[-100.50813,32.19264]},"properties":{"farm":"roscoe","project":"Maryneal"}},{"type":"Feature","geometry":{"type":"Point","coordinates":[-100.4972,32.19201]},"properties":{"farm":"roscoe","project":"Maryneal"}},{"type":"Feature","geometry":{"type":"Point","coordinates":[-100.48619,32.18904]},"properties":{"farm":"roscoe","project":"Maryneal"}},{"type":"Feature","geometry":{"type":"Point","coordinates":[-100.42243,32.20018]},"properties":{"farm":"roscoe","project":"Maryneal"}},{"type":"Feature","geometry":{"type":"Point","coordinates":[-100.48406,32.2077]},"properties":{"farm":"roscoe","project":"Maryneal"}},{"type":"Feature","geometry":{"type":"Point","coordinates":[-100.50261,32.19185]},"properties":{"farm":"roscoe","project":"Maryneal"}},{"type":"Feature","geometry":{"type":"Point","coordinates":[-100.4708,32.20305]},"properties":{"farm":"roscoe","project":"Maryneal"}},{"type":"Feature","geometry":{"type":"Point","coordinates":[-100.47534,32.20448]},"properties":{"farm":"roscoe","project":"Maryneal"}},{"type":"Feature","geometry":{"type":"Point","coordinates":[-100.49665,32.20986]},"properties":{"farm":"roscoe","project":"Maryneal"}},{"type":"Feature","geometry":{"type":"Point","coordinates":[-100.49477,32.17426]},"properties":{"farm":"roscoe","project":"Maryneal"}},{"type":"Feature","geometry":{"type":"Point","coordinates":[-100.50137,32.20933]},"properties":{"farm":"roscoe","project":"Maryneal"}},{"type":"Feature","geometry":{"type":"Point","coordinates":[-100.43201,32.20189]},"properties":{"farm":"roscoe","project":"Maryneal"}},{"type":"Feature","geometry":{"type":"Point","coordinates":[-100.42151,32.25082]},"properties":{"farm":"roscoe","project":"Maryneal"}},{"type":"Feature","geometry":{"type":"Point","coordinates":[-100.50681,32.16197]},"properties":{"farm":"roscoe","project":"Maryneal"}},{"type":"Feature","geometry":{"type":"Point","coordinates":[-100.49031,32.17312]},"properties":{"farm":"roscoe","project":"Maryneal"}},{"type":"Feature","geometry":{"type":"Point","coordinates":[-100.42722,32.23258]},"properties":{"farm":"roscoe","project":"Maryneal"}},{"type":"Feature","geometry":{"type":"Point","coordinates":[-100.42746,32.20338]},"properties":{"farm":"roscoe","project":"Maryneal"}},{"type":"Feature","geometry":{"type":"Point","coordinates":[-100.44112,32.22227]},"properties":{"farm":"roscoe","project":"Maryneal"}},{"type":"Feature","geometry":{"type":"Point","coordinates":[-100.41585,32.2492]},"properties":{"farm":"roscoe","project":"Maryneal"}},{"type":"Feature","geometry":{"type":"Point","coordinates":[-100.48086,32.1738]},"properties":{"farm":"roscoe","project":"Maryneal"}},{"type":"Feature","geometry":{"type":"Point","coordinates":[-100.51096,32.17523]},"properties":{"farm":"roscoe","project":"Maryneal"}},{"type":"Feature","geometry":{"type":"Point","coordinates":[-100.44112,32.20434]},"properties":{"farm":"roscoe","project":"Maryneal"}},{"type":"Feature","geometry":{"type":"Point","coordinates":[-100.48148,32.18763]},"properties":{"farm":"roscoe","project":"Maryneal"}},{"type":"Feature","geometry":{"type":"Point","coordinates":[-100.4149,32.20057]},"properties":{"farm":"roscoe","project":"Maryneal"}},{"type":"Feature","geometry":{"type":"Point","coordinates":[-100.41103,32.24928]},"properties":{"farm":"roscoe","project":"Maryneal"}},{"type":"Feature","geometry":{"type":"Point","coordinates":[-100.50637,32.17675]},"properties":{"farm":"roscoe","project":"Maryneal"}},{"type":"Feature","geometry":{"type":"Point","coordinates":[-100.42245,32.23269]},"properties":{"farm":"roscoe","project":"Maryneal"}},{"type":"Feature","geometry":{"type":"Point","coordinates":[-100.51159,32.16203]},"properties":{"farm":"roscoe","project":"Maryneal"}},{"type":"Feature","geometry":{"type":"Point","coordinates":[-100.4364,32.22152]},"properties":{"farm":"roscoe","project":"Maryneal"}},{"type":"Feature","geometry":{"type":"Point","coordinates":[-100.50554,32.20713]},"properties":{"farm":"roscoe","project":"Maryneal"}},{"type":"Feature","geometry":{"type":"Point","coordinates":[-100.50214,32.16026]},"properties":{"farm":"roscoe","project":"Maryneal"}},{"type":"Feature","geometry":{"type":"Point","coordinates":[-100.44752,32.20445]},"properties":{"farm":"roscoe","project":"Maryneal"}},{"type":"Feature","geometry":{"type":"Point","coordinates":[-100.4324,32.21928]},"properties":{"farm":"roscoe","project":"Maryneal"}},{"type":"Feature","geometry":{"type":"Point","coordinates":[-100.45335,32.20569]},"properties":{"farm":"roscoe","project":"Maryneal"}},{"type":"Feature","geometry":{"type":"Point","coordinates":[-100.4369,32.20226]},"properties":{"farm":"roscoe","project":"Maryneal"}},{"type":"Feature","geometry":{"type":"Point","coordinates":[-100.47948,32.20642]},"properties":{"farm":"roscoe","project":"Maryneal"}},{"type":"Feature","geometry":{"type":"Point","coordinates":[-100.49097,32.18789]},"properties":{"farm":"roscoe","project":"Maryneal"}},{"type":"Feature","geometry":{"type":"Point","coordinates":[-100.48925,32.20994]},"properties":{"farm":"roscoe","project":"Maryneal"}},{"type":"Feature","geometry":{"type":"Point","coordinates":[-100.5639,32.4543]},"properties":{"farm":"roscoe","project":"Roscoe"}},{"type":"Feature","geometry":{"type":"Point","coordinates":[-100.5888,32.4571]},"properties":{"farm":"roscoe","project":"Roscoe"}},{"type":"Feature","geometry":{"type":"Point","coordinates":[-100.6112,32.445]},"properties":{"farm":"roscoe","project":"Roscoe"}},{"type":"Feature","geometry":{"type":"Point","coordinates":[-100.5806,32.4465]},"properties":{"farm":"roscoe","project":"Roscoe"}},{"type":"Feature","geometry":{"type":"Point","coordinates":[-100.6066,32.4575]},"properties":{"farm":"roscoe","project":"Roscoe"}},{"type":"Feature","geometry":{"type":"Point","coordinates":[-100.6169,32.4364]},"properties":{"farm":"roscoe","project":"Roscoe"}},{"type":"Feature","geometry":{"type":"Point","coordinates":[-100.5952,32.4597]},"properties":{"farm":"roscoe","project":"Roscoe"}},{"type":"Feature","geometry":{"type":"Point","coordinates":[-100.6076,32.4504]},"properties":{"farm":"roscoe","project":"Roscoe"}},{"type":"Feature","geometry":{"type":"Point","coordinates":[-100.5692,32.4568]},"properties":{"farm":"roscoe","project":"Roscoe"}},{"type":"Feature","geometry":{"type":"Point","coordinates":[-100.6039,32.4562]},"properties":{"farm":"roscoe","project":"Roscoe"}},{"type":"Feature","geometry":{"type":"Point","coordinates":[-100.5663,32.4556]},"properties":{"farm":"roscoe","project":"Roscoe"}},{"type":"Feature","geometry":{"type":"Point","coordinates":[-100.6153,32.4541]},"properties":{"farm":"roscoe","project":"Roscoe"}},{"type":"Feature","geometry":{"type":"Point","coordinates":[-100.5757,32.4519]},"properties":{"farm":"roscoe","project":"Roscoe"}},{"type":"Feature","geometry":{"type":"Point","coordinates":[-100.5934,32.4444]},"properties":{"farm":"roscoe","project":"Roscoe"}},{"type":"Feature","geometry":{"type":"Point","coordinates":[-100.584,32.4479]},"properties":{"farm":"roscoe","project":"Roscoe"}},{"type":"Feature","geometry":{"type":"Point","coordinates":[-100.5721,32.4579]},"properties":{"farm":"roscoe","project":"Roscoe"}},{"type":"Feature","geometry":{"type":"Point","coordinates":[-100.6097,32.4581]},"properties":{"farm":"roscoe","project":"Roscoe"}},{"type":"Feature","geometry":{"type":"Point","coordinates":[-100.6021,32.4404]},"properties":{"farm":"roscoe","project":"Roscoe"}},{"type":"Feature","geometry":{"type":"Point","coordinates":[-100.5956,32.4524]},"properties":{"farm":"roscoe","project":"Roscoe"}},{"type":"Feature","geometry":{"type":"Point","coordinates":[-100.581,32.454]},"properties":{"farm":"roscoe","project":"Roscoe"}},{"type":"Feature","geometry":{"type":"Point","coordinates":[-100.6118,32.453]},"properties":{"farm":"roscoe","project":"Roscoe"}},{"type":"Feature","geometry":{"type":"Point","coordinates":[-100.5754,32.4445]},"properties":{"farm":"roscoe","project":"Roscoe"}},{"type":"Feature","geometry":{"type":"Point","coordinates":[-100.6188,32.4624]},"properties":{"farm":"roscoe","project":"Roscoe"}},{"type":"Feature","geometry":{"type":"Point","coordinates":[-100.5991,32.4464]},"properties":{"farm":"roscoe","project":"Roscoe"}},{"type":"Feature","geometry":{"type":"Point","coordinates":[-100.5781,32.4529]},"properties":{"farm":"roscoe","project":"Roscoe"}},{"type":"Feature","geometry":{"type":"Point","coordinates":[-100.6023,32.448]},"properties":{"farm":"roscoe","project":"Roscoe"}},{"type":"Feature","geometry":{"type":"Point","coordinates":[-100.5775,32.4453]},"properties":{"farm":"roscoe","project":"Roscoe"}},{"type":"Feature","geometry":{"type":"Point","coordinates":[-100.5907,32.4429]},"properties":{"farm":"roscoe","project":"Roscoe"}},{"type":"Feature","geometry":{"type":"Point","coordinates":[-100.5927,32.4513]},"properties":{"farm":"roscoe","project":"Roscoe"}},{"type":"Feature","geometry":{"type":"Point","coordinates":[-100.5867,32.4563]},"properties":{"farm":"roscoe","project":"Roscoe"}},{"type":"Feature","geometry":{"type":"Point","coordinates":[-100.5924,32.4586]},"properties":{"farm":"roscoe","project":"Roscoe"}},{"type":"Feature","geometry":{"type":"Point","coordinates":[-100.5879,32.4416]},"properties":{"farm":"roscoe","project":"Roscoe"}},{"type":"Feature","geometry":{"type":"Point","coordinates":[-100.5964,32.4454]},"properties":{"farm":"roscoe","project":"Roscoe"}},{"type":"Feature","geometry":{"type":"Point","coordinates":[-100.614,32.4464]},"properties":{"farm":"roscoe","project":"Roscoe"}},{"type":"Feature","geometry":{"type":"Point","coordinates":[-100.6166,32.4479]},"properties":{"farm":"roscoe","project":"Roscoe"}},{"type":"Feature","geometry":{"type":"Point","coordinates":[-100.5867,32.449]},"properties":{"farm":"roscoe","project":"Roscoe"}},{"type":"Feature","geometry":{"type":"Point","coordinates":[-100.6132,32.46]},"properties":{"farm":"roscoe","project":"Roscoe"}},{"type":"Feature","geometry":{"type":"Point","coordinates":[-100.6161,32.4611]},"properties":{"farm":"roscoe","project":"Roscoe"}},{"type":"Feature","geometry":{"type":"Point","coordinates":[-100.5898,32.4502]},"properties":{"farm":"roscoe","project":"Roscoe"}},{"type":"Feature","geometry":{"type":"Point","coordinates":[-100.5995,32.439]},"properties":{"farm":"roscoe","project":"Roscoe"}},{"type":"Feature","geometry":{"type":"Point","coordinates":[-100.6178,32.4549]},"properties":{"farm":"roscoe","project":"Roscoe"}},{"type":"Feature","geometry":{"type":"Point","coordinates":[-100.5842,32.4545]},"properties":{"farm":"roscoe","project":"Roscoe"}},{"type":"Feature","geometry":{"type":"Point","coordinates":[-100.2555,32.4174]},"properties":{"farm":"roscoe","project":"South Trent Mesa"}},{"type":"Feature","geometry":{"type":"Point","coordinates":[-100.1168,32.4143]},"properties":{"farm":"roscoe","project":"South Trent Mesa"}},{"type":"Feature","geometry":{"type":"Point","coordinates":[-100.1602,32.4181]},"properties":{"farm":"roscoe","project":"South Trent Mesa"}},{"type":"Feature","geometry":{"type":"Point","coordinates":[-100.2025,32.4206]},"properties":{"farm":"roscoe","project":"South Trent Mesa"}},{"type":"Feature","geometry":{"type":"Point","coordinates":[-100.2495,32.4221]},"properties":{"farm":"roscoe","project":"South Trent Mesa"}},{"type":"Feature","geometry":{"type":"Point","coordinates":[-100.1042,32.4169]},"properties":{"farm":"roscoe","project":"South Trent Mesa"}},{"type":"Feature","geometry":{"type":"Point","coordinates":[-100.1119,32.4043]},"properties":{"farm":"roscoe","project":"South Trent Mesa"}},{"type":"Feature","geometry":{"type":"Point","coordinates":[-100.2353,32.4197]},"properties":{"farm":"roscoe","project":"South Trent Mesa"}},{"type":"Feature","geometry":{"type":"Point","coordinates":[-100.2588,32.4172]},"properties":{"farm":"roscoe","project":"South Trent Mesa"}},{"type":"Feature","geometry":{"type":"Point","coordinates":[-100.2458,32.4104]},"properties":{"farm":"roscoe","project":"South Trent Mesa"}},{"type":"Feature","geometry":{"type":"Point","coordinates":[-100.1283,32.4126]},"properties":{"farm":"roscoe","project":"South Trent Mesa"}},{"type":"Feature","geometry":{"type":"Point","coordinates":[-100.1352,32.415]},"properties":{"farm":"roscoe","project":"South Trent Mesa"}},{"type":"Feature","geometry":{"type":"Point","coordinates":[-100.1075,32.4115]},"properties":{"farm":"roscoe","project":"South Trent Mesa"}},{"type":"Feature","geometry":{"type":"Point","coordinates":[-100.1397,32.4159]},"properties":{"farm":"roscoe","project":"South Trent Mesa"}},{"type":"Feature","geometry":{"type":"Point","coordinates":[-100.1143,32.413]},"properties":{"farm":"roscoe","project":"South Trent Mesa"}},{"type":"Feature","geometry":{"type":"Point","coordinates":[-100.1331,32.4139]},"properties":{"farm":"roscoe","project":"South Trent Mesa"}},{"type":"Feature","geometry":{"type":"Point","coordinates":[-100.126,32.412]},"properties":{"farm":"roscoe","project":"South Trent Mesa"}},{"type":"Feature","geometry":{"type":"Point","coordinates":[-100.2642,32.4185]},"properties":{"farm":"roscoe","project":"South Trent Mesa"}},{"type":"Feature","geometry":{"type":"Point","coordinates":[-100.1726,32.4185]},"properties":{"farm":"roscoe","project":"South Trent Mesa"}},{"type":"Feature","geometry":{"type":"Point","coordinates":[-100.1871,32.4214]},"properties":{"farm":"roscoe","project":"South Trent Mesa"}},{"type":"Feature","geometry":{"type":"Point","coordinates":[-100.1432,32.4016]},"properties":{"farm":"roscoe","project":"South Trent Mesa"}},{"type":"Feature","geometry":{"type":"Point","coordinates":[-100.2699,32.4206]},"properties":{"farm":"roscoe","project":"South Trent Mesa"}},{"type":"Feature","geometry":{"type":"Point","coordinates":[-100.2524,32.4222]},"properties":{"farm":"roscoe","project":"South Trent Mesa"}},{"type":"Feature","geometry":{"type":"Point","coordinates":[-100.1096,32.4135]},"properties":{"farm":"roscoe","project":"South Trent Mesa"}},{"type":"Feature","geometry":{"type":"Point","coordinates":[-100.1376,32.4147]},"properties":{"farm":"roscoe","project":"South Trent Mesa"}},{"type":"Feature","geometry":{"type":"Point","coordinates":[-100.2593,32.4096]},"properties":{"farm":"roscoe","project":"South Trent Mesa"}},{"type":"Feature","geometry":{"type":"Point","coordinates":[-100.1481,32.418]},"properties":{"farm":"roscoe","project":"South Trent Mesa"}},{"type":"Feature","geometry":{"type":"Point","coordinates":[-100.2392,32.4197]},"properties":{"farm":"roscoe","project":"South Trent Mesa"}},{"type":"Feature","geometry":{"type":"Point","coordinates":[-100.1573,32.4174]},"properties":{"farm":"roscoe","project":"South Trent Mesa"}},{"type":"Feature","geometry":{"type":"Point","coordinates":[-100.142,32.4177]},"properties":{"farm":"roscoe","project":"South Trent Mesa"}},{"type":"Feature","geometry":{"type":"Point","coordinates":[-100.1307,32.4132]},"properties":{"farm":"roscoe","project":"South Trent Mesa"}},{"type":"Feature","geometry":{"type":"Point","coordinates":[-100.1443,32.4202]},"properties":{"farm":"roscoe","project":"South Trent Mesa"}},{"type":"Feature","geometry":{"type":"Point","coordinates":[-100.1696,32.4191]},"properties":{"farm":"roscoe","project":"South Trent Mesa"}},{"type":"Feature","geometry":{"type":"Point","coordinates":[-100.2098,32.4209]},"properties":{"farm":"roscoe","project":"South Trent Mesa"}},{"type":"Feature","geometry":{"type":"Point","coordinates":[-100.2566,32.4089]},"properties":{"farm":"roscoe","project":"South Trent Mesa"}},{"type":"Feature","geometry":{"type":"Point","coordinates":[-100.1631,32.4203]},"properties":{"farm":"roscoe","project":"South Trent Mesa"}},{"type":"Feature","geometry":{"type":"Point","coordinates":[-100.2466,32.4215]},"properties":{"farm":"roscoe","project":"South Trent Mesa"}},{"type":"Feature","geometry":{"type":"Point","coordinates":[-100.2427,32.4117]},"properties":{"farm":"roscoe","project":"South Trent Mesa"}},{"type":"Feature","geometry":{"type":"Point","coordinates":[-100.1235,32.4137]},"properties":{"farm":"roscoe","project":"South Trent Mesa"}},{"type":"Feature","geometry":{"type":"Point","coordinates":[-100.1845,32.4151]},"properties":{"farm":"roscoe","project":"South Trent Mesa"}},{"type":"Feature","geometry":{"type":"Point","coordinates":[-100.2623,32.4092]},"properties":{"farm":"roscoe","project":"South Trent Mesa"}},{"type":"Feature","geometry":{"type":"Point","coordinates":[-100.17951,32.4159]},"properties":{"farm":"roscoe","project":"South Trent Mesa"}},{"type":"Feature","geometry":{"type":"Point","coordinates":[-100.1201,32.4142]},"properties":{"farm":"roscoe","project":"South Trent Mesa"}},{"type":"Feature","geometry":{"type":"Point","coordinates":[-100.2671,32.4195]},"properties":{"farm":"roscoe","project":"South Trent Mesa"}},{"type":"Feature","geometry":{"type":"Point","coordinates":[-100.478,32.3271]},"properties":{"farm":"roscoe","project":"Sweetwater Phase III"}},{"type":"Feature","geometry":{"type":"Point","coordinates":[-100.49745,32.32815]},"properties":{"farm":"roscoe","project":"Sweetwater Phase III"}},{"type":"Feature","geometry":{"type":"Point","coordinates":[-100.45986,32.3445]},"properties":{"farm":"roscoe","project":"Sweetwater Phase III"}},{"type":"Feature","geometry":{"type":"Point","coordinates":[-100.40203,32.29294]},"properties":{"farm":"roscoe","project":"Sweetwater Phase III"}},{"type":"Feature","geometry":{"type":"Point","coordinates":[-100.41117,32.26986]},"properties":{"farm":"roscoe","project":"Sweetwater Phase III"}},{"type":"Feature","geometry":{"type":"Point","coordinates":[-100.4215,32.31123]},"properties":{"farm":"roscoe","project":"Sweetwater Phase III"}},{"type":"Feature","geometry":{"type":"Point","coordinates":[-100.48518,32.34112]},"properties":{"farm":"roscoe","project":"Sweetwater Phase III"}},{"type":"Feature","geometry":{"type":"Point","coordinates":[-100.4391,32.27973]},"properties":{"farm":"roscoe","project":"Sweetwater Phase III"}},{"type":"Feature","geometry":{"type":"Point","coordinates":[-100.47533,32.32719]},"properties":{"farm":"roscoe","project":"Sweetwater Phase III"}},{"type":"Feature","geometry":{"type":"Point","coordinates":[-100.48252,32.34142]},"properties":{"farm":"roscoe","project":"Sweetwater Phase III"}},{"type":"Feature","geometry":{"type":"Point","coordinates":[-100.4573,32.3482]},"properties":{"farm":"roscoe","project":"Sweetwater Phase III"}},{"type":"Feature","geometry":{"type":"Point","coordinates":[-100.39048,32.26903]},"properties":{"farm":"roscoe","project":"Sweetwater Phase III"}},{"type":"Feature","geometry":{"type":"Point","coordinates":[-100.4299,32.2592]},"properties":{"farm":"roscoe","project":"Sweetwater Phase III"}},{"type":"Feature","geometry":{"type":"Point","coordinates":[-100.43664,32.27963]},"properties":{"farm":"roscoe","project":"Sweetwater Phase III"}},{"type":"Feature","geometry":{"type":"Point","coordinates":[-100.49007,32.32783]},"properties":{"farm":"roscoe","project":"Sweetwater Phase III"}},{"type":"Feature","geometry":{"type":"Point","coordinates":[-100.40373,32.28275]},"properties":{"farm":"roscoe","project":"Sweetwater Phase III"}},{"type":"Feature","geometry":{"type":"Point","coordinates":[-100.4139,32.29012]},"properties":{"farm":"roscoe","project":"Sweetwater Phase III"}},{"type":"Feature","geometry":{"type":"Point","coordinates":[-100.3732,32.3737]},"properties":{"farm":"roscoe","project":"Sweetwater Phase III"}},{"type":"Feature","geometry":{"type":"Point","coordinates":[-100.4716,32.3434]},"properties":{"farm":"roscoe","project":"Sweetwater Phase III"}},{"type":"Feature","geometry":{"type":"Point","coordinates":[-100.4248,32.3114]},"properties":{"farm":"roscoe","project":"Sweetwater Phase III"}},{"type":"Feature","geometry":{"type":"Point","coordinates":[-100.36984,32.36476]},"properties":{"farm":"roscoe","project":"Sweetwater Phase III"}},{"type":"Feature","geometry":{"type":"Point","coordinates":[-100.4163,32.3012]},"properties":{"farm":"roscoe","project":"Sweetwater Phase III"}},{"type":"Feature","geometry":{"type":"Point","coordinates":[-100.48272,32.32738]},"properties":{"farm":"roscoe","project":"Sweetwater Phase III"}},{"type":"Feature","geometry":{"type":"Point","coordinates":[-100.41879,32.31107]},"properties":{"farm":"roscoe","project":"Sweetwater Phase III"}},{"type":"Feature","geometry":{"type":"Point","coordinates":[-100.39667,32.29402]},"properties":{"farm":"roscoe","project":"Sweetwater Phase III"}},{"type":"Feature","geometry":{"type":"Point","coordinates":[-100.419,32.3401]},"properties":{"farm":"roscoe","project":"Sweetwater Phase III"}},{"type":"Feature","geometry":{"type":"Point","coordinates":[-100.42642,32.26828]},"properties":{"farm":"roscoe","project":"Sweetwater Phase III"}},{"type":"Feature","geometry":{"type":"Point","coordinates":[-100.37267,32.3647]},"properties":{"farm":"roscoe","project":"Sweetwater Phase III"}},{"type":"Feature","geometry":{"type":"Point","coordinates":[-100.45486,32.34804]},"properties":{"farm":"roscoe","project":"Sweetwater Phase III"}},{"type":"Feature","geometry":{"type":"Point","coordinates":[-100.495,32.328]},"properties":{"farm":"roscoe","project":"Sweetwater Phase III"}},{"type":"Feature","geometry":{"type":"Point","coordinates":[-100.4272,32.2589]},"properties":{"farm":"roscoe","project":"Sweetwater Phase III"}},{"type":"Feature","geometry":{"type":"Point","coordinates":[-100.41384,32.30102]},"properties":{"farm":"roscoe","project":"Sweetwater Phase III"}},{"type":"Feature","geometry":{"type":"Point","coordinates":[-100.39919,32.29351]},"properties":{"farm":"roscoe","project":"Sweetwater Phase III"}},{"type":"Feature","geometry":{"type":"Point","coordinates":[-100.42382,32.29561]},"properties":{"farm":"roscoe","project":"Sweetwater Phase III"}},{"type":"Feature","geometry":{"type":"Point","coordinates":[-100.44708,32.27117]},"properties":{"farm":"roscoe","project":"Sweetwater Phase III"}},{"type":"Feature","geometry":{"type":"Point","coordinates":[-100.44733,32.34508]},"properties":{"farm":"roscoe","project":"Sweetwater Phase III"}},{"type":"Feature","geometry":{"type":"Point","coordinates":[-100.49171,32.33951]},"properties":{"farm":"roscoe","project":"Sweetwater Phase III"}},{"type":"Feature","geometry":{"type":"Point","coordinates":[-100.44457,32.27059]},"properties":{"farm":"roscoe","project":"Sweetwater Phase III"}},{"type":"Feature","geometry":{"type":"Point","coordinates":[-100.4262,32.2966]},"properties":{"farm":"roscoe","project":"Sweetwater Phase III"}},{"type":"Feature","geometry":{"type":"Point","coordinates":[-100.46658,32.33144]},"properties":{"farm":"roscoe","project":"Sweetwater Phase III"}},{"type":"Feature","geometry":{"type":"Point","coordinates":[-100.39861,32.2694]},"properties":{"farm":"roscoe","project":"Sweetwater Phase III"}},{"type":"Feature","geometry":{"type":"Point","coordinates":[-100.42095,32.26762]},"properties":{"farm":"roscoe","project":"Sweetwater Phase III"}},{"type":"Feature","geometry":{"type":"Point","coordinates":[-100.4634,32.3445]},"properties":{"farm":"roscoe","project":"Sweetwater Phase III"}},{"type":"Feature","geometry":{"type":"Point","coordinates":[-100.4533,32.2427]},"properties":{"farm":"roscoe","project":"Sweetwater V"}},{"type":"Feature","geometry":{"type":"Point","coordinates":[-100.463,32.2216]},"properties":{"farm":"roscoe","project":"Sweetwater V"}},{"type":"Feature","geometry":{"type":"Point","coordinates":[-100.5111,32.2352]},"properties":{"farm":"roscoe","project":"Sweetwater V"}},{"type":"Feature","geometry":{"type":"Point","coordinates":[-100.4712,32.2219]},"properties":{"farm":"roscoe","project":"Sweetwater V"}},{"type":"Feature","geometry":{"type":"Point","coordinates":[-100.4997,32.2236]},"properties":{"farm":"roscoe","project":"Sweetwater V"}},{"type":"Feature","geometry":{"type":"Point","coordinates":[-100.4834,32.237]},"properties":{"farm":"roscoe","project":"Sweetwater V"}},{"type":"Feature","geometry":{"type":"Point","coordinates":[-100.487,32.2371]},"properties":{"farm":"roscoe","project":"Sweetwater V"}},{"type":"Feature","geometry":{"type":"Point","coordinates":[-100.5032,32.2354]},"properties":{"farm":"roscoe","project":"Sweetwater V"}},{"type":"Feature","geometry":{"type":"Point","coordinates":[-100.5119,32.2214]},"properties":{"farm":"roscoe","project":"Sweetwater V"}},{"type":"Feature","geometry":{"type":"Point","coordinates":[-100.4939,32.2217]},"properties":{"farm":"roscoe","project":"Sweetwater V"}},{"type":"Feature","geometry":{"type":"Point","coordinates":[-100.48582,32.21958]},"properties":{"farm":"roscoe","project":"Sweetwater V"}},{"type":"Feature","geometry":{"type":"Point","coordinates":[-100.4987,32.2362]},"properties":{"farm":"roscoe","project":"Sweetwater V"}},{"type":"Feature","geometry":{"type":"Point","coordinates":[-100.4941,32.2372]},"properties":{"farm":"roscoe","project":"Sweetwater V"}},{"type":"Feature","geometry":{"type":"Point","coordinates":[-100.5034,32.2235]},"properties":{"farm":"roscoe","project":"Sweetwater V"}},{"type":"Feature","geometry":{"type":"Point","coordinates":[-100.4427,32.2441]},"properties":{"farm":"roscoe","project":"Sweetwater V"}},{"type":"Feature","geometry":{"type":"Point","coordinates":[-100.4662,32.2354]},"properties":{"farm":"roscoe","project":"Sweetwater V"}},{"type":"Feature","geometry":{"type":"Point","coordinates":[-100.4667,32.2216]},"properties":{"farm":"roscoe","project":"Sweetwater V"}},{"type":"Feature","geometry":{"type":"Point","coordinates":[-100.4463,32.2427]},"properties":{"farm":"roscoe","project":"Sweetwater V"}},{"type":"Feature","geometry":{"type":"Point","coordinates":[-100.4591,32.2221]},"properties":{"farm":"roscoe","project":"Sweetwater V"}},{"type":"Feature","geometry":{"type":"Point","coordinates":[-100.4771,32.2359]},"properties":{"farm":"roscoe","project":"Sweetwater V"}},{"type":"Feature","geometry":{"type":"Point","coordinates":[-100.4499,32.2427]},"properties":{"farm":"roscoe","project":"Sweetwater V"}},{"type":"Feature","geometry":{"type":"Point","coordinates":[-100.4355,32.244]},"properties":{"farm":"roscoe","project":"Sweetwater V"}},{"type":"Feature","geometry":{"type":"Point","coordinates":[-100.48222,32.22028]},"properties":{"farm":"roscoe","project":"Sweetwater V"}},{"type":"Feature","geometry":{"type":"Point","coordinates":[-100.4391,32.244]},"properties":{"farm":"roscoe","project":"Sweetwater V"}},{"type":"Feature","geometry":{"type":"Point","coordinates":[-100.4903,32.2217]},"properties":{"farm":"roscoe","project":"Sweetwater V"}},{"type":"Feature","geometry":{"type":"Point","coordinates":[-100.5083,32.2214]},"properties":{"farm":"roscoe","project":"Sweetwater V"}},{"type":"Feature","geometry":{"type":"Point","coordinates":[-100.4787,32.2209]},"properties":{"farm":"roscoe","project":"Sweetwater V"}},{"type":"Feature","geometry":{"type":"Point","coordinates":[-100.4749,32.2216]},"properties":{"farm":"roscoe","project":"Sweetwater V"}},{"type":"Feature","geometry":{"type":"Point","coordinates":[-100.5156,32.2213]},"properties":{"farm":"roscoe","project":"Sweetwater V"}},{"type":"Feature","geometry":{"type":"Point","coordinates":[-100.515,32.2352]},"properties":{"farm":"roscoe","project":"Sweetwater V"}},{"type":"Feature","geometry":{"type":"Point","coordinates":[-100.4905,32.2371]},"properties":{"farm":"roscoe","project":"Sweetwater V"}},{"type":"Feature","geometry":{"type":"Point","coordinates":[-100.4615,32.2352]},"properties":{"farm":"roscoe","project":"Sweetwater V"}},{"type":"Feature","geometry":{"type":"Point","coordinates":[-100.4735,32.2358]},"properties":{"farm":"roscoe","project":"Sweetwater V"}},{"type":"Feature","geometry":{"type":"Point","coordinates":[-100.4698,32.2356]},"properties":{"farm":"roscoe","project":"Sweetwater V"}},{"type":"Feature","geometry":{"type":"Point","coordinates":[-100.5071,32.2353]},"properties":{"farm":"roscoe","project":"Sweetwater V"}},{"type":"Feature","geometry":{"type":"Point","coordinates":[-100.32871,32.36762]},"properties":{"farm":"roscoe","project":"Sweetwater"}},{"type":"Feature","geometry":{"type":"Point","coordinates":[-100.34721,32.34668]},"properties":{"farm":"roscoe","project":"Sweetwater"}},{"type":"Feature","geometry":{"type":"Point","coordinates":[-100.35523,32.3625]},"properties":{"farm":"roscoe","project":"Sweetwater"}},{"type":"Feature","geometry":{"type":"Point","coordinates":[-100.32565,32.34164]},"properties":{"farm":"roscoe","project":"Sweetwater"}},{"type":"Feature","geometry":{"type":"Point","coordinates":[-100.33334,32.38201]},"properties":{"farm":"roscoe","project":"Sweetwater"}},{"type":"Feature","geometry":{"type":"Point","coordinates":[-100.33701,32.34859]},"properties":{"farm":"roscoe","project":"Sweetwater"}},{"type":"Feature","geometry":{"type":"Point","coordinates":[-100.3332,32.35356]},"properties":{"farm":"roscoe","project":"Sweetwater"}},{"type":"Feature","geometry":{"type":"Point","coordinates":[-100.35292,32.36238]},"properties":{"farm":"roscoe","project":"Sweetwater"}},{"type":"Feature","geometry":{"type":"Point","coordinates":[-100.33037,32.36794]},"properties":{"farm":"roscoe","project":"Sweetwater"}},{"type":"Feature","geometry":{"type":"Point","coordinates":[-100.33485,32.34309]},"properties":{"farm":"roscoe","project":"Sweetwater"}},{"type":"Feature","geometry":{"type":"Point","coordinates":[-100.32825,32.34241]},"properties":{"farm":"roscoe","project":"Sweetwater"}},{"type":"Feature","geometry":{"type":"Point","coordinates":[-100.34832,32.3622]},"properties":{"farm":"roscoe","project":"Sweetwater"}},{"type":"Feature","geometry":{"type":"Point","coordinates":[-100.33065,32.38276]},"properties":{"farm":"roscoe","project":"Sweetwater"}},{"type":"Feature","geometry":{"type":"Point","coordinates":[-100.33247,32.34284]},"properties":{"farm":"roscoe","project":"Sweetwater"}},{"type":"Feature","geometry":{"type":"Point","coordinates":[-100.33821,32.37861]},"properties":{"farm":"roscoe","project":"Sweetwater"}},{"type":"Feature","geometry":{"type":"Point","coordinates":[-100.33273,32.36783]},"properties":{"farm":"roscoe","project":"Sweetwater"}},{"type":"Feature","geometry":{"type":"Point","coordinates":[-100.33746,32.36803]},"properties":{"farm":"roscoe","project":"Sweetwater"}},{"type":"Feature","geometry":{"type":"Point","coordinates":[-100.34985,32.34707]},"properties":{"farm":"roscoe","project":"Sweetwater"}},{"type":"Feature","geometry":{"type":"Point","coordinates":[-100.33024,32.34242]},"properties":{"farm":"roscoe","project":"Sweetwater"}},{"type":"Feature","geometry":{"type":"Point","coordinates":[-100.32672,32.3826]},"properties":{"farm":"roscoe","project":"Sweetwater"}},{"type":"Feature","geometry":{"type":"Point","coordinates":[-100.33573,32.38305]},"properties":{"farm":"roscoe","project":"Sweetwater"}},{"type":"Feature","geometry":{"type":"Point","coordinates":[-100.33521,32.36804]},"properties":{"farm":"roscoe","project":"Sweetwater"}},{"type":"Feature","geometry":{"type":"Point","coordinates":[-100.35072,32.36226]},"properties":{"farm":"roscoe","project":"Sweetwater"}},{"type":"Feature","geometry":{"type":"Point","coordinates":[-100.32867,32.38278]},"properties":{"farm":"roscoe","project":"Sweetwater"}},{"type":"Feature","geometry":{"type":"Point","coordinates":[-100.3449,32.34599]},"properties":{"farm":"roscoe","project":"Sweetwater"}},{"type":"Feature","geometry":{"type":"Point","coordinates":[-100.5624,32.293]},"properties":{"farm":"roscoe","project":"Sweetwater IVa"}},{"type":"Feature","geometry":{"type":"Point","coordinates":[-100.4672,32.304]},"properties":{"farm":"roscoe","project":"Sweetwater IVa"}},{"type":"Feature","geometry":{"type":"Point","coordinates":[-100.4918,32.3025]},"properties":{"farm":"roscoe","project":"Sweetwater IVa"}},{"type":"Feature","geometry":{"type":"Point","coordinates":[-100.4944,32.3098]},"properties":{"farm":"roscoe","project":"Sweetwater IVa"}},{"type":"Feature","geometry":{"type":"Point","coordinates":[-100.5296,32.2772]},"properties":{"farm":"roscoe","project":"Sweetwater IVa"}},{"type":"Feature","geometry":{"type":"Point","coordinates":[-100.5939,32.2842]},"properties":{"farm":"roscoe","project":"Sweetwater IVa"}},{"type":"Feature","geometry":{"type":"Point","coordinates":[-100.56,32.2929]},"properties":{"farm":"roscoe","project":"Sweetwater IVa"}},{"type":"Feature","geometry":{"type":"Point","coordinates":[-100.5555,32.3009]},"properties":{"farm":"roscoe","project":"Sweetwater IVa"}},{"type":"Feature","geometry":{"type":"Point","coordinates":[-100.4855,32.3026]},"properties":{"farm":"roscoe","project":"Sweetwater IVa"}},{"type":"Feature","geometry":{"type":"Point","coordinates":[-100.5247,32.2768]},"properties":{"farm":"roscoe","project":"Sweetwater IVa"}},{"type":"Feature","geometry":{"type":"Point","coordinates":[-100.5106,32.2783]},"properties":{"farm":"roscoe","project":"Sweetwater IVa"}},{"type":"Feature","geometry":{"type":"Point","coordinates":[-100.5047,32.2982]},"properties":{"farm":"roscoe","project":"Sweetwater IVa"}},{"type":"Feature","geometry":{"type":"Point","coordinates":[-100.3165,32.3481]},"properties":{"farm":"roscoe","project":"Sweetwater IVa"}},{"type":"Feature","geometry":{"type":"Point","coordinates":[-100.5028,32.2888]},"properties":{"farm":"roscoe","project":"Sweetwater IVa"}},{"type":"Feature","geometry":{"type":"Point","coordinates":[-100.465,32.304]},"properties":{"farm":"roscoe","project":"Sweetwater IVa"}},{"type":"Feature","geometry":{"type":"Point","coordinates":[-100.3103,32.3479]},"properties":{"farm":"roscoe","project":"Sweetwater IVa"}},{"type":"Feature","geometry":{"type":"Point","coordinates":[-100.5773,32.2833]},"properties":{"farm":"roscoe","project":"Sweetwater IVa"}},{"type":"Feature","geometry":{"type":"Point","coordinates":[-100.5036,32.3134]},"properties":{"farm":"roscoe","project":"Sweetwater IVa"}},{"type":"Feature","geometry":{"type":"Point","coordinates":[-100.5681,32.2983]},"properties":{"farm":"roscoe","project":"Sweetwater IVa"}},{"type":"Feature","geometry":{"type":"Point","coordinates":[-100.4787,32.3081]},"properties":{"farm":"roscoe","project":"Sweetwater IVa"}},{"type":"Feature","geometry":{"type":"Point","coordinates":[-100.4723,32.3082]},"properties":{"farm":"roscoe","project":"Sweetwater IVa"}},{"type":"Feature","geometry":{"type":"Point","coordinates":[-100.5263,32.3123]},"properties":{"farm":"roscoe","project":"Sweetwater IVa"}},{"type":"Feature","geometry":{"type":"Point","coordinates":[-100.3207,32.3482]},"properties":{"farm":"roscoe","project":"Sweetwater IVa"}},{"type":"Feature","geometry":{"type":"Point","coordinates":[-100.5148,32.2783]},"properties":{"farm":"roscoe","project":"Sweetwater IVa"}},{"type":"Feature","geometry":{"type":"Point","coordinates":[-100.5729,32.2985]},"properties":{"farm":"roscoe","project":"Sweetwater IVa"}},{"type":"Feature","geometry":{"type":"Point","coordinates":[-100.5084,32.2783]},"properties":{"farm":"roscoe","project":"Sweetwater IVa"}},{"type":"Feature","geometry":{"type":"Point","coordinates":[-100.5823,32.3019]},"properties":{"farm":"roscoe","project":"Sweetwater IVa"}},{"type":"Feature","geometry":{"type":"Point","coordinates":[-100.5875,32.2842]},"properties":{"farm":"roscoe","project":"Sweetwater IVa"}},{"type":"Feature","geometry":{"type":"Point","coordinates":[-100.5443,32.2741]},"properties":{"farm":"roscoe","project":"Sweetwater IVa"}},{"type":"Feature","geometry":{"type":"Point","coordinates":[-100.486,32.3103]},"properties":{"farm":"roscoe","project":"Sweetwater IVa"}},{"type":"Feature","geometry":{"type":"Point","coordinates":[-100.3083,32.345]},"properties":{"farm":"roscoe","project":"Sweetwater IVa"}},{"type":"Feature","geometry":{"type":"Point","coordinates":[-100.5535,32.301]},"properties":{"farm":"roscoe","project":"Sweetwater IVa"}},{"type":"Feature","geometry":{"type":"Point","coordinates":[-100.5192,32.2783]},"properties":{"farm":"roscoe","project":"Sweetwater IVa"}},{"type":"Feature","geometry":{"type":"Point","coordinates":[-100.3035,32.3458]},"properties":{"farm":"roscoe","project":"Sweetwater IVa"}},{"type":"Feature","geometry":{"type":"Point","coordinates":[-100.5358,32.2705]},"properties":{"farm":"roscoe","project":"Sweetwater IVa"}},{"type":"Feature","geometry":{"type":"Point","coordinates":[-100.4965,32.3097]},"properties":{"farm":"roscoe","project":"Sweetwater IVa"}},{"type":"Feature","geometry":{"type":"Point","coordinates":[-100.575,32.2986]},"properties":{"farm":"roscoe","project":"Sweetwater IVa"}},{"type":"Feature","geometry":{"type":"Point","coordinates":[-100.5168,32.2973]},"properties":{"farm":"roscoe","project":"Sweetwater IVa"}},{"type":"Feature","geometry":{"type":"Point","coordinates":[-100.31275,32.35367]},"properties":{"farm":"roscoe","project":"Sweetwater IVa"}},{"type":"Feature","geometry":{"type":"Point","coordinates":[-100.3231,32.3419]},"properties":{"farm":"roscoe","project":"Sweetwater IVa"}},{"type":"Feature","geometry":{"type":"Point","coordinates":[-100.5203,32.3124]},"properties":{"farm":"roscoe","project":"Sweetwater IVa"}},{"type":"Feature","geometry":{"type":"Point","coordinates":[-100.5041,32.2783]},"properties":{"farm":"roscoe","project":"Sweetwater IVa"}},{"type":"Feature","geometry":{"type":"Point","coordinates":[-100.5056,32.3134]},"properties":{"farm":"roscoe","project":"Sweetwater IVa"}},{"type":"Feature","geometry":{"type":"Point","coordinates":[-100.4939,32.3024]},"properties":{"farm":"roscoe","project":"Sweetwater IVa"}},{"type":"Feature","geometry":{"type":"Point","coordinates":[-100.5051,32.2889]},"properties":{"farm":"roscoe","project":"Sweetwater IVa"}},{"type":"Feature","geometry":{"type":"Point","coordinates":[-100.5643,32.2994]},"properties":{"farm":"roscoe","project":"Sweetwater IVa"}},{"type":"Feature","geometry":{"type":"Point","coordinates":[-100.5302,32.3122]},"properties":{"farm":"roscoe","project":"Sweetwater IVa"}},{"type":"Feature","geometry":{"type":"Point","coordinates":[-100.5855,32.2832]},"properties":{"farm":"roscoe","project":"Sweetwater IVa"}},{"type":"Feature","geometry":{"type":"Point","coordinates":[-100.5076,32.3134]},"properties":{"farm":"roscoe","project":"Sweetwater IVa"}},{"type":"Feature","geometry":{"type":"Point","coordinates":[-100.5331,32.2702]},"properties":{"farm":"roscoe","project":"Sweetwater IVa"}},{"type":"Feature","geometry":{"type":"Point","coordinates":[-100.4902,32.3101]},"properties":{"farm":"roscoe","project":"Sweetwater IVa"}},{"type":"Feature","geometry":{"type":"Point","coordinates":[-100.5843,32.3019]},"properties":{"farm":"roscoe","project":"Sweetwater IVa"}},{"type":"Feature","geometry":{"type":"Point","coordinates":[-100.4692,32.304]},"properties":{"farm":"roscoe","project":"Sweetwater IVa"}},{"type":"Feature","geometry":{"type":"Point","coordinates":[-100.3186,32.3481]},"properties":{"farm":"roscoe","project":"Sweetwater IVa"}},{"type":"Feature","geometry":{"type":"Point","coordinates":[-100.5226,32.2768]},"properties":{"farm":"roscoe","project":"Sweetwater IVa"}},{"type":"Feature","geometry":{"type":"Point","coordinates":[-100.31062,32.35371]},"properties":{"farm":"roscoe","project":"Sweetwater IVa"}},{"type":"Feature","geometry":{"type":"Point","coordinates":[-100.4986,32.3096]},"properties":{"farm":"roscoe","project":"Sweetwater IVa"}},{"type":"Feature","geometry":{"type":"Point","coordinates":[-100.5306,32.2703]},"properties":{"farm":"roscoe","project":"Sweetwater IVa"}},{"type":"Feature","geometry":{"type":"Point","coordinates":[-100.5693,32.2834]},"properties":{"farm":"roscoe","project":"Sweetwater IVa"}},{"type":"Feature","geometry":{"type":"Point","coordinates":[-100.4897,32.3025]},"properties":{"farm":"roscoe","project":"Sweetwater IVa"}},{"type":"Feature","geometry":{"type":"Point","coordinates":[-100.3124,32.3479]},"properties":{"farm":"roscoe","project":"Sweetwater IVa"}},{"type":"Feature","geometry":{"type":"Point","coordinates":[-100.5236,32.2683]},"properties":{"farm":"roscoe","project":"Sweetwater IVa"}},{"type":"Feature","geometry":{"type":"Point","coordinates":[-100.5326,32.2839]},"properties":{"farm":"roscoe","project":"Sweetwater IVa"}},{"type":"Feature","geometry":{"type":"Point","coordinates":[-100.5733,32.2833]},"properties":{"farm":"roscoe","project":"Sweetwater IVa"}},{"type":"Feature","geometry":{"type":"Point","coordinates":[-100.566,32.2985]},"properties":{"farm":"roscoe","project":"Sweetwater IVa"}},{"type":"Feature","geometry":{"type":"Point","coordinates":[-100.3011,32.3463]},"properties":{"farm":"roscoe","project":"Sweetwater IVa"}},{"type":"Feature","geometry":{"type":"Point","coordinates":[-100.5257,32.2683]},"properties":{"farm":"roscoe","project":"Sweetwater IVa"}},{"type":"Feature","geometry":{"type":"Point","coordinates":[-100.4954,32.2783]},"properties":{"farm":"roscoe","project":"Sweetwater IVa"}},{"type":"Feature","geometry":{"type":"Point","coordinates":[-100.5771,32.2987]},"properties":{"farm":"roscoe","project":"Sweetwater IVa"}},{"type":"Feature","geometry":{"type":"Point","coordinates":[-100.4989,32.2888]},"properties":{"farm":"roscoe","project":"Sweetwater IVa"}},{"type":"Feature","geometry":{"type":"Point","coordinates":[-100.5962,32.2841]},"properties":{"farm":"roscoe","project":"Sweetwater IVa"}},{"type":"Feature","geometry":{"type":"Point","coordinates":[-100.4831,32.3026]},"properties":{"farm":"roscoe","project":"Sweetwater IVa"}},{"type":"Feature","geometry":{"type":"Point","coordinates":[-100.5386,32.2838]},"properties":{"farm":"roscoe","project":"Sweetwater IVa"}},{"type":"Feature","geometry":{"type":"Point","coordinates":[-100.5282,32.3122]},"properties":{"farm":"roscoe","project":"Sweetwater IVa"}},{"type":"Feature","geometry":{"type":"Point","coordinates":[-100.3059,32.3454]},"properties":{"farm":"roscoe","project":"Sweetwater IVa"}},{"type":"Feature","geometry":{"type":"Point","coordinates":[-100.5622,32.2997]},"properties":{"farm":"roscoe","project":"Sweetwater IVa"}},{"type":"Feature","geometry":{"type":"Point","coordinates":[-100.5181,32.3124]},"properties":{"farm":"roscoe","project":"Sweetwater IVa"}},{"type":"Feature","geometry":{"type":"Point","coordinates":[-100.5074,32.2889]},"properties":{"farm":"roscoe","project":"Sweetwater IVa"}},{"type":"Feature","geometry":{"type":"Point","coordinates":[-100.5116,32.3133]},"properties":{"farm":"roscoe","project":"Sweetwater IVa"}},{"type":"Feature","geometry":{"type":"Point","coordinates":[-100.5918,32.2843]},"properties":{"farm":"roscoe","project":"Sweetwater IVa"}},{"type":"Feature","geometry":{"type":"Point","coordinates":[-100.5713,32.2834]},"properties":{"farm":"roscoe","project":"Sweetwater IVa"}},{"type":"Feature","geometry":{"type":"Point","coordinates":[-100.5803,32.3019]},"properties":{"farm":"roscoe","project":"Sweetwater IVa"}},{"type":"Feature","geometry":{"type":"Point","coordinates":[-100.5347,32.2839]},"properties":{"farm":"roscoe","project":"Sweetwater IVa"}},{"type":"Feature","geometry":{"type":"Point","coordinates":[-100.5897,32.2843]},"properties":{"farm":"roscoe","project":"Sweetwater IVa"}},{"type":"Feature","geometry":{"type":"Point","coordinates":[-100.5127,32.2783]},"properties":{"farm":"roscoe","project":"Sweetwater IVa"}},{"type":"Feature","geometry":{"type":"Point","coordinates":[-100.4881,32.3102]},"properties":{"farm":"roscoe","project":"Sweetwater IVa"}},{"type":"Feature","geometry":{"type":"Point","coordinates":[-100.5652,32.2834]},"properties":{"farm":"roscoe","project":"Sweetwater IVa"}},{"type":"Feature","geometry":{"type":"Point","coordinates":[-100.5208,32.2972]},"properties":{"farm":"roscoe","project":"Sweetwater IVa"}},{"type":"Feature","geometry":{"type":"Point","coordinates":[-100.5096,32.3133]},"properties":{"farm":"roscoe","project":"Sweetwater IVa"}},{"type":"Feature","geometry":{"type":"Point","coordinates":[-100.5578,32.3009]},"properties":{"farm":"roscoe","project":"Sweetwater IVa"}},{"type":"Feature","geometry":{"type":"Point","coordinates":[-100.4975,32.2783]},"properties":{"farm":"roscoe","project":"Sweetwater IVa"}},{"type":"Feature","geometry":{"type":"Point","coordinates":[-100.5223,32.3123]},"properties":{"farm":"roscoe","project":"Sweetwater IVa"}},{"type":"Feature","geometry":{"type":"Point","coordinates":[-100.4923,32.3099]},"properties":{"farm":"roscoe","project":"Sweetwater IVa"}},{"type":"Feature","geometry":{"type":"Point","coordinates":[-100.5381,32.2705]},"properties":{"farm":"roscoe","project":"Sweetwater IVa"}},{"type":"Feature","geometry":{"type":"Point","coordinates":[-100.5483,32.2743]},"properties":{"farm":"roscoe","project":"Sweetwater IVa"}},{"type":"Feature","geometry":{"type":"Point","coordinates":[-100.5793,32.2832]},"properties":{"farm":"roscoe","project":"Sweetwater IVa"}},{"type":"Feature","geometry":{"type":"Point","coordinates":[-100.5027,32.2983]},"properties":{"farm":"roscoe","project":"Sweetwater IVa"}},{"type":"Feature","geometry":{"type":"Point","coordinates":[-100.4766,32.3081]},"properties":{"farm":"roscoe","project":"Sweetwater IVa"}},{"type":"Feature","geometry":{"type":"Point","coordinates":[-100.5631,32.2833]},"properties":{"farm":"roscoe","project":"Sweetwater IVa"}},{"type":"Feature","geometry":{"type":"Point","coordinates":[-100.4988,32.2983]},"properties":{"farm":"roscoe","project":"Sweetwater IVa"}},{"type":"Feature","geometry":{"type":"Point","coordinates":[-100.5062,32.2783]},"properties":{"farm":"roscoe","project":"Sweetwater IVa"}},{"type":"Feature","geometry":{"type":"Point","coordinates":[-100.5835,32.2831]},"properties":{"farm":"roscoe","project":"Sweetwater IVa"}},{"type":"Feature","geometry":{"type":"Point","coordinates":[-100.561,32.2832]},"properties":{"farm":"roscoe","project":"Sweetwater IVa"}},{"type":"Feature","geometry":{"type":"Point","coordinates":[-100.55267,32.27461]},"properties":{"farm":"roscoe","project":"Sweetwater IVa"}},{"type":"Feature","geometry":{"type":"Point","coordinates":[-100.4745,32.3081]},"properties":{"farm":"roscoe","project":"Sweetwater IVa"}},{"type":"Feature","geometry":{"type":"Point","coordinates":[-100.5008,32.2888]},"properties":{"farm":"roscoe","project":"Sweetwater IVa"}},{"type":"Feature","geometry":{"type":"Point","coordinates":[-100.5153,32.2891]},"properties":{"farm":"roscoe","project":"Sweetwater IVa"}},{"type":"Feature","geometry":{"type":"Point","coordinates":[-100.30492,32.35313]},"properties":{"farm":"roscoe","project":"Sweetwater IVa"}},{"type":"Feature","geometry":{"type":"Point","coordinates":[-100.5321,32.2773]},"properties":{"farm":"roscoe","project":"Sweetwater IVa"}},{"type":"Feature","geometry":{"type":"Point","coordinates":[-100.4839,32.3104]},"properties":{"farm":"roscoe","project":"Sweetwater IVa"}},{"type":"Feature","geometry":{"type":"Point","coordinates":[-100.5463,32.2742]},"properties":{"farm":"roscoe","project":"Sweetwater IVa"}},{"type":"Feature","geometry":{"type":"Point","coordinates":[-100.5753,32.2833]},"properties":{"farm":"roscoe","project":"Sweetwater IVa"}},{"type":"Feature","geometry":{"type":"Point","coordinates":[-100.5708,32.2983]},"properties":{"farm":"roscoe","project":"Sweetwater IVa"}},{"type":"Feature","geometry":{"type":"Point","coordinates":[-100.3054,32.3583]},"properties":{"farm":"roscoe","project":"Sweetwater IVa"}},{"type":"Feature","geometry":{"type":"Point","coordinates":[-100.5366,32.2838]},"properties":{"farm":"roscoe","project":"Sweetwater IVa"}},{"type":"Feature","geometry":{"type":"Point","coordinates":[-100.5812,32.2832]},"properties":{"farm":"roscoe","project":"Sweetwater IVa"}},{"type":"Feature","geometry":{"type":"Point","coordinates":[-100.5171,32.2783]},"properties":{"farm":"roscoe","project":"Sweetwater IVa"}},{"type":"Feature","geometry":{"type":"Point","coordinates":[-100.5096,32.289]},"properties":{"farm":"roscoe","project":"Sweetwater IVa"}},{"type":"Feature","geometry":{"type":"Point","coordinates":[-100.5174,32.2891]},"properties":{"farm":"roscoe","project":"Sweetwater IVa"}},{"type":"Feature","geometry":{"type":"Point","coordinates":[-100.309,32.3578]},"properties":{"farm":"roscoe","project":"Sweetwater IVa"}},{"type":"Feature","geometry":{"type":"Point","coordinates":[-100.5423,32.274]},"properties":{"farm":"roscoe","project":"Sweetwater IVa"}},{"type":"Feature","geometry":{"type":"Point","coordinates":[-100.5008,32.2983]},"properties":{"farm":"roscoe","project":"Sweetwater IVa"}},{"type":"Feature","geometry":{"type":"Point","coordinates":[-100.5019,32.2783]},"properties":{"farm":"roscoe","project":"Sweetwater IVa"}},{"type":"Feature","geometry":{"type":"Point","coordinates":[-100.5402,32.2706]},"properties":{"farm":"roscoe","project":"Sweetwater IVa"}},{"type":"Feature","geometry":{"type":"Point","coordinates":[-100.5214,32.2683]},"properties":{"farm":"roscoe","project":"Sweetwater IVa"}},{"type":"Feature","geometry":{"type":"Point","coordinates":[-100.4969,32.2888]},"properties":{"farm":"roscoe","project":"Sweetwater IVa"}},{"type":"Feature","geometry":{"type":"Point","coordinates":[-100.5188,32.2973]},"properties":{"farm":"roscoe","project":"Sweetwater IVa"}},{"type":"Feature","geometry":{"type":"Point","coordinates":[-100.4997,32.2783]},"properties":{"farm":"roscoe","project":"Sweetwater IVa"}},{"type":"Feature","geometry":{"type":"Point","coordinates":[-100.4876,32.3026]},"properties":{"farm":"roscoe","project":"Sweetwater IVa"}},{"type":"Feature","geometry":{"type":"Point","coordinates":[-100.3145,32.3479]},"properties":{"farm":"roscoe","project":"Sweetwater IVa"}},{"type":"Feature","geometry":{"type":"Point","coordinates":[-100.55023,32.27445]},"properties":{"farm":"roscoe","project":"Sweetwater IVa"}},{"type":"Feature","geometry":{"type":"Point","coordinates":[-100.5243,32.3123]},"properties":{"farm":"roscoe","project":"Sweetwater IVa"}},{"type":"Feature","geometry":{"type":"Point","coordinates":[-100.5279,32.2683]},"properties":{"farm":"roscoe","project":"Sweetwater IVa"}},{"type":"Feature","geometry":{"type":"Point","coordinates":[-100.5564,32.2816]},"properties":{"farm":"roscoe","project":"Sweetwater IVa"}},{"type":"Feature","geometry":{"type":"Point","coordinates":[-100.5585,32.2815]},"properties":{"farm":"roscoe","project":"Sweetwater IVa"}},{"type":"Feature","geometry":{"type":"Point","coordinates":[-100.4712,32.2866]},"properties":{"farm":"roscoe","project":"Sweetwater IVb"}},{"type":"Feature","geometry":{"type":"Point","coordinates":[-100.4571,32.2811]},"properties":{"farm":"roscoe","project":"Sweetwater IVb"}},{"type":"Feature","geometry":{"type":"Point","coordinates":[-100.4789,32.2508]},"properties":{"farm":"roscoe","project":"Sweetwater IVb"}},{"type":"Feature","geometry":{"type":"Point","coordinates":[-100.5104,32.2488]},"properties":{"farm":"roscoe","project":"Sweetwater IVb"}},{"type":"Feature","geometry":{"type":"Point","coordinates":[-100.5261,32.3502]},"properties":{"farm":"roscoe","project":"Texas Tech - Nolan"}},{"type":"Feature","geometry":{"type":"Point","coordinates":[-100.4894,32.2632]},"properties":{"farm":"roscoe","project":"Sweetwater IVb"}},{"type":"Feature","geometry":{"type":"Point","coordinates":[-100.4993,32.2488]},"properties":{"farm":"roscoe","project":"Sweetwater IVb"}},{"type":"Feature","geometry":{"type":"Point","coordinates":[-100.4726,32.2513]},"properties":{"farm":"roscoe","project":"Sweetwater IVb"}},{"type":"Feature","geometry":{"type":"Point","coordinates":[-100.4843,32.251]},"properties":{"farm":"roscoe","project":"Sweetwater IVb"}},{"type":"Feature","geometry":{"type":"Point","coordinates":[-100.53,32.2544]},"properties":{"farm":"roscoe","project":"Sweetwater IVb"}},{"type":"Feature","geometry":{"type":"Point","coordinates":[-100.514,32.2488]},"properties":{"farm":"roscoe","project":"Sweetwater IVb"}},{"type":"Feature","geometry":{"type":"Point","coordinates":[-100.5344,32.2546]},"properties":{"farm":"roscoe","project":"Sweetwater IVb"}},{"type":"Feature","geometry":{"type":"Point","coordinates":[-100.50671,32.24883]},"properties":{"farm":"roscoe","project":"Sweetwater IVb"}},{"type":"Feature","geometry":{"type":"Point","coordinates":[-100.5428,32.251]},"properties":{"farm":"roscoe","project":"Sweetwater IVb"}},{"type":"Feature","geometry":{"type":"Point","coordinates":[-100.5465,32.2513]},"properties":{"farm":"roscoe","project":"Sweetwater IVb"}},{"type":"Feature","geometry":{"type":"Point","coordinates":[-100.4702,32.266]},"properties":{"farm":"roscoe","project":"Sweetwater IVb"}},{"type":"Feature","geometry":{"type":"Point","coordinates":[-100.4849,32.266]},"properties":{"farm":"roscoe","project":"Sweetwater IVb"}},{"type":"Feature","geometry":{"type":"Point","coordinates":[-100.488,32.2512]},"properties":{"farm":"roscoe","project":"Sweetwater IVb"}},{"type":"Feature","geometry":{"type":"Point","coordinates":[-100.4776,32.2658]},"properties":{"farm":"roscoe","project":"Sweetwater IVb"}},{"type":"Feature","geometry":{"type":"Point","coordinates":[-100.4957,32.2488]},"properties":{"farm":"roscoe","project":"Sweetwater IVb"}},{"type":"Feature","geometry":{"type":"Point","coordinates":[-100.4616,32.2513]},"properties":{"farm":"roscoe","project":"Sweetwater IVb"}},{"type":"Feature","geometry":{"type":"Point","coordinates":[-100.5214,32.2488]},"properties":{"farm":"roscoe","project":"Sweetwater IVb"}},{"type":"Feature","geometry":{"type":"Point","coordinates":[-100.4689,32.2513]},"properties":{"farm":"roscoe","project":"Sweetwater IVb"}},{"type":"Feature","geometry":{"type":"Point","coordinates":[-100.4813,32.2666]},"properties":{"farm":"roscoe","project":"Sweetwater IVb"}},{"type":"Feature","geometry":{"type":"Point","coordinates":[-100.4613,32.2807]},"properties":{"farm":"roscoe","project":"Sweetwater IVb"}},{"type":"Feature","geometry":{"type":"Point","coordinates":[-100.5134,32.2632]},"properties":{"farm":"roscoe","project":"Sweetwater IVb"}},{"type":"Feature","geometry":{"type":"Point","coordinates":[-100.4823,32.2862]},"properties":{"farm":"roscoe","project":"Sweetwater IVb"}},{"type":"Feature","geometry":{"type":"Point","coordinates":[-100.4675,32.2866]},"properties":{"farm":"roscoe","project":"Sweetwater IVb"}},{"type":"Feature","geometry":{"type":"Point","coordinates":[-100.4896,32.2866]},"properties":{"farm":"roscoe","project":"Sweetwater IVb"}},{"type":"Feature","geometry":{"type":"Point","coordinates":[-100.517,32.2632]},"properties":{"farm":"roscoe","project":"Sweetwater IVb"}},{"type":"Feature","geometry":{"type":"Point","coordinates":[-100.4653,32.2513]},"properties":{"farm":"roscoe","project":"Sweetwater IVb"}},{"type":"Feature","geometry":{"type":"Point","coordinates":[-100.4932,32.2866]},"properties":{"farm":"roscoe","project":"Sweetwater IVb"}},{"type":"Feature","geometry":{"type":"Point","coordinates":[-100.4859,32.2866]},"properties":{"farm":"roscoe","project":"Sweetwater IVb"}},{"type":"Feature","geometry":{"type":"Point","coordinates":[-100.5515,32.252]},"properties":{"farm":"roscoe","project":"Sweetwater IVb"}},{"type":"Feature","geometry":{"type":"Point","coordinates":[-100.4987,32.2632]},"properties":{"farm":"roscoe","project":"Sweetwater IVb"}},{"type":"Feature","geometry":{"type":"Point","coordinates":[-100.4956,32.2632]},"properties":{"farm":"roscoe","project":"Sweetwater IVb"}},{"type":"Feature","geometry":{"type":"Point","coordinates":[-100.4666,32.266]},"properties":{"farm":"roscoe","project":"Sweetwater IVb"}},{"type":"Feature","geometry":{"type":"Point","coordinates":[-100.4739,32.266]},"properties":{"farm":"roscoe","project":"Sweetwater IVb"}},{"type":"Feature","geometry":{"type":"Point","coordinates":[-100.4925,32.2632]},"properties":{"farm":"roscoe","project":"Sweetwater IVb"}},{"type":"Feature","geometry":{"type":"Point","coordinates":[-100.5259,32.2513]},"properties":{"farm":"roscoe","project":"Sweetwater IVb"}},{"type":"Feature","geometry":{"type":"Point","coordinates":[-100.5097,32.2632]},"properties":{"farm":"roscoe","project":"Sweetwater IVb"}},{"type":"Feature","geometry":{"type":"Point","coordinates":[-100.5177,32.2488]},"properties":{"farm":"roscoe","project":"Sweetwater IVb"}},{"type":"Feature","geometry":{"type":"Point","coordinates":[-100.539,32.2507]},"properties":{"farm":"roscoe","project":"Sweetwater IVb"}},{"type":"Feature","geometry":{"type":"Point","coordinates":[-100.503,32.2489]},"properties":{"farm":"roscoe","project":"Sweetwater IVb"}},{"type":"Feature","geometry":{"type":"Point","coordinates":[-100.4749,32.286]},"properties":{"farm":"roscoe","project":"Sweetwater IVb"}},{"type":"Feature","geometry":{"type":"Point","coordinates":[-100.5057,32.2632]},"properties":{"farm":"roscoe","project":"Sweetwater IVb"}},{"type":"Feature","geometry":{"type":"Point","coordinates":[-100.4786,32.2861]},"properties":{"farm":"roscoe","project":"Sweetwater IVb"}},{"type":"Feature","geometry":{"type":"Point","coordinates":[-100.36934,32.30812]},"properties":{"farm":"roscoe","project":"Sweetwater Phase II"}},{"type":"Feature","geometry":{"type":"Point","coordinates":[-100.37011,32.3179]},"properties":{"farm":"roscoe","project":"Sweetwater Phase II"}},{"type":"Feature","geometry":{"type":"Point","coordinates":[-100.38151,32.33555]},"properties":{"farm":"roscoe","project":"Sweetwater Phase II"}},{"type":"Feature","geometry":{"type":"Point","coordinates":[-100.35899,32.33923]},"properties":{"farm":"roscoe","project":"Sweetwater Phase II"}},{"type":"Feature","geometry":{"type":"Point","coordinates":[-100.35922,32.30826]},"properties":{"farm":"roscoe","project":"Sweetwater Phase II"}},{"type":"Feature","geometry":{"type":"Point","coordinates":[-100.3619,32.32798]},"properties":{"farm":"roscoe","project":"Sweetwater Phase II"}},{"type":"Feature","geometry":{"type":"Point","coordinates":[-100.36444,32.30775]},"properties":{"farm":"roscoe","project":"Sweetwater Phase II"}},{"type":"Feature","geometry":{"type":"Point","coordinates":[-100.3842,32.33557]},"properties":{"farm":"roscoe","project":"Sweetwater Phase II"}},{"type":"Feature","geometry":{"type":"Point","coordinates":[-100.35388,32.339]},"properties":{"farm":"roscoe","project":"Sweetwater Phase II"}},{"type":"Feature","geometry":{"type":"Point","coordinates":[-100.40159,32.34479]},"properties":{"farm":"roscoe","project":"Sweetwater Phase II"}},{"type":"Feature","geometry":{"type":"Point","coordinates":[-100.36199,32.30757]},"properties":{"farm":"roscoe","project":"Sweetwater Phase II"}},{"type":"Feature","geometry":{"type":"Point","coordinates":[-100.38284,32.3477]},"properties":{"farm":"roscoe","project":"Sweetwater Phase II"}},{"type":"Feature","geometry":{"type":"Point","coordinates":[-100.37536,32.32902]},"properties":{"farm":"roscoe","project":"Sweetwater Phase II"}},{"type":"Feature","geometry":{"type":"Point","coordinates":[-100.38267,32.35277]},"properties":{"farm":"roscoe","project":"Sweetwater Phase II"}},{"type":"Feature","geometry":{"type":"Point","coordinates":[-100.35404,32.30787]},"properties":{"farm":"roscoe","project":"Sweetwater Phase II"}},{"type":"Feature","geometry":{"type":"Point","coordinates":[-100.38966,32.34395]},"properties":{"farm":"roscoe","project":"Sweetwater Phase II"}},{"type":"Feature","geometry":{"type":"Point","coordinates":[-100.39265,32.34337]},"properties":{"farm":"roscoe","project":"Sweetwater Phase II"}},{"type":"Feature","geometry":{"type":"Point","coordinates":[-100.3718,32.30831]},"properties":{"farm":"roscoe","project":"Sweetwater Phase II"}},{"type":"Feature","geometry":{"type":"Point","coordinates":[-100.37442,32.35246]},"properties":{"farm":"roscoe","project":"Sweetwater Phase II"}},{"type":"Feature","geometry":{"type":"Point","coordinates":[-100.37456,32.34267]},"properties":{"farm":"roscoe","project":"Sweetwater Phase II"}},{"type":"Feature","geometry":{"type":"Point","coordinates":[-100.38054,32.32942]},"properties":{"farm":"roscoe","project":"Sweetwater Phase II"}},{"type":"Feature","geometry":{"type":"Point","coordinates":[-100.3842,32.36466]},"properties":{"farm":"roscoe","project":"Sweetwater Phase II"}},{"type":"Feature","geometry":{"type":"Point","coordinates":[-100.37291,32.31806]},"properties":{"farm":"roscoe","project":"Sweetwater Phase II"}},{"type":"Feature","geometry":{"type":"Point","coordinates":[-100.37572,32.31822]},"properties":{"farm":"roscoe","project":"Sweetwater Phase II"}},{"type":"Feature","geometry":{"type":"Point","coordinates":[-100.35864,32.31727]},"properties":{"farm":"roscoe","project":"Sweetwater Phase II"}},{"type":"Feature","geometry":{"type":"Point","coordinates":[-100.3561,32.31713]},"properties":{"farm":"roscoe","project":"Sweetwater Phase II"}},{"type":"Feature","geometry":{"type":"Point","coordinates":[-100.38187,32.36448]},"properties":{"farm":"roscoe","project":"Sweetwater Phase II"}},{"type":"Feature","geometry":{"type":"Point","coordinates":[-100.37592,32.36414]},"properties":{"farm":"roscoe","project":"Sweetwater Phase II"}},{"type":"Feature","geometry":{"type":"Point","coordinates":[-100.3801,32.3527]},"properties":{"farm":"roscoe","project":"Sweetwater Phase II"}},{"type":"Feature","geometry":{"type":"Point","coordinates":[-100.36429,32.33946]},"properties":{"farm":"roscoe","project":"Sweetwater Phase II"}},{"type":"Feature","geometry":{"type":"Point","coordinates":[-100.4071,32.34524]},"properties":{"farm":"roscoe","project":"Sweetwater Phase II"}},{"type":"Feature","geometry":{"type":"Point","coordinates":[-100.38686,32.36186]},"properties":{"farm":"roscoe","project":"Sweetwater Phase II"}},{"type":"Feature","geometry":{"type":"Point","coordinates":[-100.35423,32.32739]},"properties":{"farm":"roscoe","project":"Sweetwater Phase II"}},{"type":"Feature","geometry":{"type":"Point","coordinates":[-100.36163,32.33935]},"properties":{"farm":"roscoe","project":"Sweetwater Phase II"}},{"type":"Feature","geometry":{"type":"Point","coordinates":[-100.36689,32.30794]},"properties":{"farm":"roscoe","project":"Sweetwater Phase II"}},{"type":"Feature","geometry":{"type":"Point","coordinates":[-100.39367,32.35582]},"properties":{"farm":"roscoe","project":"Sweetwater Phase II"}},{"type":"Feature","geometry":{"type":"Point","coordinates":[-100.36173,32.31761]},"properties":{"farm":"roscoe","project":"Sweetwater Phase II"}},{"type":"Feature","geometry":{"type":"Point","coordinates":[-100.36607,32.32843]},"properties":{"farm":"roscoe","project":"Sweetwater Phase II"}},{"type":"Feature","geometry":{"type":"Point","coordinates":[-100.36886,32.32852]},"properties":{"farm":"roscoe","project":"Sweetwater Phase II"}},{"type":"Feature","geometry":{"type":"Point","coordinates":[-100.37718,32.35256]},"properties":{"farm":"roscoe","project":"Sweetwater Phase II"}},{"type":"Feature","geometry":{"type":"Point","coordinates":[-100.35101,32.32713]},"properties":{"farm":"roscoe","project":"Sweetwater Phase II"}},{"type":"Feature","geometry":{"type":"Point","coordinates":[-100.39118,32.3561]},"properties":{"farm":"roscoe","project":"Sweetwater Phase II"}},{"type":"Feature","geometry":{"type":"Point","coordinates":[-100.37853,32.31919]},"properties":{"farm":"roscoe","project":"Sweetwater Phase II"}},{"type":"Feature","geometry":{"type":"Point","coordinates":[-100.35667,32.30807]},"properties":{"farm":"roscoe","project":"Sweetwater Phase II"}},{"type":"Feature","geometry":{"type":"Point","coordinates":[-100.37205,32.34247]},"properties":{"farm":"roscoe","project":"Sweetwater Phase II"}},{"type":"Feature","geometry":{"type":"Point","coordinates":[-100.37424,32.30849]},"properties":{"farm":"roscoe","project":"Sweetwater Phase II"}},{"type":"Feature","geometry":{"type":"Point","coordinates":[-100.35941,32.32779]},"properties":{"farm":"roscoe","project":"Sweetwater Phase II"}},{"type":"Feature","geometry":{"type":"Point","coordinates":[-100.36733,32.31758]},"properties":{"farm":"roscoe","project":"Sweetwater Phase II"}},{"type":"Feature","geometry":{"type":"Point","coordinates":[-100.35356,32.31698]},"properties":{"farm":"roscoe","project":"Sweetwater Phase II"}},{"type":"Feature","geometry":{"type":"Point","coordinates":[-100.37277,32.32882]},"properties":{"farm":"roscoe","project":"Sweetwater Phase II"}},{"type":"Feature","geometry":{"type":"Point","coordinates":[-100.35633,32.33911]},"properties":{"farm":"roscoe","project":"Sweetwater Phase II"}},{"type":"Feature","geometry":{"type":"Point","coordinates":[-100.3645,32.31759]},"properties":{"farm":"roscoe","project":"Sweetwater Phase II"}},{"type":"Feature","geometry":{"type":"Point","coordinates":[-100.35682,32.32759]},"properties":{"farm":"roscoe","project":"Sweetwater Phase II"}},{"type":"Feature","geometry":{"type":"Point","coordinates":[-100.37795,32.32923]},"properties":{"farm":"roscoe","project":"Sweetwater Phase II"}},{"type":"Feature","geometry":{"type":"Point","coordinates":[-100.39639,32.35576]},"properties":{"farm":"roscoe","project":"Sweetwater Phase II"}},{"type":"Feature","geometry":{"type":"Point","coordinates":[-100.37952,32.36432]},"properties":{"farm":"roscoe","project":"Sweetwater Phase II"}},{"type":"Feature","geometry":{"type":"Point","coordinates":[-100.35049,32.31682]},"properties":{"farm":"roscoe","project":"Sweetwater Phase II"}},{"type":"Feature","geometry":{"type":"Point","coordinates":[-100.3858,32.34761]},"properties":{"farm":"roscoe","project":"Sweetwater Phase II"}},{"type":"Feature","geometry":{"type":"Point","coordinates":[-100.4043,32.34451]},"properties":{"farm":"roscoe","project":"Sweetwater Phase II"}},{"type":"Feature","geometry":{"type":"Point","coordinates":[-100.39579,32.34281]},"properties":{"farm":"roscoe","project":"Sweetwater Phase II"}},{"type":"Feature","geometry":{"type":"Point","coordinates":[-100.39864,32.356]},"properties":{"farm":"roscoe","project":"Sweetwater Phase II"}},{"type":"Feature","geometry":{"type":"Point","coordinates":[-100.43398,32.27045]},"properties":{"farm":"roscoe","project":"Sweetwater Phase III"}},{"type":"Feature","geometry":{"type":"Point","coordinates":[-100.39416,32.29452]},"properties":{"farm":"roscoe","project":"Sweetwater Phase III"}},{"type":"Feature","geometry":{"type":"Point","coordinates":[-100.4158,32.3394]},"properties":{"farm":"roscoe","project":"Sweetwater Phase III"}},{"type":"Feature","geometry":{"type":"Point","coordinates":[-100.49252,32.32793]},"properties":{"farm":"roscoe","project":"Sweetwater Phase III"}},{"type":"Feature","geometry":{"type":"Point","coordinates":[-100.41132,32.2899]},"properties":{"farm":"roscoe","project":"Sweetwater Phase III"}},{"type":"Feature","geometry":{"type":"Point","coordinates":[-100.44508,32.34494]},"properties":{"farm":"roscoe","project":"Sweetwater Phase III"}},{"type":"Feature","geometry":{"type":"Point","coordinates":[-100.48518,32.32744]},"properties":{"farm":"roscoe","project":"Sweetwater Phase III"}},{"type":"Feature","geometry":{"type":"Point","coordinates":[-100.41914,32.2905]},"properties":{"farm":"roscoe","project":"Sweetwater Phase III"}},{"type":"Feature","geometry":{"type":"Point","coordinates":[-100.40353,32.26984]},"properties":{"farm":"roscoe","project":"Sweetwater Phase III"}},{"type":"Feature","geometry":{"type":"Point","coordinates":[-100.41001,32.28297]},"properties":{"farm":"roscoe","project":"Sweetwater Phase III"}},{"type":"Feature","geometry":{"type":"Point","coordinates":[-100.5036,32.3262]},"properties":{"farm":"roscoe","project":"Sweetwater Phase III"}},{"type":"Feature","geometry":{"type":"Point","coordinates":[-100.4703,32.3306]},"properties":{"farm":"roscoe","project":"Sweetwater Phase III"}},{"type":"Feature","geometry":{"type":"Point","coordinates":[-100.4888,32.3401]},"properties":{"farm":"roscoe","project":"Sweetwater Phase III"}},{"type":"Feature","geometry":{"type":"Point","coordinates":[-100.42883,32.26975]},"properties":{"farm":"roscoe","project":"Sweetwater Phase III"}},{"type":"Feature","geometry":{"type":"Point","coordinates":[-100.46919,32.3435]},"properties":{"farm":"roscoe","project":"Sweetwater Phase III"}},{"type":"Feature","geometry":{"type":"Point","coordinates":[-100.43658,32.2705]},"properties":{"farm":"roscoe","project":"Sweetwater Phase III"}},{"type":"Feature","geometry":{"type":"Point","coordinates":[-100.4876,32.3277]},"properties":{"farm":"roscoe","project":"Sweetwater Phase III"}},{"type":"Feature","geometry":{"type":"Point","coordinates":[-100.46661,32.34441]},"properties":{"farm":"roscoe","project":"Sweetwater Phase III"}},{"type":"Feature","geometry":{"type":"Point","coordinates":[-100.44184,32.27061]},"properties":{"farm":"roscoe","project":"Sweetwater Phase III"}},{"type":"Feature","geometry":{"type":"Point","coordinates":[-100.48006,32.34178]},"properties":{"farm":"roscoe","project":"Sweetwater Phase III"}},{"type":"Feature","geometry":{"type":"Point","coordinates":[-100.4967,32.3385]},"properties":{"farm":"roscoe","project":"Sweetwater Phase III"}},{"type":"Feature","geometry":{"type":"Point","coordinates":[-100.4046,32.2924]},"properties":{"farm":"roscoe","project":"Sweetwater Phase III"}},{"type":"Feature","geometry":{"type":"Point","coordinates":[-100.44977,32.34494]},"properties":{"farm":"roscoe","project":"Sweetwater Phase III"}},{"type":"Feature","geometry":{"type":"Point","coordinates":[-100.50101,32.32664]},"properties":{"farm":"roscoe","project":"Sweetwater Phase III"}},{"type":"Feature","geometry":{"type":"Point","coordinates":[-100.40686,32.28286]},"properties":{"farm":"roscoe","project":"Sweetwater Phase III"}},{"type":"Feature","geometry":{"type":"Point","coordinates":[-100.43918,32.27056]},"properties":{"farm":"roscoe","project":"Sweetwater Phase III"}},{"type":"Feature","geometry":{"type":"Point","coordinates":[-100.4161,32.311]},"properties":{"farm":"roscoe","project":"Sweetwater Phase III"}},{"type":"Feature","geometry":{"type":"Point","coordinates":[-100.4942,32.339]},"properties":{"farm":"roscoe","project":"Sweetwater Phase III"}},{"type":"Feature","geometry":{"type":"Point","coordinates":[-100.4112,32.3009]},"properties":{"farm":"roscoe","project":"Sweetwater Phase III"}},{"type":"Feature","geometry":{"type":"Point","coordinates":[-100.43398,32.26069]},"properties":{"farm":"roscoe","project":"Sweetwater Phase III"}},{"type":"Feature","geometry":{"type":"Point","coordinates":[-100.41648,32.2902]},"properties":{"farm":"roscoe","project":"Sweetwater Phase III"}},{"type":"Feature","geometry":{"type":"Point","coordinates":[-100.41834,32.2677]},"properties":{"farm":"roscoe","project":"Sweetwater Phase III"}},{"type":"Feature","geometry":{"type":"Point","coordinates":[-100.3759,32.371]},"properties":{"farm":"roscoe","project":"Sweetwater Phase III"}},{"type":"Feature","geometry":{"type":"Point","coordinates":[-100.39312,32.26925]},"properties":{"farm":"roscoe","project":"Sweetwater Phase III"}},{"type":"Feature","geometry":{"type":"Point","coordinates":[-100.41424,32.26951]},"properties":{"farm":"roscoe","project":"Sweetwater Phase III"}},{"type":"Feature","geometry":{"type":"Point","coordinates":[-100.43142,32.27025]},"properties":{"farm":"roscoe","project":"Sweetwater Phase III"}},{"type":"Feature","geometry":{"type":"Point","coordinates":[-100.4423,32.34487]},"properties":{"farm":"roscoe","project":"Sweetwater Phase III"}},{"type":"Feature","geometry":{"type":"Point","coordinates":[-100.42217,32.29097]},"properties":{"farm":"roscoe","project":"Sweetwater Phase III"}},{"type":"Feature","geometry":{"type":"Point","coordinates":[-100.48026,32.32718]},"properties":{"farm":"roscoe","project":"Sweetwater Phase III"}},{"type":"Feature","geometry":{"type":"Point","coordinates":[-100.41584,32.26789]},"properties":{"farm":"roscoe","project":"Sweetwater Phase III"}},{"type":"Feature","geometry":{"type":"Point","coordinates":[-100.4237,32.26753]},"properties":{"farm":"roscoe","project":"Sweetwater Phase III"}},{"type":"Feature","geometry":{"type":"Point","coordinates":[-100.40867,32.26992]},"properties":{"farm":"roscoe","project":"Sweetwater Phase III"}},{"type":"Feature","geometry":{"type":"Point","coordinates":[-100.40058,32.28264]},"properties":{"farm":"roscoe","project":"Sweetwater Phase III"}},{"type":"Feature","geometry":{"type":"Point","coordinates":[-100.3916,32.295]},"properties":{"farm":"roscoe","project":"Sweetwater Phase III"}},{"type":"Feature","geometry":{"type":"Point","coordinates":[-100.39554,32.26928]},"properties":{"farm":"roscoe","project":"Sweetwater Phase III"}},{"type":"Feature","geometry":{"type":"Point","coordinates":[-100.4772,32.34216]},"properties":{"farm":"roscoe","project":"Sweetwater Phase III"}},{"type":"Feature","geometry":{"type":"Point","coordinates":[-100.40612,32.26986]},"properties":{"farm":"roscoe","project":"Sweetwater Phase III"}},{"type":"Feature","geometry":{"type":"Point","coordinates":[-100.2485,32.158]},"properties":{"farm":"roscoe","project":"Turkey Track"}},{"type":"Feature","geometry":{"type":"Point","coordinates":[-100.2544,32.158]},"properties":{"farm":"roscoe","project":"Turkey Track"}},{"type":"Feature","geometry":{"type":"Point","coordinates":[-100.2875,32.1992]},"properties":{"farm":"roscoe","project":"Turkey Track"}},{"type":"Feature","geometry":{"type":"Point","coordinates":[-100.20779,32.17527]},"properties":{"farm":"roscoe","project":"Turkey Track"}},{"type":"Feature","geometry":{"type":"Point","coordinates":[-100.21246,32.22045]},"properties":{"farm":"roscoe","project":"Turkey Track"}},{"type":"Feature","geometry":{"type":"Point","coordinates":[-100.2776,32.2076]},"properties":{"farm":"roscoe","project":"Turkey Track"}},{"type":"Feature","geometry":{"type":"Point","coordinates":[-100.2637,32.2434]},"properties":{"farm":"roscoe","project":"Turkey Track"}},{"type":"Feature","geometry":{"type":"Point","coordinates":[-100.2693,32.2436]},"properties":{"farm":"roscoe","project":"Turkey Track"}},{"type":"Feature","geometry":{"type":"Point","coordinates":[-100.2826,32.2061]},"properties":{"farm":"roscoe","project":"Turkey Track"}},{"type":"Feature","geometry":{"type":"Point","coordinates":[-100.2157,32.1835]},"properties":{"farm":"roscoe","project":"Turkey Track"}},{"type":"Feature","geometry":{"type":"Point","coordinates":[-100.2209,32.1833]},"properties":{"farm":"roscoe","project":"Turkey Track"}},{"type":"Feature","geometry":{"type":"Point","coordinates":[-100.2637,32.1767]},"properties":{"farm":"roscoe","project":"Turkey Track"}},{"type":"Feature","geometry":{"type":"Point","coordinates":[-100.231,32.1806]},"properties":{"farm":"roscoe","project":"Turkey Track"}},{"type":"Feature","geometry":{"type":"Point","coordinates":[-100.1835,32.2453]},"properties":{"farm":"roscoe","project":"Turkey Track"}},{"type":"Feature","geometry":{"type":"Point","coordinates":[-100.257,32.1885]},"properties":{"farm":"roscoe","project":"Turkey Track"}},{"type":"Feature","geometry":{"type":"Point","coordinates":[-100.2682,32.1614]},"properties":{"farm":"roscoe","project":"Turkey Track"}},{"type":"Feature","geometry":{"type":"Point","coordinates":[-100.22109,32.20385]},"properties":{"farm":"roscoe","project":"Turkey Track"}},{"type":"Feature","geometry":{"type":"Point","coordinates":[-100.2703,32.2212]},"properties":{"farm":"roscoe","project":"Turkey Track"}},{"type":"Feature","geometry":{"type":"Point","coordinates":[-100.2278,32.205]},"properties":{"farm":"roscoe","project":"Turkey Track"}},{"type":"Feature","geometry":{"type":"Point","coordinates":[-100.2639,32.1885]},"properties":{"farm":"roscoe","project":"Turkey Track"}},{"type":"Feature","geometry":{"type":"Point","coordinates":[-100.255,32.2345]},"properties":{"farm":"roscoe","project":"Turkey Track"}},{"type":"Feature","geometry":{"type":"Point","coordinates":[-100.28259,32.22112]},"properties":{"farm":"roscoe","project":"Turkey Track"}},{"type":"Feature","geometry":{"type":"Point","coordinates":[-100.2346,32.187]},"properties":{"farm":"roscoe","project":"Turkey Track"}},{"type":"Feature","geometry":{"type":"Point","coordinates":[-100.2469,32.2134]},"properties":{"farm":"roscoe","project":"Turkey Track"}},{"type":"Feature","geometry":{"type":"Point","coordinates":[-100.23389,32.2238]},"properties":{"farm":"roscoe","project":"Turkey Track"}},{"type":"Feature","geometry":{"type":"Point","coordinates":[-100.2521,32.2344]},"properties":{"farm":"roscoe","project":"Turkey Track"}},{"type":"Feature","geometry":{"type":"Point","coordinates":[-100.20594,32.23647]},"properties":{"farm":"roscoe","project":"Turkey Track"}},{"type":"Feature","geometry":{"type":"Point","coordinates":[-100.2041,32.2192]},"properties":{"farm":"roscoe","project":"Turkey Track"}},{"type":"Feature","geometry":{"type":"Point","coordinates":[-100.2665,32.2436]},"properties":{"farm":"roscoe","project":"Turkey Track"}},{"type":"Feature","geometry":{"type":"Point","coordinates":[-100.228,32.1833]},"properties":{"farm":"roscoe","project":"Turkey Track"}},{"type":"Feature","geometry":{"type":"Point","coordinates":[-100.2051,32.1732]},"properties":{"farm":"roscoe","project":"Turkey Track"}},{"type":"Feature","geometry":{"type":"Point","coordinates":[-100.2943,32.2315]},"properties":{"farm":"roscoe","project":"Turkey Track"}},{"type":"Feature","geometry":{"type":"Point","coordinates":[-100.2475,32.1483]},"properties":{"farm":"roscoe","project":"Turkey Track"}},{"type":"Feature","geometry":{"type":"Point","coordinates":[-100.2687,32.2065]},"properties":{"farm":"roscoe","project":"Turkey Track"}},{"type":"Feature","geometry":{"type":"Point","coordinates":[-100.27075,32.16042]},"properties":{"farm":"roscoe","project":"Turkey Track"}},{"type":"Feature","geometry":{"type":"Point","coordinates":[-100.27338,32.18055]},"properties":{"farm":"roscoe","project":"Turkey Track"}},{"type":"Feature","geometry":{"type":"Point","coordinates":[-100.2572,32.1579]},"properties":{"farm":"roscoe","project":"Turkey Track"}},{"type":"Feature","geometry":{"type":"Point","coordinates":[-100.231,32.2226]},"properties":{"farm":"roscoe","project":"Turkey Track"}},{"type":"Feature","geometry":{"type":"Point","coordinates":[-100.1787,32.2454]},"properties":{"farm":"roscoe","project":"Turkey Track"}},{"type":"Feature","geometry":{"type":"Point","coordinates":[-100.21827,32.18265]},"properties":{"farm":"roscoe","project":"Turkey Track"}},{"type":"Feature","geometry":{"type":"Point","coordinates":[-100.2599,32.1581]},"properties":{"farm":"roscoe","project":"Turkey Track"}},{"type":"Feature","geometry":{"type":"Point","coordinates":[-100.2657,32.1614]},"properties":{"farm":"roscoe","project":"Turkey Track"}},{"type":"Feature","geometry":{"type":"Point","coordinates":[-100.2392,32.1936]},"properties":{"farm":"roscoe","project":"Turkey Track"}},{"type":"Feature","geometry":{"type":"Point","coordinates":[-100.2739,32.2078]},"properties":{"farm":"roscoe","project":"Turkey Track"}},{"type":"Feature","geometry":{"type":"Point","coordinates":[-100.261,32.1517]},"properties":{"farm":"roscoe","project":"Turkey Track"}},{"type":"Feature","geometry":{"type":"Point","coordinates":[-100.2509,32.2187]},"properties":{"farm":"roscoe","project":"Turkey Track"}},{"type":"Feature","geometry":{"type":"Point","coordinates":[-100.2778,32.2336]},"properties":{"farm":"roscoe","project":"Turkey Track"}},{"type":"Feature","geometry":{"type":"Point","coordinates":[-100.2645,32.2213]},"properties":{"farm":"roscoe","project":"Turkey Track"}},{"type":"Feature","geometry":{"type":"Point","coordinates":[-100.2872,32.23915]},"properties":{"farm":"roscoe","project":"Turkey Track"}},{"type":"Feature","geometry":{"type":"Point","coordinates":[-100.2674,32.1898]},"properties":{"farm":"roscoe","project":"Turkey Track"}},{"type":"Feature","geometry":{"type":"Point","coordinates":[-100.229,32.2381]},"properties":{"farm":"roscoe","project":"Turkey Track"}},{"type":"Feature","geometry":{"type":"Point","coordinates":[-100.2844,32.2001]},"properties":{"farm":"roscoe","project":"Turkey Track"}},{"type":"Feature","geometry":{"type":"Point","coordinates":[-100.2851,32.219]},"properties":{"farm":"roscoe","project":"Turkey Track"}},{"type":"Feature","geometry":{"type":"Point","coordinates":[-100.198,32.2051]},"properties":{"farm":"roscoe","project":"Turkey Track"}},{"type":"Feature","geometry":{"type":"Point","coordinates":[-100.2914,32.2315]},"properties":{"farm":"roscoe","project":"Turkey Track"}},{"type":"Feature","geometry":{"type":"Point","coordinates":[-100.2268,32.2187]},"properties":{"farm":"roscoe","project":"Turkey Track"}},{"type":"Feature","geometry":{"type":"Point","coordinates":[-100.2728,32.2212]},"properties":{"farm":"roscoe","project":"Turkey Track"}},{"type":"Feature","geometry":{"type":"Point","coordinates":[-100.1815,32.2339]},"properties":{"farm":"roscoe","project":"Turkey Track"}},{"type":"Feature","geometry":{"type":"Point","coordinates":[-100.2527,32.1856]},"properties":{"farm":"roscoe","project":"Turkey Track"}},{"type":"Feature","geometry":{"type":"Point","coordinates":[-100.2452,32.2049]},"properties":{"farm":"roscoe","project":"Turkey Track"}},{"type":"Feature","geometry":{"type":"Point","coordinates":[-100.2068,32.2197]},"properties":{"farm":"roscoe","project":"Turkey Track"}},{"type":"Feature","geometry":{"type":"Point","coordinates":[-100.28436,32.23917]},"properties":{"farm":"roscoe","project":"Turkey Track"}},{"type":"Feature","geometry":{"type":"Point","coordinates":[-100.2252,32.20476]},"properties":{"farm":"roscoe","project":"Turkey Track"}},{"type":"Feature","geometry":{"type":"Point","coordinates":[-100.2875,32.2147]},"properties":{"farm":"roscoe","project":"Turkey Track"}},{"type":"Feature","geometry":{"type":"Point","coordinates":[-100.202,32.2111]},"properties":{"farm":"roscoe","project":"Turkey Track"}},{"type":"Feature","geometry":{"type":"Point","coordinates":[-100.20733,32.42836]},"properties":{"farm":"roscoe","project":"Trent Mesa"}},{"type":"Feature","geometry":{"type":"Point","coordinates":[-100.25407,32.45556]},"properties":{"farm":"roscoe","project":"Trent Mesa"}},{"type":"Feature","geometry":{"type":"Point","coordinates":[-100.24873,32.44567]},"properties":{"farm":"roscoe","project":"Trent Mesa"}},{"type":"Feature","geometry":{"type":"Point","coordinates":[-100.24291,32.43788]},"properties":{"farm":"roscoe","project":"Trent Mesa"}},{"type":"Feature","geometry":{"type":"Point","coordinates":[-100.19913,32.41498]},"properties":{"farm":"roscoe","project":"Trent Mesa"}},{"type":"Feature","geometry":{"type":"Point","coordinates":[-100.22147,32.42071]},"properties":{"farm":"roscoe","project":"Trent Mesa"}},{"type":"Feature","geometry":{"type":"Point","coordinates":[-100.25673,32.43085]},"properties":{"farm":"roscoe","project":"Trent Mesa"}},{"type":"Feature","geometry":{"type":"Point","coordinates":[-100.2276,32.4343]},"properties":{"farm":"roscoe","project":"Trent Mesa"}},{"type":"Feature","geometry":{"type":"Point","coordinates":[-100.22026,32.43334]},"properties":{"farm":"roscoe","project":"Trent Mesa"}},{"type":"Feature","geometry":{"type":"Point","coordinates":[-100.25697,32.43747]},"properties":{"farm":"roscoe","project":"Trent Mesa"}},{"type":"Feature","geometry":{"type":"Point","coordinates":[-100.20507,32.42838]},"properties":{"farm":"roscoe","project":"Trent Mesa"}},{"type":"Feature","geometry":{"type":"Point","coordinates":[-100.23284,32.44448]},"properties":{"farm":"roscoe","project":"Trent Mesa"}},{"type":"Feature","geometry":{"type":"Point","coordinates":[-100.20718,32.41071]},"properties":{"farm":"roscoe","project":"Trent Mesa"}},{"type":"Feature","geometry":{"type":"Point","coordinates":[-100.21669,32.43337]},"properties":{"farm":"roscoe","project":"Trent Mesa"}},{"type":"Feature","geometry":{"type":"Point","coordinates":[-100.23067,32.4445]},"properties":{"farm":"roscoe","project":"Trent Mesa"}},{"type":"Feature","geometry":{"type":"Point","coordinates":[-100.27747,32.43066]},"properties":{"farm":"roscoe","project":"Trent Mesa"}},{"type":"Feature","geometry":{"type":"Point","coordinates":[-100.23501,32.44446]},"properties":{"farm":"roscoe","project":"Trent Mesa"}},{"type":"Feature","geometry":{"type":"Point","coordinates":[-100.22658,32.42086]},"properties":{"farm":"roscoe","project":"Trent Mesa"}},{"type":"Feature","geometry":{"type":"Point","coordinates":[-100.22446,32.44253]},"properties":{"farm":"roscoe","project":"Trent Mesa"}},{"type":"Feature","geometry":{"type":"Point","coordinates":[-100.224,32.4209]},"properties":{"farm":"roscoe","project":"Trent Mesa"}},{"type":"Feature","geometry":{"type":"Point","coordinates":[-100.25314,32.44555]},"properties":{"farm":"roscoe","project":"Trent Mesa"}},{"type":"Feature","geometry":{"type":"Point","coordinates":[-100.21889,32.42093]},"properties":{"farm":"roscoe","project":"Trent Mesa"}},{"type":"Feature","geometry":{"type":"Point","coordinates":[-100.24715,32.45611]},"properties":{"farm":"roscoe","project":"Trent Mesa"}},{"type":"Feature","geometry":{"type":"Point","coordinates":[-100.2404,32.45456]},"properties":{"farm":"roscoe","project":"Trent Mesa"}},{"type":"Feature","geometry":{"type":"Point","coordinates":[-100.23566,32.45044]},"properties":{"farm":"roscoe","project":"Trent Mesa"}},{"type":"Feature","geometry":{"type":"Point","coordinates":[-100.25085,32.44557]},"properties":{"farm":"roscoe","project":"Trent Mesa"}},{"type":"Feature","geometry":{"type":"Point","coordinates":[-100.25155,32.43086]},"properties":{"farm":"roscoe","project":"Trent Mesa"}},{"type":"Feature","geometry":{"type":"Point","coordinates":[-100.2542,32.43807]},"properties":{"farm":"roscoe","project":"Trent Mesa"}},{"type":"Feature","geometry":{"type":"Point","coordinates":[-100.2523,32.45568]},"properties":{"farm":"roscoe","project":"Trent Mesa"}},{"type":"Feature","geometry":{"type":"Point","coordinates":[-100.26583,32.42772]},"properties":{"farm":"roscoe","project":"Trent Mesa"}},{"type":"Feature","geometry":{"type":"Point","coordinates":[-100.2505,32.4558]},"properties":{"farm":"roscoe","project":"Trent Mesa"}},{"type":"Feature","geometry":{"type":"Point","coordinates":[-100.1877,32.4461]},"properties":{"farm":"roscoe","project":"Trent Mesa"}},{"type":"Feature","geometry":{"type":"Point","coordinates":[-100.26138,32.42859]},"properties":{"farm":"roscoe","project":"Trent Mesa"}},{"type":"Feature","geometry":{"type":"Point","coordinates":[-100.2487,32.4559]},"properties":{"farm":"roscoe","project":"Trent Mesa"}},{"type":"Feature","geometry":{"type":"Point","coordinates":[-100.2559,32.4555]},"properties":{"farm":"roscoe","project":"Trent Mesa"}},{"type":"Feature","geometry":{"type":"Point","coordinates":[-100.27301,32.43038]},"properties":{"farm":"roscoe","project":"Trent Mesa"}},{"type":"Feature","geometry":{"type":"Point","coordinates":[-100.27522,32.4305]},"properties":{"farm":"roscoe","project":"Trent Mesa"}},{"type":"Feature","geometry":{"type":"Point","coordinates":[-100.18579,32.4378]},"properties":{"farm":"roscoe","project":"Trent Mesa"}},{"type":"Feature","geometry":{"type":"Point","coordinates":[-100.22624,32.44291]},"properties":{"farm":"roscoe","project":"Trent Mesa"}},{"type":"Feature","geometry":{"type":"Point","coordinates":[-100.19151,32.42903]},"properties":{"farm":"roscoe","project":"Trent Mesa"}},{"type":"Feature","geometry":{"type":"Point","coordinates":[-100.1941,32.429]},"properties":{"farm":"roscoe","project":"Trent Mesa"}},{"type":"Feature","geometry":{"type":"Point","coordinates":[-100.21848,32.43336]},"properties":{"farm":"roscoe","project":"Trent Mesa"}},{"type":"Feature","geometry":{"type":"Point","coordinates":[-100.24059,32.43776]},"properties":{"farm":"roscoe","project":"Trent Mesa"}},{"type":"Feature","geometry":{"type":"Point","coordinates":[-100.2797,32.4308]},"properties":{"farm":"roscoe","project":"Trent Mesa"}},{"type":"Feature","geometry":{"type":"Point","coordinates":[-100.2285,32.44452]},"properties":{"farm":"roscoe","project":"Trent Mesa"}},{"type":"Feature","geometry":{"type":"Point","coordinates":[-100.20563,32.43779]},"properties":{"farm":"roscoe","project":"Trent Mesa"}},{"type":"Feature","geometry":{"type":"Point","coordinates":[-100.26804,32.42729]},"properties":{"farm":"roscoe","project":"Trent Mesa"}},{"type":"Feature","geometry":{"type":"Point","coordinates":[-100.2319,32.4208]},"properties":{"farm":"roscoe","project":"Trent Mesa"}},{"type":"Feature","geometry":{"type":"Point","coordinates":[-100.19668,32.42893]},"properties":{"farm":"roscoe","project":"Trent Mesa"}},{"type":"Feature","geometry":{"type":"Point","coordinates":[-100.193,32.43783]},"properties":{"farm":"roscoe","project":"Trent Mesa"}},{"type":"Feature","geometry":{"type":"Point","coordinates":[-100.20324,32.43846]},"properties":{"farm":"roscoe","project":"Trent Mesa"}},{"type":"Feature","geometry":{"type":"Point","coordinates":[-100.19917,32.42897]},"properties":{"farm":"roscoe","project":"Trent Mesa"}},{"type":"Feature","geometry":{"type":"Point","coordinates":[-100.22993,32.43423]},"properties":{"farm":"roscoe","project":"Trent Mesa"}},{"type":"Feature","geometry":{"type":"Point","coordinates":[-100.2824,32.4283]},"properties":{"farm":"roscoe","project":"Trent Mesa"}},{"type":"Feature","geometry":{"type":"Point","coordinates":[-100.23718,32.44443]},"properties":{"farm":"roscoe","project":"Trent Mesa"}},{"type":"Feature","geometry":{"type":"Point","coordinates":[-100.24822,32.43802]},"properties":{"farm":"roscoe","project":"Trent Mesa"}},{"type":"Feature","geometry":{"type":"Point","coordinates":[-100.2636,32.42815]},"properties":{"farm":"roscoe","project":"Trent Mesa"}},{"type":"Feature","geometry":{"type":"Point","coordinates":[-100.25127,32.43814]},"properties":{"farm":"roscoe","project":"Trent Mesa"}},{"type":"Feature","geometry":{"type":"Point","coordinates":[-100.19099,32.44608]},"properties":{"farm":"roscoe","project":"Trent Mesa"}},{"type":"Feature","geometry":{"type":"Point","coordinates":[-100.25949,32.45517]},"properties":{"farm":"roscoe","project":"Trent Mesa"}},{"type":"Feature","geometry":{"type":"Point","coordinates":[-100.25414,32.43085]},"properties":{"farm":"roscoe","project":"Trent Mesa"}},{"type":"Feature","geometry":{"type":"Point","coordinates":[-100.18939,32.44609]},"properties":{"farm":"roscoe","project":"Trent Mesa"}},{"type":"Feature","geometry":{"type":"Point","coordinates":[-100.20296,32.42846]},"properties":{"farm":"roscoe","project":"Trent Mesa"}},{"type":"Feature","geometry":{"type":"Point","coordinates":[-100.21637,32.42096]},"properties":{"farm":"roscoe","project":"Trent Mesa"}},{"type":"Feature","geometry":{"type":"Point","coordinates":[-100.20139,32.41495]},"properties":{"farm":"roscoe","project":"Trent Mesa"}},{"type":"Feature","geometry":{"type":"Point","coordinates":[-100.24226,32.45452]},"properties":{"farm":"roscoe","project":"Trent Mesa"}},{"type":"Feature","geometry":{"type":"Point","coordinates":[-100.25915,32.42903]},"properties":{"farm":"roscoe","project":"Trent Mesa"}},{"type":"Feature","geometry":{"type":"Point","coordinates":[-100.19043,32.43759]},"properties":{"farm":"roscoe","project":"Trent Mesa"}},{"type":"Feature","geometry":{"type":"Point","coordinates":[-100.2576,32.4553]},"properties":{"farm":"roscoe","project":"Trent Mesa"}},{"type":"Feature","geometry":{"type":"Point","coordinates":[-100.21382,32.42099]},"properties":{"farm":"roscoe","project":"Trent Mesa"}},{"type":"Feature","geometry":{"type":"Point","coordinates":[-100.24524,32.43801]},"properties":{"farm":"roscoe","project":"Trent Mesa"}},{"type":"Feature","geometry":{"type":"Point","coordinates":[-100.2148,32.43233]},"properties":{"farm":"roscoe","project":"Trent Mesa"}},{"type":"Feature","geometry":{"type":"Point","coordinates":[-100.18807,32.43776]},"properties":{"farm":"roscoe","project":"Trent Mesa"}},{"type":"Feature","geometry":{"type":"Point","coordinates":[-100.20948,32.41068]},"properties":{"farm":"roscoe","project":"Trent Mesa"}},{"type":"Feature","geometry":{"type":"Point","coordinates":[-100.20945,32.42834]},"properties":{"farm":"roscoe","project":"Trent Mesa"}},{"type":"Feature","geometry":{"type":"Point","coordinates":[-100.2049,32.41074]},"properties":{"farm":"roscoe","project":"Trent Mesa"}},{"type":"Feature","geometry":{"type":"Point","coordinates":[-100.20809,32.43807]},"properties":{"farm":"roscoe","project":"Trent Mesa"}},{"type":"Feature","geometry":{"type":"Point","coordinates":[-100.2441,32.4545]},"properties":{"farm":"roscoe","project":"Trent Mesa"}},{"type":"Feature","geometry":{"type":"Point","coordinates":[-100.22913,32.42093]},"properties":{"farm":"roscoe","project":"Trent Mesa"}},{"type":"Feature","geometry":{"type":"Point","coordinates":[-100.18894,32.42908]},"properties":{"farm":"roscoe","project":"Trent Mesa"}},{"type":"Feature","geometry":{"type":"Point","coordinates":[-100.27088,32.42675]},"properties":{"farm":"roscoe","project":"Trent Mesa"}},{"type":"Feature","geometry":{"type":"Point","coordinates":[-100.2382,32.45015]},"properties":{"farm":"roscoe","project":"Trent Mesa"}},{"type":"Feature","geometry":{"type":"Point","coordinates":[-100.18636,32.42913]},"properties":{"farm":"roscoe","project":"Trent Mesa"}},{"type":"Feature","geometry":{"type":"Point","coordinates":[-100.16717,32.43111]},"properties":{"farm":"roscoe","project":"Trent Mesa Repower"}},{"type":"Feature","geometry":{"type":"Point","coordinates":[-100.16985,32.42637]},"properties":{"farm":"roscoe","project":"Trent Mesa Repower"}},{"type":"Feature","geometry":{"type":"Point","coordinates":[-100.14919,32.42663]},"properties":{"farm":"roscoe","project":"Trent Mesa Repower"}},{"type":"Feature","geometry":{"type":"Point","coordinates":[-100.16317,32.43178]},"properties":{"farm":"roscoe","project":"Trent Mesa Repower"}},{"type":"Feature","geometry":{"type":"Point","coordinates":[-100.17873,32.42492]},"properties":{"farm":"roscoe","project":"Trent Mesa Repower"}},{"type":"Feature","geometry":{"type":"Point","coordinates":[-100.17267,32.42723]},"properties":{"farm":"roscoe","project":"Trent Mesa Repower"}},{"type":"Feature","geometry":{"type":"Point","coordinates":[-100.18102,32.42492]},"properties":{"farm":"roscoe","project":"Trent Mesa Repower"}},{"type":"Feature","geometry":{"type":"Point","coordinates":[-100.15324,32.42658]},"properties":{"farm":"roscoe","project":"Trent Mesa Repower"}},{"type":"Feature","geometry":{"type":"Point","coordinates":[-100.1571,32.4328]},"properties":{"farm":"roscoe","project":"Trent Mesa Repower"}},{"type":"Feature","geometry":{"type":"Point","coordinates":[-100.14717,32.42666]},"properties":{"farm":"roscoe","project":"Trent Mesa Repower"}},{"type":"Feature","geometry":{"type":"Point","coordinates":[-100.15905,32.43247]},"properties":{"farm":"roscoe","project":"Trent Mesa Repower"}},{"type":"Feature","geometry":{"type":"Point","coordinates":[-100.15518,32.4266]},"properties":{"farm":"roscoe","project":"Trent Mesa Repower"}},{"type":"Feature","geometry":{"type":"Point","coordinates":[-100.18382,32.4292]},"properties":{"farm":"roscoe","project":"Trent Mesa Repower"}},{"type":"Feature","geometry":{"type":"Point","coordinates":[-100.16111,32.43213]},"properties":{"farm":"roscoe","project":"Trent Mesa Repower"}},{"type":"Feature","geometry":{"type":"Point","coordinates":[-100.16523,32.43144]},"properties":{"farm":"roscoe","project":"Trent Mesa Repower"}},{"type":"Feature","geometry":{"type":"Point","coordinates":[-100.15121,32.4266]},"properties":{"farm":"roscoe","project":"Trent Mesa Repower"}},{"type":"Feature","geometry":{"type":"Point","coordinates":[-100.2604,32.2346]},"properties":{"farm":"roscoe","project":"Turkey Track"}},{"type":"Feature","geometry":{"type":"Point","coordinates":[-100.1966,32.2305]},"properties":{"farm":"roscoe","project":"Turkey Track"}},{"type":"Feature","geometry":{"type":"Point","coordinates":[-100.2443,32.2135]},"properties":{"farm":"roscoe","project":"Turkey Track"}},{"type":"Feature","geometry":{"type":"Point","coordinates":[-100.2781,32.1819]},"properties":{"farm":"roscoe","project":"Turkey Track"}},{"type":"Feature","geometry":{"type":"Point","coordinates":[-100.2512,32.1581]},"properties":{"farm":"roscoe","project":"Turkey Track"}},{"type":"Feature","geometry":{"type":"Point","coordinates":[-100.24,32.2397]},"properties":{"farm":"roscoe","project":"Turkey Track"}},{"type":"Feature","geometry":{"type":"Point","coordinates":[-100.2442,32.2387]},"properties":{"farm":"roscoe","project":"Turkey Track"}},{"type":"Feature","geometry":{"type":"Point","coordinates":[-100.2702,32.1805]},"properties":{"farm":"roscoe","project":"Turkey Track"}},{"type":"Feature","geometry":{"type":"Point","coordinates":[-100.1812,32.2453]},"properties":{"farm":"roscoe","project":"Turkey Track"}},{"type":"Feature","geometry":{"type":"Point","coordinates":[-100.251,32.1483]},"properties":{"farm":"roscoe","project":"Turkey Track"}},{"type":"Feature","geometry":{"type":"Point","coordinates":[-100.2706,32.1918]},"properties":{"farm":"roscoe","project":"Turkey Track"}},{"type":"Feature","geometry":{"type":"Point","coordinates":[-100.2727,32.2335]},"properties":{"farm":"roscoe","project":"Turkey Track"}},{"type":"Feature","geometry":{"type":"Point","coordinates":[-100.205,32.211]},"properties":{"farm":"roscoe","project":"Turkey Track"}},{"type":"Feature","geometry":{"type":"Point","coordinates":[-100.2358,32.2001]},"properties":{"farm":"roscoe","project":"Turkey Track"}},{"type":"Feature","geometry":{"type":"Point","coordinates":[-100.28,32.2071]},"properties":{"farm":"roscoe","project":"Turkey Track"}},{"type":"Feature","geometry":{"type":"Point","coordinates":[-100.2598,32.177]},"properties":{"farm":"roscoe","project":"Turkey Track"}},{"type":"Feature","geometry":{"type":"Point","coordinates":[-100.2494,32.1984]},"properties":{"farm":"roscoe","project":"Turkey Track"}},{"type":"Feature","geometry":{"type":"Point","coordinates":[-100.2329,32.2049]},"properties":{"farm":"roscoe","project":"Turkey Track"}},{"type":"Feature","geometry":{"type":"Point","coordinates":[-100.2777,32.2212]},"properties":{"farm":"roscoe","project":"Turkey Track"}},{"type":"Feature","geometry":{"type":"Point","coordinates":[-100.25604,32.19945]},"properties":{"farm":"roscoe","project":"Turkey Track"}},{"type":"Feature","geometry":{"type":"Point","coordinates":[-100.238,32.2135]},"properties":{"farm":"roscoe","project":"Turkey Track"}},{"type":"Feature","geometry":{"type":"Point","coordinates":[-100.2752,32.2212]},"properties":{"farm":"roscoe","project":"Turkey Track"}},{"type":"Feature","geometry":{"type":"Point","coordinates":[-100.2417,32.1936]},"properties":{"farm":"roscoe","project":"Turkey Track"}},{"type":"Feature","geometry":{"type":"Point","coordinates":[-100.2325,32.238]},"properties":{"farm":"roscoe","project":"Turkey Track"}},{"type":"Feature","geometry":{"type":"Point","coordinates":[-100.2605,32.1909]},"properties":{"farm":"roscoe","project":"Turkey Track"}},{"type":"Feature","geometry":{"type":"Point","coordinates":[-100.2535,32.2187]},"properties":{"farm":"roscoe","project":"Turkey Track"}},{"type":"Feature","geometry":{"type":"Point","coordinates":[-100.2405,32.2135]},"properties":{"farm":"roscoe","project":"Turkey Track"}},{"type":"Feature","geometry":{"type":"Point","coordinates":[-100.2237,32.1848]},"properties":{"farm":"roscoe","project":"Turkey Track"}},{"type":"Feature","geometry":{"type":"Point","coordinates":[-100.1999,32.235]},"properties":{"farm":"roscoe","project":"Turkey Track"}},{"type":"Feature","geometry":{"type":"Point","coordinates":[-100.2751,32.2335]},"properties":{"farm":"roscoe","project":"Turkey Track"}},{"type":"Feature","geometry":{"type":"Point","coordinates":[-100.2702,32.2336]},"properties":{"farm":"roscoe","project":"Turkey Track"}},{"type":"Feature","geometry":{"type":"Point","coordinates":[-100.259,32.1994]},"properties":{"farm":"roscoe","project":"Turkey Track"}},{"type":"Feature","geometry":{"type":"Point","coordinates":[-100.18425,32.23406]},"properties":{"farm":"roscoe","project":"Turkey Track"}},{"type":"Feature","geometry":{"type":"Point","coordinates":[-100.25308,32.19947]},"properties":{"farm":"roscoe","project":"Turkey Track"}},{"type":"Feature","geometry":{"type":"Point","coordinates":[-100.2631,32.16]},"properties":{"farm":"roscoe","project":"Turkey Track"}},{"type":"Feature","geometry":{"type":"Point","coordinates":[-100.28013,32.22115]},"properties":{"farm":"roscoe","project":"Turkey Track"}},{"type":"Feature","geometry":{"type":"Point","coordinates":[-100.2096,32.2208]},"properties":{"farm":"roscoe","project":"Turkey Track"}},{"type":"Feature","geometry":{"type":"Point","coordinates":[-100.1996,32.1733]},"properties":{"farm":"roscoe","project":"Turkey Track"}},{"type":"Feature","geometry":{"type":"Point","coordinates":[-100.2659,32.1793]},"properties":{"farm":"roscoe","project":"Turkey Track"}},{"type":"Feature","geometry":{"type":"Point","coordinates":[-100.2305,32.205]},"properties":{"farm":"roscoe","project":"Turkey Track"}},{"type":"Feature","geometry":{"type":"Point","coordinates":[-100.2466,32.2387]},"properties":{"farm":"roscoe","project":"Turkey Track"}},{"type":"Feature","geometry":{"type":"Point","coordinates":[-100.2005,32.2051]},"properties":{"farm":"roscoe","project":"Turkey Track"}},{"type":"Feature","geometry":{"type":"Point","coordinates":[-100.2679,32.2213]},"properties":{"farm":"roscoe","project":"Turkey Track"}},{"type":"Feature","geometry":{"type":"Point","coordinates":[-100.20334,32.23517]},"properties":{"farm":"roscoe","project":"Turkey Track"}},{"type":"Feature","geometry":{"type":"Point","coordinates":[-100.2362,32.238]},"properties":{"farm":"roscoe","project":"Turkey Track"}},{"type":"Feature","geometry":{"type":"Point","coordinates":[-100.2577,32.2345]},"properties":{"farm":"roscoe","project":"Turkey Track"}},{"type":"Feature","geometry":{"type":"Point","coordinates":[-100.2363,32.2237]},"properties":{"farm":"roscoe","project":"Turkey Track"}},{"type":"Feature","geometry":{"type":"Point","coordinates":[-100.26,32.2194]},"properties":{"farm":"roscoe","project":"Turkey Track"}},{"type":"Feature","geometry":{"type":"Point","coordinates":[-100.57323,32.40177]},"properties":{"farm":"roscoe","project":"unknown Nolan County"}},{"type":"Feature","geometry":{"type":"Point","coordinates":[-100.57943,32.40863]},"properties":{"farm":"roscoe","project":"unknown Nolan County"}},{"type":"Feature","geometry":{"type":"Point","coordinates":[-100.17506,32.42878]},"properties":{"farm":"roscoe","project":"unknown Nolan County"}},{"type":"Feature","geometry":{"type":"Point","coordinates":[-100.55853,32.40418]},"properties":{"farm":"roscoe","project":"unknown Nolan County"}},{"type":"Feature","geometry":{"type":"Point","coordinates":[-100.57555,32.40532]},"properties":{"farm":"roscoe","project":"unknown Nolan County"}},{"type":"Feature","geometry":{"type":"Point","coordinates":[-100.61053,32.3996]},"properties":{"farm":"roscoe","project":"unknown Nolan County"}},{"type":"Feature","geometry":{"type":"Point","coordinates":[-102.35454,35.20169]},"properties":{"farm":"wildorado","project":"Canadian Breaks"}},{"type":"Feature","geometry":{"type":"Point","coordinates":[-102.29911,35.18101]},"properties":{"farm":"wildorado","project":"Canadian Breaks"}},{"type":"Feature","geometry":{"type":"Point","coordinates":[-102.33805,35.18289]},"properties":{"farm":"wildorado","project":"Canadian Breaks"}},{"type":"Feature","geometry":{"type":"Point","coordinates":[-102.30284,35.1825]},"properties":{"farm":"wildorado","project":"Canadian Breaks"}},{"type":"Feature","geometry":{"type":"Point","coordinates":[-102.26566,35.20407]},"properties":{"farm":"wildorado","project":"Canadian Breaks"}},{"type":"Feature","geometry":{"type":"Point","coordinates":[-102.31924,35.20166]},"properties":{"farm":"wildorado","project":"Canadian Breaks"}},{"type":"Feature","geometry":{"type":"Point","coordinates":[-102.2959,35.21446]},"properties":{"farm":"wildorado","project":"Canadian Breaks"}},{"type":"Feature","geometry":{"type":"Point","coordinates":[-102.31669,35.18181]},"properties":{"farm":"wildorado","project":"Canadian Breaks"}},{"type":"Feature","geometry":{"type":"Point","coordinates":[-102.28728,35.18422]},"properties":{"farm":"wildorado","project":"Canadian Breaks"}},{"type":"Feature","geometry":{"type":"Point","coordinates":[-102.35827,35.20318]},"properties":{"farm":"wildorado","project":"Canadian Breaks"}},{"type":"Feature","geometry":{"type":"Point","coordinates":[-102.3303,35.1948]},"properties":{"farm":"wildorado","project":"Canadian Breaks"}},{"type":"Feature","geometry":{"type":"Point","coordinates":[-102.32353,35.22204]},"properties":{"farm":"wildorado","project":"Canadian Breaks"}},{"type":"Feature","geometry":{"type":"Point","coordinates":[-102.27934,35.20037]},"properties":{"farm":"wildorado","project":"Canadian Breaks"}},{"type":"Feature","geometry":{"type":"Point","coordinates":[-102.26742,35.17242]},"properties":{"farm":"wildorado","project":"Canadian Breaks"}},{"type":"Feature","geometry":{"type":"Point","coordinates":[-102.34068,35.22547]},"properties":{"farm":"wildorado","project":"Canadian Breaks"}},{"type":"Feature","geometry":{"type":"Point","coordinates":[-102.30709,35.21895]},"properties":{"farm":"wildorado","project":"Canadian Breaks"}},{"type":"Feature","geometry":{"type":"Point","coordinates":[-102.28432,35.21172]},"properties":{"farm":"wildorado","project":"Canadian Breaks"}},{"type":"Feature","geometry":{"type":"Point","coordinates":[-102.35461,35.22662]},"properties":{"farm":"wildorado","project":"Canadian Breaks"}},{"type":"Feature","geometry":{"type":"Point","coordinates":[-102.33042,35.20614]},"properties":{"farm":"wildorado","project":"Canadian Breaks"}},{"type":"Feature","geometry":{"type":"Point","coordinates":[-102.30335,35.21745]},"properties":{"farm":"wildorado","project":"Canadian Breaks"}},{"type":"Feature","geometry":{"type":"Point","coordinates":[-102.30718,35.19499]},"properties":{"farm":"wildorado","project":"Canadian Breaks"}},{"type":"Feature","geometry":{"type":"Point","coordinates":[-102.26008,35.16948]},"properties":{"farm":"wildorado","project":"Canadian Breaks"}},{"type":"Feature","geometry":{"type":"Point","coordinates":[-102.2921,35.17076]},"properties":{"farm":"wildorado","project":"Canadian Breaks"}},{"type":"Feature","geometry":{"type":"Point","coordinates":[-102.35425,35.21377]},"properties":{"farm":"wildorado","project":"Canadian Breaks"}},{"type":"Feature","geometry":{"type":"Point","coordinates":[-102.33695,35.22397]},"properties":{"farm":"wildorado","project":"Canadian Breaks"}},{"type":"Feature","geometry":{"type":"Point","coordinates":[-102.34178,35.18439]},"properties":{"farm":"wildorado","project":"Canadian Breaks"}},{"type":"Feature","geometry":{"type":"Point","coordinates":[-102.32041,35.1833]},"properties":{"farm":"wildorado","project":"Canadian Breaks"}},{"type":"Feature","geometry":{"type":"Point","coordinates":[-102.35053,35.21228]},"properties":{"farm":"wildorado","project":"Canadian Breaks"}},{"type":"Feature","geometry":{"type":"Point","coordinates":[-102.31235,35.21755]},"properties":{"farm":"wildorado","project":"Canadian Breaks"}},{"type":"Feature","geometry":{"type":"Point","coordinates":[-102.35088,35.22512]},"properties":{"farm":"wildorado","project":"Canadian Breaks"}},{"type":"Feature","geometry":{"type":"Point","coordinates":[-102.33432,35.1814]},"properties":{"farm":"wildorado","project":"Canadian Breaks"}},{"type":"Feature","geometry":{"type":"Point","coordinates":[-102.33776,35.19777]},"properties":{"farm":"wildorado","project":"Canadian Breaks"}},{"type":"Feature","geometry":{"type":"Point","coordinates":[-102.28343,35.18268]},"properties":{"farm":"wildorado","project":"Canadian Breaks"}},{"type":"Feature","geometry":{"type":"Point","coordinates":[-102.27683,35.20856]},"properties":{"farm":"wildorado","project":"Canadian Breaks"}},{"type":"Feature","geometry":{"type":"Point","coordinates":[-102.34522,35.20076]},"properties":{"farm":"wildorado","project":"Canadian Breaks"}},{"type":"Feature","geometry":{"type":"Point","coordinates":[-102.27184,35.19737]},"properties":{"farm":"wildorado","project":"Canadian Breaks"}},{"type":"Feature","geometry":{"type":"Point","coordinates":[-102.35517,35.18765]},"properties":{"farm":"wildorado","project":"Canadian Breaks"}},{"type":"Feature","geometry":{"type":"Point","coordinates":[-102.29966,35.19207]},"properties":{"farm":"wildorado","project":"Canadian Breaks"}},{"type":"Feature","geometry":{"type":"Point","coordinates":[-102.2811,35.16635]},"properties":{"farm":"wildorado","project":"Canadian Breaks"}},{"type":"Feature","geometry":{"type":"Point","coordinates":[-102.2797,35.18118]},"properties":{"farm":"wildorado","project":"Canadian Breaks"}},{"type":"Feature","geometry":{"type":"Point","coordinates":[-102.28691,35.20335]},"properties":{"farm":"wildorado","project":"Canadian Breaks"}},{"type":"Feature","geometry":{"type":"Point","coordinates":[-102.34149,35.19927]},"properties":{"farm":"wildorado","project":"Canadian Breaks"}},{"type":"Feature","geometry":{"type":"Point","coordinates":[-102.34715,35.22363]},"properties":{"farm":"wildorado","project":"Canadian Breaks"}},{"type":"Feature","geometry":{"type":"Point","coordinates":[-102.32788,35.18628]},"properties":{"farm":"wildorado","project":"Canadian Breaks"}},{"type":"Feature","geometry":{"type":"Point","coordinates":[-102.29089,35.18567]},"properties":{"farm":"wildorado","project":"Canadian Breaks"}},{"type":"Feature","geometry":{"type":"Point","coordinates":[-102.27558,35.19887]},"properties":{"farm":"wildorado","project":"Canadian Breaks"}},{"type":"Feature","geometry":{"type":"Point","coordinates":[-102.28841,35.16927]},"properties":{"farm":"wildorado","project":"Canadian Breaks"}},{"type":"Feature","geometry":{"type":"Point","coordinates":[-102.33416,35.20764]},"properties":{"farm":"wildorado","project":"Canadian Breaks"}},{"type":"Feature","geometry":{"type":"Point","coordinates":[-102.29594,35.19058]},"properties":{"farm":"wildorado","project":"Canadian Breaks"}},{"type":"Feature","geometry":{"type":"Point","coordinates":[-102.36262,35.19064]},"properties":{"farm":"wildorado","project":"Canadian Breaks"}},{"type":"Feature","geometry":{"type":"Point","coordinates":[-102.28057,35.21006]},"properties":{"farm":"wildorado","project":"Canadian Breaks"}},{"type":"Feature","geometry":{"type":"Point","coordinates":[-102.33321,35.22239]},"properties":{"farm":"wildorado","project":"Canadian Breaks"}},{"type":"Feature","geometry":{"type":"Point","coordinates":[-102.33898,35.20957]},"properties":{"farm":"wildorado","project":"Canadian Breaks"}},{"type":"Feature","geometry":{"type":"Point","coordinates":[-102.27311,35.20706]},"properties":{"farm":"wildorado","project":"Canadian Breaks"}},{"type":"Feature","geometry":{"type":"Point","coordinates":[-102.27598,35.17969]},"properties":{"farm":"wildorado","project":"Canadian Breaks"}},{"type":"Feature","geometry":{"type":"Point","coordinates":[-102.36207,35.2296]},"properties":{"farm":"wildorado","project":"Canadian Breaks"}},{"type":"Feature","geometry":{"type":"Point","coordinates":[-102.27115,35.17391]},"properties":{"farm":"wildorado","project":"Canadian Breaks"}},{"type":"Feature","geometry":{"type":"Point","coordinates":[-102.31552,35.20016]},"properties":{"farm":"wildorado","project":"Canadian Breaks"}},{"type":"Feature","geometry":{"type":"Point","coordinates":[-102.3267,35.20464]},"properties":{"farm":"wildorado","project":"Canadian Breaks"}},{"type":"Feature","geometry":{"type":"Point","coordinates":[-102.30657,35.184]},"properties":{"farm":"wildorado","project":"Canadian Breaks"}},{"type":"Feature","geometry":{"type":"Point","coordinates":[-102.35081,35.2002]},"properties":{"farm":"wildorado","project":"Canadian Breaks"}},{"type":"Feature","geometry":{"type":"Point","coordinates":[-102.26812,35.19589]},"properties":{"farm":"wildorado","project":"Canadian Breaks"}},{"type":"Feature","geometry":{"type":"Point","coordinates":[-102.3431,35.21129]},"properties":{"farm":"wildorado","project":"Canadian Breaks"}},{"type":"Feature","geometry":{"type":"Point","coordinates":[-102.30339,35.19357]},"properties":{"farm":"wildorado","project":"Canadian Breaks"}},{"type":"Feature","geometry":{"type":"Point","coordinates":[-102.28468,35.16778]},"properties":{"farm":"wildorado","project":"Canadian Breaks"}},{"type":"Feature","geometry":{"type":"Point","coordinates":[-102.32297,35.20315]},"properties":{"farm":"wildorado","project":"Canadian Breaks"}},{"type":"Feature","geometry":{"type":"Point","coordinates":[-102.36199,35.20466]},"properties":{"farm":"wildorado","project":"Canadian Breaks"}},{"type":"Feature","geometry":{"type":"Point","coordinates":[-102.31091,35.19648]},"properties":{"farm":"wildorado","project":"Canadian Breaks"}},{"type":"Feature","geometry":{"type":"Point","coordinates":[-102.33403,35.19629]},"properties":{"farm":"wildorado","project":"Canadian Breaks"}},{"type":"Feature","geometry":{"type":"Point","coordinates":[-102.26939,35.20557]},"properties":{"farm":"wildorado","project":"Canadian Breaks"}},{"type":"Feature","geometry":{"type":"Point","coordinates":[-102.32414,35.18479]},"properties":{"farm":"wildorado","project":"Canadian Breaks"}},{"type":"Feature","geometry":{"type":"Point","coordinates":[-102.29963,35.21596]},"properties":{"farm":"wildorado","project":"Canadian Breaks"}},{"type":"Feature","geometry":{"type":"Point","coordinates":[-102.35797,35.21526]},"properties":{"farm":"wildorado","project":"Canadian Breaks"}},{"type":"Feature","geometry":{"type":"Point","coordinates":[-102.35144,35.18616]},"properties":{"farm":"wildorado","project":"Canadian Breaks"}},{"type":"Feature","geometry":{"type":"Point","coordinates":[-102.3103,35.18549]},"properties":{"farm":"wildorado","project":"Canadian Breaks"}},{"type":"Feature","geometry":{"type":"Point","coordinates":[-102.31979,35.22054]},"properties":{"farm":"wildorado","project":"Canadian Breaks"}},{"type":"Feature","geometry":{"type":"Point","coordinates":[-102.3589,35.18915]},"properties":{"farm":"wildorado","project":"Canadian Breaks"}},{"type":"Feature","geometry":{"type":"Point","coordinates":[-102.28318,35.20186]},"properties":{"farm":"wildorado","project":"Canadian Breaks"}},{"type":"Feature","geometry":{"type":"Point","coordinates":[-102.3617,35.21676]},"properties":{"farm":"wildorado","project":"Canadian Breaks"}},{"type":"Feature","geometry":{"type":"Point","coordinates":[-102.32963,35.22095]},"properties":{"farm":"wildorado","project":"Canadian Breaks"}},{"type":"Feature","geometry":{"type":"Point","coordinates":[-102.35834,35.22811]},"properties":{"farm":"wildorado","project":"Canadian Breaks"}},{"type":"Feature","geometry":{"type":"Point","coordinates":[-102.31608,35.21905]},"properties":{"farm":"wildorado","project":"Canadian Breaks"}},{"type":"Feature","geometry":{"type":"Point","coordinates":[-102.28805,35.21321]},"properties":{"farm":"wildorado","project":"Canadian Breaks"}},{"type":"Feature","geometry":{"type":"Point","coordinates":[-102.26369,35.17093]},"properties":{"farm":"wildorado","project":"Canadian Breaks"}},{"type":"Feature","geometry":{"type":"Point","coordinates":[-102.1945,35.2266]},"properties":{"farm":"wildorado","project":"Golden Spread Panhandle Wind Ranch"}},{"type":"Feature","geometry":{"type":"Point","coordinates":[-102.1629,35.2447]},"properties":{"farm":"wildorado","project":"Golden Spread Panhandle Wind Ranch"}},{"type":"Feature","geometry":{"type":"Point","coordinates":[-102.1606,35.2348]},"properties":{"farm":"wildorado","project":"Golden Spread Panhandle Wind Ranch"}},{"type":"Feature","geometry":{"type":"Point","coordinates":[-102.1996,35.2465]},"properties":{"farm":"wildorado","project":"Golden Spread Panhandle Wind Ranch"}},{"type":"Feature","geometry":{"type":"Point","coordinates":[-102.1953,35.2373]},"properties":{"farm":"wildorado","project":"Golden Spread Panhandle Wind Ranch"}},{"type":"Feature","geometry":{"type":"Point","coordinates":[-102.1841,35.2289]},"properties":{"farm":"wildorado","project":"Golden Spread Panhandle Wind Ranch"}},{"type":"Feature","geometry":{"type":"Point","coordinates":[-102.1697,35.2277]},"properties":{"farm":"wildorado","project":"Golden Spread Panhandle Wind Ranch"}},{"type":"Feature","geometry":{"type":"Point","coordinates":[-102.1924,35.2362]},"properties":{"farm":"wildorado","project":"Golden Spread Panhandle Wind Ranch"}},{"type":"Feature","geometry":{"type":"Point","coordinates":[-102.1652,35.2456]},"properties":{"farm":"wildorado","project":"Golden Spread Panhandle Wind Ranch"}},{"type":"Feature","geometry":{"type":"Point","coordinates":[-102.2063,35.2387]},"properties":{"farm":"wildorado","project":"Golden Spread Panhandle Wind Ranch"}},{"type":"Feature","geometry":{"type":"Point","coordinates":[-102.203,35.2375]},"properties":{"farm":"wildorado","project":"Golden Spread Panhandle Wind Ranch"}},{"type":"Feature","geometry":{"type":"Point","coordinates":[-102.2254,35.2278]},"properties":{"farm":"wildorado","project":"Golden Spread Panhandle Wind Ranch"}},{"type":"Feature","geometry":{"type":"Point","coordinates":[-102.1605,35.2438]},"properties":{"farm":"wildorado","project":"Golden Spread Panhandle Wind Ranch"}},{"type":"Feature","geometry":{"type":"Point","coordinates":[-102.242,35.2297]},"properties":{"farm":"wildorado","project":"Golden Spread Panhandle Wind Ranch"}},{"type":"Feature","geometry":{"type":"Point","coordinates":[-102.1772,35.228]},"properties":{"farm":"wildorado","project":"Golden Spread Panhandle Wind Ranch"}},{"type":"Feature","geometry":{"type":"Point","coordinates":[-102.2171,35.2344]},"properties":{"farm":"wildorado","project":"Golden Spread Panhandle Wind Ranch"}},{"type":"Feature","geometry":{"type":"Point","coordinates":[-102.2496,35.236]},"properties":{"farm":"wildorado","project":"Golden Spread Panhandle Wind Ranch"}},{"type":"Feature","geometry":{"type":"Point","coordinates":[-102.235,35.2289]},"properties":{"farm":"wildorado","project":"Golden Spread Panhandle Wind Ranch"}},{"type":"Feature","geometry":{"type":"Point","coordinates":[-102.23215,35.22786]},"properties":{"farm":"wildorado","project":"Golden Spread Panhandle Wind Ranch"}},{"type":"Feature","geometry":{"type":"Point","coordinates":[-102.2103,35.2454]},"properties":{"farm":"wildorado","project":"Golden Spread Panhandle Wind Ranch"}},{"type":"Feature","geometry":{"type":"Point","coordinates":[-102.2468,35.235]},"properties":{"farm":"wildorado","project":"Golden Spread Panhandle Wind Ranch"}},{"type":"Feature","geometry":{"type":"Point","coordinates":[-102.1743,35.2269]},"properties":{"farm":"wildorado","project":"Golden Spread Panhandle Wind Ranch"}},{"type":"Feature","geometry":{"type":"Point","coordinates":[-102.2074,35.2444]},"properties":{"farm":"wildorado","project":"Golden Spread Panhandle Wind Ranch"}},{"type":"Feature","geometry":{"type":"Point","coordinates":[-102.2282,35.2288]},"properties":{"farm":"wildorado","project":"Golden Spread Panhandle Wind Ranch"}},{"type":"Feature","geometry":{"type":"Point","coordinates":[-102.18,35.229]},"properties":{"farm":"wildorado","project":"Golden Spread Panhandle Wind Ranch"}},{"type":"Feature","geometry":{"type":"Point","coordinates":[-102.22,35.2354]},"properties":{"farm":"wildorado","project":"Golden Spread Panhandle Wind Ranch"}},{"type":"Feature","geometry":{"type":"Point","coordinates":[-102.2224,35.2373]},"properties":{"farm":"wildorado","project":"Golden Spread Panhandle Wind Ranch"}},{"type":"Feature","geometry":{"type":"Point","coordinates":[-102.211,35.2268]},"properties":{"farm":"wildorado","project":"Golden Spread Panhandle Wind Ranch"}},{"type":"Feature","geometry":{"type":"Point","coordinates":[-102.2225,35.2267]},"properties":{"farm":"wildorado","project":"Golden Spread Panhandle Wind Ranch"}},{"type":"Feature","geometry":{"type":"Point","coordinates":[-102.2391,35.2287]},"properties":{"farm":"wildorado","project":"Golden Spread Panhandle Wind Ranch"}},{"type":"Feature","geometry":{"type":"Point","coordinates":[-102.1973,35.2276]},"properties":{"farm":"wildorado","project":"Golden Spread Panhandle Wind Ranch"}},{"type":"Feature","geometry":{"type":"Point","coordinates":[-102.2139,35.2279]},"properties":{"farm":"wildorado","project":"Golden Spread Panhandle Wind Ranch"}},{"type":"Feature","geometry":{"type":"Point","coordinates":[-102.1869,35.23]},"properties":{"farm":"wildorado","project":"Golden Spread Panhandle Wind Ranch"}},{"type":"Feature","geometry":{"type":"Point","coordinates":[-102.1573,35.2336]},"properties":{"farm":"wildorado","project":"Golden Spread Panhandle Wind Ranch"}},{"type":"Feature","geometry":{"type":"Point","coordinates":[-102.42181,35.30919]},"properties":{"farm":"wildorado","project":"Spinning Spur Wind Ranch"}},{"type":"Feature","geometry":{"type":"Point","coordinates":[-102.4872,35.3358]},"properties":{"farm":"wildorado","project":"Spinning Spur Wind Ranch"}},{"type":"Feature","geometry":{"type":"Point","coordinates":[-102.4497,35.3192]},"properties":{"farm":"wildorado","project":"Spinning Spur Wind Ranch"}},{"type":"Feature","geometry":{"type":"Point","coordinates":[-102.4439,35.3171]},"properties":{"farm":"wildorado","project":"Spinning Spur Wind Ranch"}},{"type":"Feature","geometry":{"type":"Point","coordinates":[-102.4842,35.3348]},"properties":{"farm":"wildorado","project":"Spinning Spur Wind Ranch"}},{"type":"Feature","geometry":{"type":"Point","coordinates":[-102.4314,35.272]},"properties":{"farm":"wildorado","project":"Spinning Spur Wind Ranch"}},{"type":"Feature","geometry":{"type":"Point","coordinates":[-102.4092,35.3047]},"properties":{"farm":"wildorado","project":"Spinning Spur Wind Ranch"}},{"type":"Feature","geometry":{"type":"Point","coordinates":[-102.4767,35.2856]},"properties":{"farm":"wildorado","project":"Spinning Spur Wind Ranch"}},{"type":"Feature","geometry":{"type":"Point","coordinates":[-102.4353,35.3141]},"properties":{"farm":"wildorado","project":"Spinning Spur Wind Ranch"}},{"type":"Feature","geometry":{"type":"Point","coordinates":[-102.4781,35.3326]},"properties":{"farm":"wildorado","project":"Spinning Spur Wind Ranch"}},{"type":"Feature","geometry":{"type":"Point","coordinates":[-102.4516,35.2791]},"properties":{"farm":"wildorado","project":"Spinning Spur Wind Ranch"}},{"type":"Feature","geometry":{"type":"Point","coordinates":[-102.4983,35.2933]},"properties":{"farm":"wildorado","project":"Spinning Spur Wind Ranch"}},{"type":"Feature","geometry":{"type":"Point","coordinates":[-102.455,35.2804]},"properties":{"farm":"wildorado","project":"Spinning Spur Wind Ranch"}},{"type":"Feature","geometry":{"type":"Point","coordinates":[-102.4382,35.3151]},"properties":{"farm":"wildorado","project":"Spinning Spur Wind Ranch"}},{"type":"Feature","geometry":{"type":"Point","coordinates":[-102.4382,35.2744]},"properties":{"farm":"wildorado","project":"Spinning Spur Wind Ranch"}},{"type":"Feature","geometry":{"type":"Point","coordinates":[-102.49024,35.33692]},"properties":{"farm":"wildorado","project":"Spinning Spur Wind Ranch"}},{"type":"Feature","geometry":{"type":"Point","coordinates":[-102.4449,35.2768]},"properties":{"farm":"wildorado","project":"Spinning Spur Wind Ranch"}},{"type":"Feature","geometry":{"type":"Point","coordinates":[-102.491,35.2907]},"properties":{"farm":"wildorado","project":"Spinning Spur Wind Ranch"}},{"type":"Feature","geometry":{"type":"Point","coordinates":[-102.3969,35.3004]},"properties":{"farm":"wildorado","project":"Spinning Spur Wind Ranch"}},{"type":"Feature","geometry":{"type":"Point","coordinates":[-102.3939,35.2993]},"properties":{"farm":"wildorado","project":"Spinning Spur Wind Ranch"}},{"type":"Feature","geometry":{"type":"Point","coordinates":[-102.49636,35.33909]},"properties":{"farm":"wildorado","project":"Spinning Spur Wind Ranch"}},{"type":"Feature","geometry":{"type":"Point","coordinates":[-102.4061,35.3036]},"properties":{"farm":"wildorado","project":"Spinning Spur Wind Ranch"}},{"type":"Feature","geometry":{"type":"Point","coordinates":[-102.4803,35.2869]},"properties":{"farm":"wildorado","project":"Spinning Spur Wind Ranch"}},{"type":"Feature","geometry":{"type":"Point","coordinates":[-102.4282,35.3115]},"properties":{"farm":"wildorado","project":"Spinning Spur Wind Ranch"}},{"type":"Feature","geometry":{"type":"Point","coordinates":[-102.4811,35.3337]},"properties":{"farm":"wildorado","project":"Spinning Spur Wind Ranch"}},{"type":"Feature","geometry":{"type":"Point","coordinates":[-102.4031,35.3025]},"properties":{"farm":"wildorado","project":"Spinning Spur Wind Ranch"}},{"type":"Feature","geometry":{"type":"Point","coordinates":[-102.4468,35.3181]},"properties":{"farm":"wildorado","project":"Spinning Spur Wind Ranch"}},{"type":"Feature","geometry":{"type":"Point","coordinates":[-102.4732,35.2843]},"properties":{"farm":"wildorado","project":"Spinning Spur Wind Ranch"}},{"type":"Feature","geometry":{"type":"Point","coordinates":[-102.4248,35.3103]},"properties":{"farm":"wildorado","project":"Spinning Spur Wind Ranch"}},{"type":"Feature","geometry":{"type":"Point","coordinates":[-102.4238,35.2695]},"properties":{"farm":"wildorado","project":"Spinning Spur Wind Ranch"}},{"type":"Feature","geometry":{"type":"Point","coordinates":[-102.441,35.3161]},"properties":{"farm":"wildorado","project":"Spinning Spur Wind Ranch"}},{"type":"Feature","geometry":{"type":"Point","coordinates":[-102.41609,35.30718]},"properties":{"farm":"wildorado","project":"Spinning Spur Wind Ranch"}},{"type":"Feature","geometry":{"type":"Point","coordinates":[-102.4202,35.2692]},"properties":{"farm":"wildorado","project":"Spinning Spur Wind Ranch"}},{"type":"Feature","geometry":{"type":"Point","coordinates":[-102.4946,35.2919]},"properties":{"farm":"wildorado","project":"Spinning Spur Wind Ranch"}},{"type":"Feature","geometry":{"type":"Point","coordinates":[-102.4482,35.278]},"properties":{"farm":"wildorado","project":"Spinning Spur Wind Ranch"}},{"type":"Feature","geometry":{"type":"Point","coordinates":[-102.4122,35.3058]},"properties":{"farm":"wildorado","project":"Spinning Spur Wind Ranch"}},{"type":"Feature","geometry":{"type":"Point","coordinates":[-102.4281,35.2708]},"properties":{"farm":"wildorado","project":"Spinning Spur Wind Ranch"}},{"type":"Feature","geometry":{"type":"Point","coordinates":[-102.41892,35.30817]},"properties":{"farm":"wildorado","project":"Spinning Spur Wind Ranch"}},{"type":"Feature","geometry":{"type":"Point","coordinates":[-102.4415,35.2756]},"properties":{"farm":"wildorado","project":"Spinning Spur Wind Ranch"}},{"type":"Feature","geometry":{"type":"Point","coordinates":[-102.4838,35.2882]},"properties":{"farm":"wildorado","project":"Spinning Spur Wind Ranch"}},{"type":"Feature","geometry":{"type":"Point","coordinates":[-102.4,35.3015]},"properties":{"farm":"wildorado","project":"Spinning Spur Wind Ranch"}},{"type":"Feature","geometry":{"type":"Point","coordinates":[-102.4933,35.338]},"properties":{"farm":"wildorado","project":"Spinning Spur Wind Ranch"}},{"type":"Feature","geometry":{"type":"Point","coordinates":[-102.47496,35.33149]},"properties":{"farm":"wildorado","project":"Spinning Spur Wind Ranch"}},{"type":"Feature","geometry":{"type":"Point","coordinates":[-102.4874,35.2894]},"properties":{"farm":"wildorado","project":"Spinning Spur Wind Ranch"}},{"type":"Feature","geometry":{"type":"Point","coordinates":[-102.4318,35.3128]},"properties":{"farm":"wildorado","project":"Spinning Spur Wind Ranch"}},{"type":"Feature","geometry":{"type":"Point","coordinates":[-102.3484,35.2909]},"properties":{"farm":"wildorado","project":"Wildorado"}},{"type":"Feature","geometry":{"type":"Point","coordinates":[-102.311,35.2832]},"properties":{"farm":"wildorado","project":"Wildorado"}},{"type":"Feature","geometry":{"type":"Point","coordinates":[-102.3577,35.3038]},"properties":{"farm":"wildorado","project":"Wildorado"}},{"type":"Feature","geometry":{"type":"Point","coordinates":[-102.3109,35.295]},"properties":{"farm":"wildorado","project":"Wildorado"}},{"type":"Feature","geometry":{"type":"Point","coordinates":[-102.2806,35.282]},"properties":{"farm":"wildorado","project":"Wildorado"}},{"type":"Feature","geometry":{"type":"Point","coordinates":[-102.3512,35.3102]},"properties":{"farm":"wildorado","project":"Wildorado"}},{"type":"Feature","geometry":{"type":"Point","coordinates":[-102.366,35.3097]},"properties":{"farm":"wildorado","project":"Wildorado"}},{"type":"Feature","geometry":{"type":"Point","coordinates":[-102.3207,35.2871]},"properties":{"farm":"wildorado","project":"Wildorado"}},{"type":"Feature","geometry":{"type":"Point","coordinates":[-102.272,35.274]},"properties":{"farm":"wildorado","project":"Wildorado"}},{"type":"Feature","geometry":{"type":"Point","coordinates":[-102.3548,35.3028]},"properties":{"farm":"wildorado","project":"Wildorado"}},{"type":"Feature","geometry":{"type":"Point","coordinates":[-102.3235,35.2881]},"properties":{"farm":"wildorado","project":"Wildorado"}},{"type":"Feature","geometry":{"type":"Point","coordinates":[-102.3428,35.2889]},"properties":{"farm":"wildorado","project":"Wildorado"}},{"type":"Feature","geometry":{"type":"Point","coordinates":[-102.3291,35.3027]},"properties":{"farm":"wildorado","project":"Wildorado"}},{"type":"Feature","geometry":{"type":"Point","coordinates":[-102.3087,35.2943]},"properties":{"farm":"wildorado","project":"Wildorado"}},{"type":"Feature","geometry":{"type":"Point","coordinates":[-102.2498,35.2642]},"properties":{"farm":"wildorado","project":"Wildorado"}},{"type":"Feature","geometry":{"type":"Point","coordinates":[-102.3512,35.2919]},"properties":{"farm":"wildorado","project":"Wildorado"}},{"type":"Feature","geometry":{"type":"Point","coordinates":[-102.2625,35.2581]},"properties":{"farm":"wildorado","project":"Wildorado"}},{"type":"Feature","geometry":{"type":"Point","coordinates":[-102.2703,35.2642]},"properties":{"farm":"wildorado","project":"Wildorado"}},{"type":"Feature","geometry":{"type":"Point","coordinates":[-102.3258,35.3015]},"properties":{"farm":"wildorado","project":"Wildorado"}},{"type":"Feature","geometry":{"type":"Point","coordinates":[-102.2675,35.2631]},"properties":{"farm":"wildorado","project":"Wildorado"}},{"type":"Feature","geometry":{"type":"Point","coordinates":[-102.2438,35.2616]},"properties":{"farm":"wildorado","project":"Wildorado"}},{"type":"Feature","geometry":{"type":"Point","coordinates":[-102.3359,35.2959]},"properties":{"farm":"wildorado","project":"Wildorado"}},{"type":"Feature","geometry":{"type":"Point","coordinates":[-102.3483,35.3093]},"properties":{"farm":"wildorado","project":"Wildorado"}},{"type":"Feature","geometry":{"type":"Point","coordinates":[-102.2653,35.2591]},"properties":{"farm":"wildorado","project":"Wildorado"}},{"type":"Feature","geometry":{"type":"Point","coordinates":[-102.3292,35.2902]},"properties":{"farm":"wildorado","project":"Wildorado"}},{"type":"Feature","geometry":{"type":"Point","coordinates":[-102.2922,35.2853]},"properties":{"farm":"wildorado","project":"Wildorado"}},{"type":"Feature","geometry":{"type":"Point","coordinates":[-102.3438,35.2999]},"properties":{"farm":"wildorado","project":"Wildorado"}},{"type":"Feature","geometry":{"type":"Point","coordinates":[-102.2731,35.2652]},"properties":{"farm":"wildorado","project":"Wildorado"}},{"type":"Feature","geometry":{"type":"Point","coordinates":[-102.3263,35.2892]},"properties":{"farm":"wildorado","project":"Wildorado"}},{"type":"Feature","geometry":{"type":"Point","coordinates":[-102.2899,35.2844]},"properties":{"farm":"wildorado","project":"Wildorado"}},{"type":"Feature","geometry":{"type":"Point","coordinates":[-102.2937,35.3046]},"properties":{"farm":"wildorado","project":"Wildorado"}},{"type":"Feature","geometry":{"type":"Point","coordinates":[-102.2876,35.2836]},"properties":{"farm":"wildorado","project":"Wildorado"}},{"type":"Feature","geometry":{"type":"Point","coordinates":[-102.3313,35.3043]},"properties":{"farm":"wildorado","project":"Wildorado"}},{"type":"Feature","geometry":{"type":"Point","coordinates":[-102.3152,35.3066]},"properties":{"farm":"wildorado","project":"Wildorado"}},{"type":"Feature","geometry":{"type":"Point","coordinates":[-102.303,35.2926]},"properties":{"farm":"wildorado","project":"Wildorado"}},{"type":"Feature","geometry":{"type":"Point","coordinates":[-102.3105,35.3049]},"properties":{"farm":"wildorado","project":"Wildorado"}},{"type":"Feature","geometry":{"type":"Point","coordinates":[-102.2528,35.2656]},"properties":{"farm":"wildorado","project":"Wildorado"}},{"type":"Feature","geometry":{"type":"Point","coordinates":[-102.3414,35.2979]},"properties":{"farm":"wildorado","project":"Wildorado"}},{"type":"Feature","geometry":{"type":"Point","coordinates":[-102.2423,35.2699]},"properties":{"farm":"wildorado","project":"Wildorado"}},{"type":"Feature","geometry":{"type":"Point","coordinates":[-102.3227,35.3]},"properties":{"farm":"wildorado","project":"Wildorado"}},{"type":"Feature","geometry":{"type":"Point","coordinates":[-102.3457,35.2897]},"properties":{"farm":"wildorado","project":"Wildorado"}},{"type":"Feature","geometry":{"type":"Point","coordinates":[-102.2977,35.2841]},"properties":{"farm":"wildorado","project":"Wildorado"}},{"type":"Feature","geometry":{"type":"Point","coordinates":[-102.3179,35.2861]},"properties":{"farm":"wildorado","project":"Wildorado"}},{"type":"Feature","geometry":{"type":"Point","coordinates":[-102.291,35.305]},"properties":{"farm":"wildorado","project":"Wildorado"}},{"type":"Feature","geometry":{"type":"Point","coordinates":[-102.3639,35.3089]},"properties":{"farm":"wildorado","project":"Wildorado"}},{"type":"Feature","geometry":{"type":"Point","coordinates":[-102.2789,35.2741]},"properties":{"farm":"wildorado","project":"Wildorado"}},{"type":"Feature","geometry":{"type":"Point","coordinates":[-102.2829,35.2823]},"properties":{"farm":"wildorado","project":"Wildorado"}},{"type":"Feature","geometry":{"type":"Point","coordinates":[-102.3004,35.2851]},"properties":{"farm":"wildorado","project":"Wildorado"}},{"type":"Feature","geometry":{"type":"Point","coordinates":[-102.3386,35.2969]},"properties":{"farm":"wildorado","project":"Wildorado"}},{"type":"Feature","geometry":{"type":"Point","coordinates":[-102.3209,35.2982]},"properties":{"farm":"wildorado","project":"Wildorado"}},{"type":"Feature","geometry":{"type":"Point","coordinates":[-102.3548,35.2935]},"properties":{"farm":"wildorado","project":"Wildorado"}},{"type":"Feature","geometry":{"type":"Point","coordinates":[-102.2961,35.305]},"properties":{"farm":"wildorado","project":"Wildorado"}},{"type":"Feature","geometry":{"type":"Point","coordinates":[-102.2541,35.255]},"properties":{"farm":"wildorado","project":"Wildorado"}},{"type":"Feature","geometry":{"type":"Point","coordinates":[-102.2569,35.256]},"properties":{"farm":"wildorado","project":"Wildorado"}},{"type":"Feature","geometry":{"type":"Point","coordinates":[-102.2852,35.2827]},"properties":{"farm":"wildorado","project":"Wildorado"}},{"type":"Feature","geometry":{"type":"Point","coordinates":[-102.2597,35.2571]},"properties":{"farm":"wildorado","project":"Wildorado"}},{"type":"Feature","geometry":{"type":"Point","coordinates":[-102.2756,35.2741]},"properties":{"farm":"wildorado","project":"Wildorado"}},{"type":"Feature","geometry":{"type":"Point","coordinates":[-102.3128,35.3055]},"properties":{"farm":"wildorado","project":"Wildorado"}},{"type":"Feature","geometry":{"type":"Point","coordinates":[-102.2464,35.2625]},"properties":{"farm":"wildorado","project":"Wildorado"}},{"type":"Feature","geometry":{"type":"Point","coordinates":[-102.371,35.3114]},"properties":{"farm":"wildorado","project":"Wildorado"}},{"type":"Feature","geometry":{"type":"Point","coordinates":[-102.2894,35.2965]},"properties":{"farm":"wildorado","project":"Wildorado"}},{"type":"Feature","geometry":{"type":"Point","coordinates":[-102.2673,35.2829]},"properties":{"farm":"wildorado","project":"Wildorado"}},{"type":"Feature","geometry":{"type":"Point","coordinates":[-102.3683,35.3105]},"properties":{"farm":"wildorado","project":"Wildorado"}},{"type":"Feature","geometry":{"type":"Point","coordinates":[-102.2643,35.2836]},"properties":{"farm":"wildorado","project":"Wildorado"}},{"type":"Feature","geometry":{"type":"Point","coordinates":[-102.3521,35.3018]},"properties":{"farm":"wildorado","project":"Wildorado"}},{"type":"Feature","geometry":{"type":"Point","coordinates":[-102.3138,35.2842]},"properties":{"farm":"wildorado","project":"Wildorado"}},{"type":"Feature","geometry":{"type":"Point","coordinates":[-102.34,35.2878]},"properties":{"farm":"wildorado","project":"Wildorado"}},{"type":"Feature","geometry":{"type":"Point","coordinates":[-102.3373,35.2867]},"properties":{"farm":"wildorado","project":"Wildorado"}},{"type":"Feature","geometry":{"type":"Point","coordinates":[-102.3619,35.3082]},"properties":{"farm":"wildorado","project":"Wildorado"}},{"type":"Feature","geometry":{"type":"Point","coordinates":[-102.2454,35.2729]},"properties":{"farm":"wildorado","project":"Wildorado"}},{"type":"Feature","geometry":{"type":"Point","coordinates":[-102.2751,35.17503]},"properties":{"farm":"wildorado","project":"unknown Deaf Smith County"}},{"type":"Feature","geometry":{"type":"Point","coordinates":[-102.29064,35.20485]},"properties":{"farm":"wildorado","project":"unknown Oldham County"}},{"type":"Feature","geometry":{"type":"Point","coordinates":[-102.34551,35.18588]},"properties":{"farm":"wildorado","project":"unknown Oldham County"}}]}
