{"type":"FeatureCollection","features":[{"type":"Feature","geometry":{"type":"Polygon","coordinates":[[[-101.64727,35.35142],[-101.65202,35.35163],[-101.65336,35.35266],[-101.65375,35.35426],[-101.6518,35.35589],[-101.64811,35.35554],[-101.64593,35.35348],[-101.6459,35.35163],[-101.64727,35.35142]]]},"properties":{"region":"panhandle","name":null,"sqkm":0.29}},{"type":"Feature","geometry":{"type":"Polygon","coordinates":[[[-101.63076,35.85892],[-101.63194,35.85908],[-101.63281,35.86034],[-101.63281,35.86272],[-101.63233,35.86375],[-101.63006,35.8654],[-101.62786,35.86522],[-101.62612,35.86451],[-101.62603,35.86298],[-101.62497,35.86261],[-101.62494,35.86181],[-101.62781,35.85936],[-101.63076,35.85892]]]},"properties":{"region":"panhandle","name":null,"sqkm":0.39}},{"type":"Feature","geometry":{"type":"Polygon","coordinates":[[[-101.88067,35.4512],[-101.88118,35.45132],[-101.88157,35.45248],[-101.88238,35.45269],[-101.88683,35.452],[-101.89082,35.45221],[-101.89273,35.45351],[-101.89429,35.45578],[-101.89443,35.45685],[-101.89393,35.45724],[-101.89301,35.45708],[-101.89007,35.45546],[-101.88624,35.45441],[-101.8835,35.45429],[-101.88165,35.45484],[-101.88109,35.45665],[-101.88157,35.45827],[-101.88632,35.46319],[-101.88613,35.46493],[-101.88523,35.46665],[-101.88563,35.46848],[-101.88409,35.46962],[-101.87984,35.46976],[-101.87086,35.47114],[-101.86873,35.47251],[-101.86848,35.47416],[-101.86708,35.47466],[-101.867,35.47629],[-101.86647,35.47683],[-101.86428,35.47567],[-101.86283,35.47304],[-101.85796,35.47102],[-101.8557,35.47125],[-101.85337,35.47239],[-101.85242,35.47239],[-101.85259,35.4734],[-101.85105,35.47471],[-101.85086,35.47576],[-101.85024,35.47599],[-101.84893,35.47564],[-101.84865,35.47388],[-101.84764,35.47338],[-101.8456,35.47448],[-101.84288,35.47484],[-101.84059,35.47441],[-101.83941,35.47489],[-101.83905,35.47569],[-101.8383,35.47544],[-101.83457,35.4761],[-101.83234,35.47582],[-101.82761,35.47759],[-101.82694,35.47685],[-101.82607,35.47754],[-101.82422,35.4769],[-101.82274,35.47704],[-101.8224,35.47784],[-101.82338,35.4796],[-101.82512,35.48086],[-101.83021,35.48276],[-101.83161,35.48228],[-101.8313,35.48326],[-101.82559,35.48212],[-101.82232,35.48237],[-101.81921,35.48051],[-101.81818,35.48152],[-101.81462,35.4823],[-101.81432,35.4809],[-101.80816,35.47861],[-101.80735,35.47881],[-101.80662,35.47996],[-101.805,35.47852],[-101.80251,35.47847],[-101.80187,35.4792],[-101.80078,35.47904],[-101.79798,35.48071],[-101.79515,35.47986],[-101.79501,35.48048],[-101.79672,35.48199],[-101.79473,35.48446],[-101.79383,35.48414],[-101.79356,35.48293],[-101.79266,35.4821],[-101.7909,35.48228],[-101.78995,35.48178],[-101.78863,35.48235],[-101.78575,35.48185],[-101.78399,35.48205],[-101.78368,35.481],[-101.77867,35.48029],[-101.77736,35.47969],[-101.7726,35.47985],[-101.7712,35.48081],[-101.77112,35.48163],[-101.77266,35.48154],[-101.77263,35.48211],[-101.77352,35.48264],[-101.77372,35.48401],[-101.77534,35.4847],[-101.7813,35.48315],[-101.78018,35.48498],[-101.78107,35.48619],[-101.7818,35.48887],[-101.78286,35.49011],[-101.78666,35.49187],[-101.78678,35.49336],[-101.78969,35.49311],[-101.79044,35.49354],[-101.79374,35.49366],[-101.79495,35.49334],[-101.7957,35.49345],[-101.79665,35.49451],[-101.79777,35.49467],[-101.79757,35.49554],[-101.79455,35.4962],[-101.79329,35.49709],[-101.79173,35.4965],[-101.79027,35.49707],[-101.79021,35.49773],[-101.79298,35.49904],[-101.79469,35.49883],[-101.79494,35.50006],[-101.80087,35.50186],[-101.80054,35.50323],[-101.79914,35.50344],[-101.79883,35.50454],[-101.79334,35.50511],[-101.79281,35.50669],[-101.79104,35.50675],[-101.79233,35.5087],[-101.79023,35.51067],[-101.79221,35.51154],[-101.79249,35.5127],[-101.794,35.513],[-101.79437,35.51408],[-101.79375,35.51456],[-101.78955,35.513],[-101.7876,35.51126],[-101.78799,35.51073],[-101.78712,35.51002],[-101.78718,35.5092],[-101.78536,35.50954],[-101.78491,35.50849],[-101.78295,35.50956],[-101.78292,35.5102],[-101.78206,35.51054],[-101.78189,35.51157],[-101.78099,35.51226],[-101.77884,35.51249],[-101.77828,35.51198],[-101.77887,35.51086],[-101.77523,35.51159],[-101.77189,35.51292],[-101.77021,35.51513],[-101.77071,35.51571],[-101.77679,35.51498],[-101.77628,35.51635],[-101.77432,35.5169],[-101.77113,35.52012],[-101.77099,35.52115],[-101.77272,35.52141],[-101.77224,35.52255],[-101.77325,35.52411],[-101.77476,35.52317],[-101.77631,35.52029],[-101.77689,35.52038],[-101.77779,35.52171],[-101.77776,35.52315],[-101.78045,35.52356],[-101.78148,35.52494],[-101.78145,35.52702],[-101.78022,35.52878],[-101.77982,35.53048],[-101.77873,35.53096],[-101.77761,35.53036],[-101.77713,35.53137],[-101.77551,35.53116],[-101.77579,35.53187],[-101.77699,35.53256],[-101.77831,35.53237],[-101.77839,35.53366],[-101.77945,35.53338],[-101.78217,35.53405],[-101.78452,35.53396],[-101.78651,35.5346],[-101.78698,35.53538],[-101.78802,35.53531],[-101.78833,35.53591],[-101.78894,35.53575],[-101.78911,35.53469],[-101.79085,35.53385],[-101.79088,35.53307],[-101.79253,35.53234],[-101.79326,35.53254],[-101.79253,35.53399],[-101.79331,35.53463],[-101.79186,35.53499],[-101.79115,35.53609],[-101.79241,35.53856],[-101.79079,35.53916],[-101.79115,35.5408],[-101.78966,35.54151],[-101.79235,35.5425],[-101.79271,35.54351],[-101.79381,35.54314],[-101.79571,35.54104],[-101.79638,35.54117],[-101.79504,35.54248],[-101.79473,35.54387],[-101.79336,35.54486],[-101.79327,35.54579],[-101.79212,35.54589],[-101.79268,35.54648],[-101.79223,35.54724],[-101.79291,35.54753],[-101.79478,35.54623],[-101.79708,35.54587],[-101.79839,35.54921],[-101.79668,35.5514],[-101.80052,35.55198],[-101.80074,35.55248],[-101.79674,35.55232],[-101.7957,35.55188],[-101.79545,35.55042],[-101.7968,35.54861],[-101.79593,35.54726],[-101.79515,35.54708],[-101.79358,35.54877],[-101.79229,35.54893],[-101.79016,35.5471],[-101.78997,35.54593],[-101.79047,35.54424],[-101.78966,35.54396],[-101.78832,35.54527],[-101.78748,35.54506],[-101.78804,35.54382],[-101.78611,35.54336],[-101.78504,35.54162],[-101.78664,35.54062],[-101.78659,35.54005],[-101.78734,35.53929],[-101.78715,35.53863],[-101.78569,35.53856],[-101.78407,35.53771],[-101.78421,35.53691],[-101.78382,35.53675],[-101.78334,35.53734],[-101.78407,35.53821],[-101.78146,35.53846],[-101.78135,35.54023],[-101.78076,35.54052],[-101.779,35.53901],[-101.77917,35.5378],[-101.7783,35.53752],[-101.77808,35.53887],[-101.7771,35.53915],[-101.77718,35.53976],[-101.77522,35.53919],[-101.77513,35.54015],[-101.77684,35.54095],[-101.7746,35.54171],[-101.77379,35.5426],[-101.77513,35.54356],[-101.77796,35.54443],[-101.77658,35.54539],[-101.77824,35.54624],[-101.77809,35.54672],[-101.77709,35.5472],[-101.77653,35.54626],[-101.77527,35.5461],[-101.77524,35.54509],[-101.77306,35.54525],[-101.77275,35.54619],[-101.77106,35.5477],[-101.77101,35.54889],[-101.76924,35.54889],[-101.76835,35.54964],[-101.76846,35.55008],[-101.76997,35.55067],[-101.76787,35.55147],[-101.7675,35.55221],[-101.76868,35.55239],[-101.77016,35.55125],[-101.77187,35.55237],[-101.7735,35.55175],[-101.77377,35.55331],[-101.77271,35.55397],[-101.77383,35.55569],[-101.77467,35.55535],[-101.77517,35.55448],[-101.77635,35.555],[-101.77789,35.55457],[-101.77797,35.55583],[-101.77598,35.55622],[-101.7752,35.55695],[-101.77718,35.55823],[-101.77741,35.55933],[-101.77615,35.56024],[-101.7769,35.56141],[-101.77435,35.56066],[-101.77391,35.55935],[-101.77259,35.55924],[-101.771,35.55777],[-101.77114,35.55676],[-101.76887,35.55683],[-101.76831,35.55621],[-101.76842,35.5555],[-101.76669,35.55548],[-101.76744,35.55806],[-101.76556,35.5566],[-101.76506,35.55669],[-101.76447,35.55829],[-101.7624,35.55799],[-101.76357,35.55918],[-101.76279,35.56033],[-101.76396,35.56021],[-101.76477,35.56129],[-101.76301,35.56204],[-101.7629,35.56316],[-101.76222,35.56392],[-101.76331,35.5641],[-101.7634,35.56451],[-101.76303,35.5652],[-101.76211,35.56529],[-101.76146,35.56593],[-101.76174,35.56632],[-101.76326,35.56623],[-101.76412,35.56797],[-101.76614,35.56994],[-101.76264,35.56895],[-101.7625,35.56824],[-101.76168,35.56769],[-101.7581,35.56856],[-101.75695,35.56835],[-101.75602,35.56947],[-101.75728,35.56995],[-101.75823,35.57121],[-101.75846,35.5719],[-101.75795,35.57218],[-101.75462,35.57064],[-101.75275,35.57087],[-101.7521,35.57157],[-101.75202,35.57045],[-101.75023,35.56924],[-101.7478,35.56945],[-101.7471,35.57],[-101.74589,35.56991],[-101.74388,35.5706],[-101.74203,35.57278],[-101.74284,35.57442],[-101.74416,35.57442],[-101.74428,35.57543],[-101.74548,35.57733],[-101.74234,35.5758],[-101.74066,35.57596],[-101.74092,35.57742],[-101.74053,35.57765],[-101.73895,35.57605],[-101.73562,35.57576],[-101.73453,35.57629],[-101.73397,35.57567],[-101.73397,35.57471],[-101.73243,35.57578],[-101.72949,35.5765],[-101.73044,35.57785],[-101.73039,35.57901],[-101.72932,35.57885],[-101.72809,35.57785],[-101.72722,35.57881],[-101.72806,35.58151],[-101.7298,35.58254],[-101.72779,35.58414],[-101.73003,35.58421],[-101.72981,35.58579],[-101.72914,35.5865],[-101.73009,35.58805],[-101.72945,35.58833],[-101.7297,35.58885],[-101.73085,35.58917],[-101.73152,35.5881],[-101.73261,35.58832],[-101.73412,35.58784],[-101.73449,35.58869],[-101.7325,35.58988],[-101.73351,35.59025],[-101.73421,35.59139],[-101.73561,35.59093],[-101.73564,35.59043],[-101.73626,35.59018],[-101.7362,35.58882],[-101.7374,35.58811],[-101.74018,35.58749],[-101.74158,35.58765],[-101.74057,35.58875],[-101.74043,35.59024],[-101.73931,35.59095],[-101.7394,35.5915],[-101.74021,35.59134],[-101.74057,35.5918],[-101.73993,35.59219],[-101.73794,35.59214],[-101.73842,35.59296],[-101.73808,35.59379],[-101.73887,35.59395],[-101.73867,35.59484],[-101.73952,35.59621],[-101.74005,35.59608],[-101.7394,35.59457],[-101.74047,35.59438],[-101.74044,35.59381],[-101.74136,35.59305],[-101.74209,35.59324],[-101.74217,35.59392],[-101.74304,35.59353],[-101.74254,35.59248],[-101.74262,35.59182],[-101.74326,35.59145],[-101.74413,35.59172],[-101.74455,35.59259],[-101.74433,35.59362],[-101.74528,35.59431],[-101.74623,35.59261],[-101.74814,35.59309],[-101.74951,35.59099],[-101.75027,35.59103],[-101.74951,35.59256],[-101.74971,35.59307],[-101.75114,35.59256],[-101.75263,35.59309],[-101.75274,35.59389],[-101.75512,35.59279],[-101.75641,35.59309],[-101.75644,35.59364],[-101.75462,35.59375],[-101.7538,35.59435],[-101.75019,35.59412],[-101.74688,35.5954],[-101.74806,35.59652],[-101.74781,35.59728],[-101.74835,35.59854],[-101.74947,35.59785],[-101.75187,35.59753],[-101.75189,35.59796],[-101.75,35.59906],[-101.74919,35.60037],[-101.74958,35.60133],[-101.74869,35.60202],[-101.74953,35.60238],[-101.75088,35.60206],[-101.75074,35.60331],[-101.75242,35.60336],[-101.753,35.60398],[-101.75463,35.60412],[-101.75547,35.60478],[-101.75676,35.60421],[-101.7595,35.60456],[-101.76169,35.60321],[-101.76368,35.60477],[-101.76315,35.60511],[-101.76175,35.60438],[-101.76091,35.60451],[-101.7599,35.60547],[-101.75807,35.60563],[-101.75746,35.60664],[-101.75583,35.60577],[-101.75586,35.60719],[-101.75687,35.60803],[-101.75544,35.60822],[-101.75432,35.60776],[-101.75132,35.60869],[-101.75378,35.60975],[-101.75339,35.61101],[-101.76064,35.61261],[-101.75896,35.61362],[-101.75991,35.61463],[-101.76101,35.61385],[-101.76182,35.61406],[-101.76117,35.61529],[-101.76193,35.61603],[-101.76184,35.61818],[-101.76397,35.618],[-101.76621,35.61896],[-101.76913,35.61921],[-101.76941,35.61969],[-101.76355,35.61925],[-101.75951,35.62101],[-101.75816,35.62321],[-101.75359,35.62396],[-101.75429,35.62304],[-101.7571,35.62231],[-101.7578,35.62014],[-101.75752,35.61941],[-101.75654,35.61959],[-101.75489,35.61854],[-101.75531,35.61677],[-101.75475,35.61563],[-101.75512,35.61474],[-101.75481,35.61364],[-101.75341,35.61357],[-101.75268,35.61432],[-101.74946,35.61254],[-101.74868,35.61353],[-101.74817,35.61296],[-101.74859,35.61174],[-101.74828,35.61138],[-101.74635,35.61298],[-101.74671,35.61094],[-101.74584,35.60998],[-101.74453,35.61069],[-101.7441,35.60941],[-101.74531,35.60886],[-101.74536,35.6077],[-101.74685,35.60751],[-101.74788,35.60605],[-101.74474,35.60493],[-101.74424,35.60545],[-101.74542,35.60673],[-101.74357,35.60683],[-101.74205,35.60763],[-101.74225,35.60697],[-101.74357,35.60616],[-101.74309,35.60429],[-101.74233,35.60534],[-101.74155,35.6053],[-101.74205,35.60456],[-101.74174,35.60335],[-101.74333,35.60188],[-101.74079,35.60186],[-101.74062,35.60324],[-101.73989,35.60344],[-101.73927,35.60251],[-101.73955,35.60097],[-101.73865,35.60036],[-101.73798,35.60162],[-101.73801,35.60308],[-101.73754,35.60324],[-101.73633,35.60132],[-101.73532,35.60111],[-101.73465,35.60013],[-101.73484,35.59935],[-101.73375,35.59906],[-101.73344,35.59816],[-101.73285,35.59894],[-101.73167,35.5981],[-101.73122,35.59833],[-101.73151,35.59924],[-101.73277,35.59965],[-101.73179,35.60071],[-101.73322,35.60128],[-101.73216,35.60247],[-101.73266,35.60297],[-101.73358,35.60265],[-101.73437,35.60295],[-101.73345,35.6067],[-101.73449,35.60835],[-101.73645,35.60926],[-101.73676,35.6099],[-101.73458,35.61034],[-101.73374,35.61224],[-101.73312,35.61256],[-101.73233,35.61045],[-101.73306,35.60885],[-101.73031,35.60757],[-101.73003,35.60664],[-101.72863,35.606],[-101.72664,35.60321],[-101.72333,35.60385],[-101.72204,35.60291],[-101.72126,35.60321],[-101.72128,35.60397],[-101.72283,35.6055],[-101.7212,35.60543],[-101.72084,35.60607],[-101.7228,35.60721],[-101.72123,35.60852],[-101.72065,35.61131],[-101.72001,35.61175],[-101.72028,35.60898],[-101.71927,35.60724],[-101.71723,35.60813],[-101.7189,35.6052],[-101.71876,35.60475],[-101.71666,35.6025],[-101.71568,35.60257],[-101.7136,35.60159],[-101.71484,35.60047],[-101.70898,35.60235],[-101.70775,35.60345],[-101.7075,35.60439],[-101.70784,35.60485],[-101.70652,35.60659],[-101.707,35.60798],[-101.70678,35.60903],[-101.70826,35.60812],[-101.70904,35.60823],[-101.70834,35.6089],[-101.70843,35.60983],[-101.70759,35.61006],[-101.70675,35.61135],[-101.70697,35.61235],[-101.7091,35.61187],[-101.70995,35.61228],[-101.70841,35.61331],[-101.70885,35.61448],[-101.7067,35.61489],[-101.70611,35.61432],[-101.70336,35.61428],[-101.70081,35.61307],[-101.69795,35.61371],[-101.69666,35.6157],[-101.6958,35.61616],[-101.69793,35.61565],[-101.70017,35.61657],[-101.70146,35.61796],[-101.69981,35.61728],[-101.69804,35.61755],[-101.69759,35.61902],[-101.69681,35.61941],[-101.69462,35.61813],[-101.69159,35.61721],[-101.68775,35.61733],[-101.68571,35.61893],[-101.68568,35.6196],[-101.68722,35.61987],[-101.68899,35.62088],[-101.68905,35.62186],[-101.6861,35.62299],[-101.68353,35.62212],[-101.68218,35.62418],[-101.68308,35.62505],[-101.68485,35.62532],[-101.68549,35.62624],[-101.68681,35.6266],[-101.68779,35.62765],[-101.69037,35.62708],[-101.69197,35.62726],[-101.69401,35.6266],[-101.69309,35.62845],[-101.69082,35.62982],[-101.69096,35.63209],[-101.68844,35.63166],[-101.68813,35.63109],[-101.68751,35.63182],[-101.68614,35.63198],[-101.68429,35.6301],[-101.68261,35.63022],[-101.68053,35.62944],[-101.67913,35.63109],[-101.67939,35.6329],[-101.68272,35.63436],[-101.68505,35.63745],[-101.68673,35.63852],[-101.68716,35.64056],[-101.69072,35.64227],[-101.69263,35.64241],[-101.69167,35.64356],[-101.69184,35.64392],[-101.6956,35.64472],[-101.69731,35.64357],[-101.70056,35.6427],[-101.70258,35.64105],[-101.70717,35.63977],[-101.70521,35.64119],[-101.70339,35.64174],[-101.70188,35.64321],[-101.70244,35.64378],[-101.70679,35.64506],[-101.70729,35.64677],[-101.70407,35.64552],[-101.70292,35.64552],[-101.70017,35.64664],[-101.70003,35.64884],[-101.70118,35.64973],[-101.6999,35.65193],[-101.7008,35.6533],[-101.70055,35.65538],[-101.70167,35.65563],[-101.70257,35.65753],[-101.70007,35.65994],[-101.69951,35.6614],[-101.69839,35.66129],[-101.69839,35.66085],[-101.69976,35.65964],[-101.70055,35.65765],[-101.69906,35.65568],[-101.69895,35.65406],[-101.69698,35.6536],[-101.69729,35.64969],[-101.6965,35.64886],[-101.69322,35.64845],[-101.69216,35.64987],[-101.68997,35.64855],[-101.68834,35.64894],[-101.68764,35.64818],[-101.68778,35.6474],[-101.68657,35.64759],[-101.68587,35.64681],[-101.68587,35.64587],[-101.68444,35.64477],[-101.68318,35.64477],[-101.68284,35.64603],[-101.68153,35.64542],[-101.68032,35.64587],[-101.68152,35.64313],[-101.68085,35.64217],[-101.68026,35.64221],[-101.67903,35.6437],[-101.67726,35.64281],[-101.67735,35.64121],[-101.67664,35.64034],[-101.67319,35.6394],[-101.67213,35.63963],[-101.6714,35.64077],[-101.67154,35.64336],[-101.66762,35.64494],[-101.66902,35.64707],[-101.66829,35.64748],[-101.66476,35.64689],[-101.66299,35.64796],[-101.66314,35.64902],[-101.66558,35.65039],[-101.66541,35.65087],[-101.66311,35.65179],[-101.663,35.65224],[-101.66816,35.65204],[-101.66835,35.65252],[-101.66611,35.65478],[-101.66589,35.6559],[-101.66681,35.6565],[-101.66765,35.65641],[-101.6699,35.65508],[-101.67071,35.65522],[-101.67094,35.65785],[-101.67256,35.65906],[-101.67439,35.65965],[-101.67366,35.66068],[-101.67411,35.66128],[-101.6759,35.66018],[-101.67882,35.6594],[-101.68084,35.65807],[-101.68299,35.65853],[-101.68227,35.65917],[-101.68235,35.65974],[-101.68056,35.65967],[-101.67618,35.66347],[-101.67408,35.66368],[-101.67335,35.66421],[-101.67349,35.66558],[-101.67588,35.66592],[-101.68286,35.66855],[-101.68323,35.66933],[-101.68298,35.6702],[-101.68225,35.67059],[-101.68233,35.6713],[-101.68186,35.67132],[-101.68183,35.66988],[-101.68054,35.66862],[-101.67408,35.66835],[-101.67417,35.67009],[-101.67285,35.67123],[-101.67285,35.66972],[-101.671,35.66799],[-101.67024,35.66645],[-101.67021,35.66526],[-101.66757,35.66332],[-101.66643,35.66346],[-101.66343,35.66765],[-101.66343,35.66863],[-101.66281,35.66872],[-101.66158,35.66707],[-101.66264,35.66508],[-101.6625,35.66346],[-101.66104,35.66254],[-101.65961,35.66273],[-101.6586,35.65973],[-101.65714,35.66],[-101.65392,35.66282],[-101.65313,35.66465],[-101.65212,35.66568],[-101.6528,35.66708],[-101.65255,35.66772],[-101.65148,35.66859],[-101.64806,35.66918],[-101.65204,35.67275],[-101.65005,35.67291],[-101.64848,35.67397],[-101.64792,35.675],[-101.64615,35.67495],[-101.64517,35.67626],[-101.64529,35.67733],[-101.64484,35.67742],[-101.64352,35.67676],[-101.64343,35.67479],[-101.64298,35.67427],[-101.6431,35.67388],[-101.64444,35.67367],[-101.64411,35.67292],[-101.64181,35.67296],[-101.64018,35.67246],[-101.63911,35.6731],[-101.63816,35.67175],[-101.63687,35.6717],[-101.63586,35.67246],[-101.63614,35.67363],[-101.63751,35.67367],[-101.63623,35.67523],[-101.63704,35.67573],[-101.63701,35.67619],[-101.63594,35.67706],[-101.63463,35.67628],[-101.63188,35.67592],[-101.63163,35.67667],[-101.63244,35.67754],[-101.63289,35.67907],[-101.6316,35.67992],[-101.63017,35.67992],[-101.62913,35.68178],[-101.62686,35.68301],[-101.62677,35.68557],[-101.62759,35.68589],[-101.62809,35.68683],[-101.63118,35.68667],[-101.63241,35.68608],[-101.63171,35.6877],[-101.63241,35.68793],[-101.63275,35.68956],[-101.63443,35.69013],[-101.63665,35.68907],[-101.63772,35.69017],[-101.63909,35.68951],[-101.63867,35.68873],[-101.63965,35.68807],[-101.64066,35.68809],[-101.64063,35.68699],[-101.64142,35.68722],[-101.64178,35.68628],[-101.64262,35.6861],[-101.64187,35.68511],[-101.64209,35.68468],[-101.64425,35.6853],[-101.64647,35.68253],[-101.64843,35.68266],[-101.64938,35.68161],[-101.64952,35.68246],[-101.65199,35.68294],[-101.65191,35.68333],[-101.6477,35.68351],[-101.64669,35.68445],[-101.64728,35.6855],[-101.64647,35.68578],[-101.64619,35.68655],[-101.64706,35.68653],[-101.64619,35.6888],[-101.64473,35.68882],[-101.64406,35.68967],[-101.64546,35.69026],[-101.64734,35.68967],[-101.64818,35.69072],[-101.64801,35.69207],[-101.64857,35.69191],[-101.64961,35.69022],[-101.65051,35.69134],[-101.65135,35.69063],[-101.65298,35.69099],[-101.65099,35.69207],[-101.65087,35.69328],[-101.65012,35.69287],[-101.6497,35.69326],[-101.652,35.69378],[-101.65191,35.69431],[-101.64964,35.69415],[-101.64897,35.69585],[-101.64717,35.69603],[-101.64709,35.69827],[-101.64995,35.69804],[-101.65301,35.69896],[-101.65304,35.69971],[-101.65405,35.70022],[-101.65435,35.69735],[-101.65492,35.69747],[-101.6557,35.69676],[-101.65649,35.69722],[-101.6571,35.69639],[-101.65783,35.69733],[-101.65854,35.69694],[-101.65887,35.69557],[-101.66137,35.696],[-101.66241,35.69559],[-101.66274,35.69419],[-101.66409,35.69486],[-101.66572,35.69451],[-101.66622,35.69481],[-101.66555,35.69627],[-101.66443,35.69623],[-101.66322,35.69712],[-101.66168,35.69708],[-101.66185,35.69879],[-101.66297,35.69918],[-101.66258,35.69996],[-101.66115,35.70065],[-101.66095,35.6998],[-101.66,35.70014],[-101.65977,35.69921],[-101.65803,35.70012],[-101.65621,35.70296],[-101.65627,35.70651],[-101.65719,35.70726],[-101.65635,35.70841],[-101.65689,35.70914],[-101.65767,35.70902],[-101.65767,35.70994],[-101.65888,35.70976],[-101.65941,35.71024],[-101.66065,35.71024],[-101.66121,35.71143],[-101.66051,35.71227],[-101.66177,35.71225],[-101.66177,35.71314],[-101.66275,35.71278],[-101.66317,35.71374],[-101.66402,35.71362],[-101.66382,35.71458],[-101.66463,35.71525],[-101.6643,35.71582],[-101.66323,35.71554],[-101.66276,35.71593],[-101.66295,35.71728],[-101.66357,35.71756],[-101.66284,35.71845],[-101.66312,35.71902],[-101.66262,35.72047],[-101.6634,35.72056],[-101.66394,35.71911],[-101.66548,35.71827],[-101.66584,35.71836],[-101.66593,35.71934],[-101.66767,35.71941],[-101.66806,35.71904],[-101.66786,35.71833],[-101.66851,35.71806],[-101.66854,35.71705],[-101.66907,35.71685],[-101.66963,35.71733],[-101.67137,35.71666],[-101.67196,35.71714],[-101.67115,35.71714],[-101.67112,35.7181],[-101.6705,35.7182],[-101.66829,35.7203],[-101.66916,35.72135],[-101.6675,35.7212],[-101.66789,35.7219],[-101.66938,35.72209],[-101.66966,35.72286],[-101.67345,35.72202],[-101.6744,35.72105],[-101.67595,35.72357],[-101.67744,35.72243],[-101.67825,35.72339],[-101.68027,35.72336],[-101.68148,35.72231],[-101.68246,35.72217],[-101.68125,35.72371],[-101.6826,35.72515],[-101.68274,35.72686],[-101.6842,35.72721],[-101.68479,35.72803],[-101.68639,35.72791],[-101.68637,35.72858],[-101.68505,35.72997],[-101.686,35.73162],[-101.68704,35.73219],[-101.68783,35.73199],[-101.69002,35.7297],[-101.69192,35.72953],[-101.69268,35.73022],[-101.69378,35.73013],[-101.69412,35.73233],[-101.69493,35.73281],[-101.69589,35.73264],[-101.69732,35.73443],[-101.69883,35.73475],[-101.69884,35.73511],[-101.69757,35.7355],[-101.6953,35.73415],[-101.69443,35.73427],[-101.69541,35.73635],[-101.69536,35.73724],[-101.69718,35.73857],[-101.69946,35.73914],[-101.70238,35.73854],[-101.70577,35.73911],[-101.7019,35.73967],[-101.70213,35.74248],[-101.70044,35.7407],[-101.69724,35.74129],[-101.69559,35.74129],[-101.69452,35.74079],[-101.69359,35.73928],[-101.69393,35.73848],[-101.6928,35.73493],[-101.69221,35.73459],[-101.69106,35.73507],[-101.69218,35.73375],[-101.69125,35.73226],[-101.6889,35.73363],[-101.68761,35.73503],[-101.68553,35.73574],[-101.68505,35.73412],[-101.68371,35.73396],[-101.6837,35.73286],[-101.68306,35.73238],[-101.68348,35.7313],[-101.68272,35.72991],[-101.68137,35.7292],[-101.6807,35.72764],[-101.67912,35.72611],[-101.67845,35.72593],[-101.67738,35.72666],[-101.67769,35.72867],[-101.67711,35.72925],[-101.67834,35.73048],[-101.67784,35.7311],[-101.67621,35.73064],[-101.6761,35.72934],[-101.6766,35.72838],[-101.67573,35.72783],[-101.67556,35.72716],[-101.67427,35.72733],[-101.675,35.72572],[-101.67345,35.72463],[-101.67275,35.7252],[-101.67121,35.72522],[-101.67149,35.72623],[-101.67023,35.72721],[-101.67025,35.72536],[-101.66955,35.72502],[-101.66835,35.7252],[-101.6679,35.72664],[-101.66742,35.7268],[-101.66706,35.72586],[-101.66795,35.7249],[-101.66776,35.72442],[-101.66694,35.72449],[-101.66607,35.7236],[-101.66484,35.72481],[-101.66262,35.72339],[-101.66262,35.72246],[-101.66091,35.72291],[-101.65925,35.72227],[-101.65863,35.7231],[-101.65883,35.72429],[-101.65698,35.72562],[-101.65667,35.72516],[-101.65726,35.72401],[-101.6551,35.72358],[-101.65628,35.72289],[-101.65692,35.72131],[-101.65546,35.72129],[-101.65476,35.72067],[-101.65465,35.71983],[-101.65279,35.71951],[-101.65279,35.71848],[-101.65117,35.71722],[-101.65159,35.71916],[-101.65066,35.71999],[-101.65164,35.72086],[-101.65049,35.72113],[-101.65047,35.72184],[-101.64853,35.72118],[-101.64659,35.7223],[-101.64758,35.72047],[-101.64581,35.72031],[-101.64676,35.71978],[-101.6464,35.71891],[-101.64732,35.71809],[-101.64513,35.71654],[-101.64625,35.71576],[-101.64819,35.71539],[-101.64606,35.71528],[-101.64432,35.71452],[-101.64625,35.71354],[-101.64485,35.71262],[-101.64763,35.71038],[-101.64768,35.70619],[-101.64608,35.70585],[-101.64532,35.70665],[-101.64437,35.70681],[-101.64328,35.70628],[-101.64252,35.70688],[-101.64156,35.70676],[-101.64328,35.70793],[-101.64353,35.70862],[-101.64095,35.70917],[-101.6382,35.71196],[-101.63688,35.7126],[-101.63595,35.71146],[-101.63407,35.71134],[-101.63419,35.70988],[-101.63506,35.70876],[-101.63461,35.70617],[-101.63808,35.70347],[-101.63766,35.70301],[-101.63533,35.70395],[-101.63396,35.70537],[-101.63332,35.70544],[-101.632,35.70443],[-101.6286,35.70427],[-101.62857,35.70507],[-101.62773,35.70555],[-101.62807,35.70603],[-101.62706,35.70649],[-101.62582,35.70631],[-101.62414,35.70695],[-101.62226,35.70626],[-101.62167,35.70555],[-101.62268,35.705],[-101.62251,35.70363],[-101.62481,35.70171],[-101.62352,35.70164],[-101.62288,35.70045],[-101.62184,35.70114],[-101.62058,35.70066],[-101.62114,35.69947],[-101.62116,35.69764],[-101.62184,35.69704],[-101.62111,35.69647],[-101.62041,35.69464],[-101.61693,35.69214],[-101.61642,35.69269],[-101.61496,35.6926],[-101.61384,35.69359],[-101.61485,35.69603],[-101.61348,35.69759],[-101.6151,35.69738],[-101.61415,35.69807],[-101.61379,35.69901],[-101.60829,35.69951],[-101.60759,35.70063],[-101.60621,35.70123],[-101.60613,35.7018],[-101.60739,35.7032],[-101.6091,35.70338],[-101.60907,35.70491],[-101.61109,35.7069],[-101.61003,35.70773],[-101.61028,35.70885],[-101.60989,35.70956],[-101.61325,35.70995],[-101.61452,35.71064],[-101.61687,35.71006],[-101.61718,35.70933],[-101.61898,35.70864],[-101.61887,35.71183],[-101.61715,35.71235],[-101.6167,35.71405],[-101.61609,35.71462],[-101.61715,35.71562],[-101.61951,35.71553],[-101.62063,35.71594],[-101.62083,35.71652],[-101.61929,35.71675],[-101.6187,35.71764],[-101.62075,35.71768],[-101.62117,35.71844],[-101.62047,35.71947],[-101.62296,35.71903],[-101.62201,35.71979],[-101.62316,35.72018],[-101.62322,35.72086],[-101.62226,35.72137],[-101.62198,35.7224],[-101.62128,35.72169],[-101.62159,35.72064],[-101.6199,35.7208],[-101.61909,35.72141],[-101.61808,35.71979],[-101.61724,35.72027],[-101.61502,35.7199],[-101.61474,35.71903],[-101.61511,35.7186],[-101.61746,35.71757],[-101.61398,35.71462],[-101.6139,35.71382],[-101.61496,35.71313],[-101.61477,35.71272],[-101.61334,35.71313],[-101.61236,35.71533],[-101.61154,35.71331],[-101.60958,35.71361],[-101.60601,35.7107],[-101.60562,35.70899],[-101.60354,35.70617],[-101.59928,35.70466],[-101.59908,35.70745],[-101.60102,35.70926],[-101.60206,35.70931],[-101.6022,35.71025],[-101.59911,35.7118],[-101.59889,35.71313],[-101.59802,35.71391],[-101.59908,35.71535],[-101.60037,35.71617],[-101.59866,35.71686],[-101.59928,35.71935],[-101.60046,35.71993],[-101.60057,35.72109],[-101.5993,35.72157],[-101.5981,35.72112],[-101.59779,35.72176],[-101.59815,35.72302],[-101.59414,35.72247],[-101.59316,35.72265],[-101.59291,35.72347],[-101.59406,35.72464],[-101.59546,35.72464],[-101.59605,35.72389],[-101.5972,35.72375],[-101.59908,35.72439],[-101.59866,35.72512],[-101.60138,35.72572],[-101.59981,35.72581],[-101.59863,35.72688],[-101.5972,35.72638],[-101.59582,35.72659],[-101.59464,35.72791],[-101.59574,35.72858],[-101.59638,35.72972],[-101.59683,35.73251],[-101.59728,35.73299],[-101.59804,35.73288],[-101.59933,35.73407],[-101.6,35.7365],[-101.59975,35.73705],[-101.59885,35.73698],[-101.59776,35.73462],[-101.59638,35.73421],[-101.59588,35.73288],[-101.59414,35.73249],[-101.59484,35.7318],[-101.5947,35.73052],[-101.59521,35.72956],[-101.5945,35.7294],[-101.59358,35.73004],[-101.59251,35.72887],[-101.59046,35.72839],[-101.59164,35.72796],[-101.59167,35.72617],[-101.59027,35.72574],[-101.58906,35.72599],[-101.58867,35.7251],[-101.58909,35.72464],[-101.58766,35.72329],[-101.58757,35.72189],[-101.58872,35.7207],[-101.5926,35.71848],[-101.59288,35.717],[-101.59153,35.71642],[-101.59251,35.7151],[-101.59207,35.71345],[-101.59002,35.71315],[-101.59021,35.71246],[-101.59142,35.71219],[-101.59257,35.71123],[-101.59271,35.70889],[-101.59229,35.70855],[-101.5905,35.70901],[-101.58769,35.71182],[-101.58657,35.71365],[-101.58657,35.71457],[-101.58513,35.71574],[-101.58224,35.71562],[-101.58081,35.71487],[-101.57851,35.71475],[-101.57711,35.71484],[-101.57607,35.71546],[-101.577,35.7166],[-101.57823,35.71706],[-101.57708,35.71802],[-101.57823,35.71965],[-101.58078,35.7204],[-101.57913,35.72249],[-101.58126,35.72262],[-101.58196,35.72354],[-101.58143,35.72429],[-101.58036,35.72427],[-101.58064,35.72523],[-101.57994,35.72626],[-101.58033,35.72743],[-101.57814,35.72743],[-101.57828,35.72949],[-101.57634,35.72841],[-101.57654,35.72743],[-101.57553,35.72633],[-101.57351,35.72594],[-101.57287,35.7253],[-101.57261,35.72287],[-101.57438,35.7223],[-101.57026,35.71786],[-101.56936,35.71756],[-101.56886,35.71628],[-101.56569,35.7158],[-101.56557,35.71616],[-101.56625,35.7163],[-101.56644,35.71687],[-101.56571,35.71816],[-101.56403,35.71818],[-101.56285,35.71939],[-101.56108,35.71964],[-101.56027,35.71939],[-101.56097,35.71838],[-101.55934,35.71717],[-101.5585,35.71783],[-101.55805,35.72005],[-101.55712,35.72037],[-101.55639,35.71987],[-101.5553,35.71698],[-101.54759,35.70767],[-101.54849,35.70719],[-101.5474,35.70677],[-101.54751,35.7062],[-101.55037,35.70577],[-101.55107,35.70508],[-101.55074,35.70208],[-101.54934,35.7008],[-101.55088,35.70055],[-101.55066,35.69998],[-101.5513,35.69934],[-101.55021,35.69778],[-101.54799,35.69666],[-101.54771,35.69535],[-101.54648,35.69492],[-101.54724,35.69435],[-101.54673,35.69345],[-101.54738,35.69267],[-101.5494,35.69261],[-101.54867,35.69178],[-101.54951,35.69103],[-101.54982,35.69167],[-101.55159,35.69167],[-101.55103,35.693],[-101.55178,35.69327],[-101.55266,35.69108],[-101.55431,35.68931],[-101.55423,35.68689],[-101.55516,35.6859],[-101.55457,35.68531],[-101.55488,35.68453],[-101.55603,35.68577],[-101.55586,35.68838],[-101.55605,35.68865],[-101.55684,35.6878],[-101.55796,35.68774],[-101.55802,35.6881],[-101.55695,35.68845],[-101.55799,35.6892],[-101.55597,35.69057],[-101.55454,35.69087],[-101.55498,35.69169],[-101.55484,35.69288],[-101.55414,35.69339],[-101.55428,35.69403],[-101.55349,35.69433],[-101.55493,35.69469],[-101.55405,35.69616],[-101.55534,35.69609],[-101.55537,35.69645],[-101.55445,35.69687],[-101.55425,35.69753],[-101.55596,35.69813],[-101.5572,35.69799],[-101.55784,35.69671],[-101.55815,35.69836],[-101.55902,35.69854],[-101.56011,35.69687],[-101.56129,35.69637],[-101.56208,35.69525],[-101.56244,35.69607],[-101.56211,35.69733],[-101.56098,35.69758],[-101.56124,35.69797],[-101.5607,35.69852],[-101.56163,35.69934],[-101.56045,35.70005],[-101.56121,35.69998],[-101.5614,35.70094],[-101.56337,35.70181],[-101.56351,35.69946],[-101.56457,35.69854],[-101.56469,35.70008],[-101.56544,35.70008],[-101.5648,35.70104],[-101.56598,35.70106],[-101.56536,35.70252],[-101.56586,35.70287],[-101.56676,35.70262],[-101.56763,35.70344],[-101.56847,35.70314],[-101.56786,35.70166],[-101.56811,35.70136],[-101.56934,35.70127],[-101.57038,35.7006],[-101.5717,35.70083],[-101.57442,35.70024],[-101.57655,35.69932],[-101.57919,35.69763],[-101.57863,35.69699],[-101.57482,35.69841],[-101.57445,35.69829],[-101.57482,35.69651],[-101.57386,35.69665],[-101.57327,35.69729],[-101.57327,35.69868],[-101.57153,35.69848],[-101.57111,35.69783],[-101.57136,35.69694],[-101.56996,35.69779],[-101.56912,35.6977],[-101.56965,35.69573],[-101.57052,35.69523],[-101.57044,35.69449],[-101.57187,35.6936],[-101.57151,35.69271],[-101.57229,35.69175],[-101.57162,35.69118],[-101.57131,35.68928],[-101.57168,35.6882],[-101.57496,35.69104],[-101.5758,35.69127],[-101.5765,35.68795],[-101.57754,35.68699],[-101.57936,35.68955],[-101.58136,35.6909],[-101.58209,35.68951],[-101.58427,35.68823],[-101.58582,35.68397],[-101.58759,35.68122],[-101.58854,35.68132],[-101.58913,35.67962],[-101.58975,35.6796],[-101.5909,35.68058],[-101.5925,35.68013],[-101.59278,35.68058],[-101.5893,35.68429],[-101.58879,35.68681],[-101.59011,35.68706],[-101.59552,35.68583],[-101.59892,35.68267],[-101.60158,35.67896],[-101.60156,35.6783],[-101.60072,35.678],[-101.59889,35.67903],[-101.59625,35.67901],[-101.59401,35.67971],[-101.59325,35.67903],[-101.59331,35.67859],[-101.59426,35.67841],[-101.59387,35.67532],[-101.59586,35.67699],[-101.59707,35.67729],[-101.59943,35.67441],[-101.59965,35.67221],[-101.598,35.6693],[-101.59634,35.66775],[-101.59822,35.66768],[-101.59929,35.66688],[-101.60024,35.66779],[-101.60167,35.66752],[-101.60593,35.67242],[-101.60927,35.67278],[-101.61126,35.67123],[-101.61123,35.67079],[-101.60798,35.66891],[-101.60807,35.66834],[-101.60725,35.66784],[-101.60745,35.66692],[-101.60703,35.6664],[-101.60891,35.66708],[-101.61269,35.6672],[-101.61272,35.66647],[-101.61093,35.66388],[-101.61435,35.66392],[-101.61553,35.66335],[-101.61558,35.66283],[-101.61452,35.6618],[-101.6144,35.65951],[-101.61595,35.65818],[-101.61836,35.65868],[-101.61827,35.66077],[-101.61889,35.66088],[-101.61948,35.66058],[-101.61956,35.65951],[-101.6206,35.65868],[-101.62332,35.65852],[-101.62287,35.65722],[-101.62099,35.6569],[-101.62004,35.65523],[-101.61839,35.65521],[-101.61623,35.65681],[-101.61421,35.65637],[-101.61569,35.65429],[-101.61589,35.6504],[-101.61342,35.64912],[-101.61342,35.64873],[-101.61541,35.64809],[-101.61712,35.64818],[-101.61979,35.65035],[-101.62332,35.65038],[-101.62433,35.65097],[-101.625,35.65246],[-101.62632,35.65241],[-101.62806,35.65065],[-101.62786,35.64713],[-101.6268,35.64477],[-101.63022,35.64509],[-101.63207,35.64637],[-101.63291,35.64378],[-101.63493,35.64319],[-101.63557,35.64513],[-101.63824,35.64555],[-101.63922,35.64497],[-101.64014,35.64342],[-101.64213,35.64229],[-101.64104,35.63975],[-101.64238,35.63882],[-101.64269,35.63797],[-101.64594,35.63616],[-101.64729,35.63625],[-101.64443,35.6349],[-101.64219,35.63449],[-101.64647,35.6327],[-101.64922,35.63289],[-101.64967,35.63254],[-101.64849,35.63083],[-101.65062,35.62906],[-101.65076,35.62758],[-101.64897,35.62614],[-101.64771,35.62577],[-101.6486,35.62469],[-101.64846,35.62424],[-101.64622,35.62318],[-101.64824,35.62291],[-101.65286,35.62394],[-101.65135,35.62227],[-101.65039,35.62053],[-101.65037,35.61948],[-101.64807,35.61751],[-101.64675,35.61733],[-101.64339,35.61538],[-101.64308,35.61344],[-101.64125,35.61252],[-101.64111,35.6114],[-101.64165,35.61135],[-101.64184,35.61215],[-101.64406,35.61311],[-101.64521,35.61531],[-101.65006,35.6168],[-101.65381,35.62028],[-101.65379,35.62085],[-101.65558,35.62204],[-101.65749,35.62259],[-101.6576,35.62348],[-101.65682,35.62462],[-101.65715,35.62529],[-101.65939,35.62522],[-101.66231,35.62311],[-101.66169,35.62229],[-101.66077,35.6221],[-101.65934,35.623],[-101.65942,35.62167],[-101.6569,35.61943],[-101.65704,35.61863],[-101.65642,35.61787],[-101.65597,35.61581],[-101.65387,35.61471],[-101.65263,35.61256],[-101.6516,35.61238],[-101.65224,35.6114],[-101.6514,35.60941],[-101.65171,35.60806],[-101.65131,35.60659],[-101.6503,35.60572],[-101.65086,35.60439],[-101.64859,35.60304],[-101.64772,35.60098],[-101.64767,35.59799],[-101.64708,35.59664],[-101.64926,35.59426],[-101.65047,35.59165],[-101.64937,35.59055],[-101.64971,35.5894],[-101.64848,35.58856],[-101.64528,35.58799],[-101.64604,35.58588],[-101.64453,35.5843],[-101.645,35.58407],[-101.64674,35.58494],[-101.64705,35.58712],[-101.64909,35.5875],[-101.65108,35.58892],[-101.65358,35.58901],[-101.65319,35.59107],[-101.65361,35.59215],[-101.65285,35.59355],[-101.65122,35.59446],[-101.65058,35.59561],[-101.65078,35.59652],[-101.65176,35.59744],[-101.65173,35.60055],[-101.65434,35.60371],[-101.65678,35.60458],[-101.65641,35.60689],[-101.65709,35.61151],[-101.66143,35.61403],[-101.66127,35.61535],[-101.66214,35.61586],[-101.66239,35.61428],[-101.66382,35.61194],[-101.66275,35.61128],[-101.66202,35.61235],[-101.6614,35.6111],[-101.6623,35.61059],[-101.66202,35.60929],[-101.66306,35.60862],[-101.66592,35.6081],[-101.66992,35.60798],[-101.67113,35.60725],[-101.67149,35.60656],[-101.67031,35.60587],[-101.67244,35.6045],[-101.6723,35.60336],[-101.67306,35.60251],[-101.67264,35.60146],[-101.6711,35.60217],[-101.67098,35.60107],[-101.67171,35.59986],[-101.67101,35.59935],[-101.6684,35.59999],[-101.66717,35.59983],[-101.66919,35.59894],[-101.66947,35.59819],[-101.66641,35.59684],[-101.66666,35.5956],[-101.66843,35.59615],[-101.67165,35.59528],[-101.67185,35.59473],[-101.67302,35.59477],[-101.67423,35.59404],[-101.67339,35.5937],[-101.67358,35.59212],[-101.67585,35.59342],[-101.67538,35.59228],[-101.67675,35.59244],[-101.67694,35.59182],[-101.67543,35.59111],[-101.67546,35.58992],[-101.6747,35.5891],[-101.67551,35.58816],[-101.67406,35.58756],[-101.67442,35.58685],[-101.67319,35.58626],[-101.67251,35.58388],[-101.67094,35.58365],[-101.66814,35.58455],[-101.66781,35.58429],[-101.66825,35.58342],[-101.67232,35.58191],[-101.67257,35.58015],[-101.67299,35.57994],[-101.67352,35.58212],[-101.67464,35.58379],[-101.67689,35.58575],[-101.67778,35.58543],[-101.67859,35.58692],[-101.67899,35.58534],[-101.67994,35.585],[-101.68044,35.58399],[-101.67854,35.58477],[-101.67803,35.58427],[-101.6782,35.5836],[-101.67758,35.58344],[-101.67803,35.58278],[-101.67736,35.58244],[-101.67823,35.58218],[-101.6791,35.58273],[-101.6787,35.58186],[-101.67991,35.58166],[-101.6775,35.58054],[-101.67741,35.58008],[-101.67851,35.57919],[-101.6771,35.57795],[-101.67834,35.57809],[-101.67862,35.5777],[-101.68058,35.58024],[-101.68173,35.57971],[-101.68184,35.58024],[-101.68302,35.58033],[-101.68201,35.5793],[-101.68296,35.57815],[-101.68083,35.57829],[-101.68139,35.57767],[-101.68027,35.57729],[-101.68139,35.57678],[-101.68013,35.57621],[-101.68108,35.57596],[-101.68119,35.57523],[-101.68254,35.5749],[-101.68284,35.57598],[-101.68369,35.57637],[-101.68321,35.57522],[-101.68388,35.5741],[-101.68707,35.57387],[-101.68707,35.57344],[-101.68508,35.57184],[-101.68505,35.57101],[-101.68601,35.56996],[-101.68348,35.56923],[-101.68175,35.56806],[-101.68194,35.5674],[-101.6832,35.56664],[-101.68236,35.56506],[-101.68306,35.56525],[-101.68385,35.5666],[-101.68289,35.56818],[-101.685,35.56749],[-101.68662,35.56833],[-101.68808,35.5679],[-101.6876,35.57168],[-101.68957,35.57312],[-101.6885,35.57575],[-101.68724,35.57607],[-101.68736,35.57662],[-101.68668,35.5771],[-101.68691,35.5793],[-101.68621,35.57987],[-101.68585,35.58122],[-101.68764,35.57982],[-101.68882,35.58051],[-101.68837,35.58076],[-101.68854,35.58163],[-101.6856,35.58358],[-101.68728,35.58337],[-101.68814,35.58275],[-101.68887,35.58355],[-101.68829,35.5841],[-101.68826,35.58509],[-101.68711,35.58534],[-101.68641,35.58632],[-101.68773,35.58662],[-101.69072,35.58573],[-101.69075,35.58703],[-101.69151,35.58826],[-101.69272,35.58829],[-101.69328,35.58787],[-101.69372,35.58593],[-101.69311,35.58559],[-101.6928,35.58447],[-101.69319,35.58387],[-101.69151,35.58108],[-101.69324,35.58021],[-101.69162,35.58028],[-101.69103,35.57989],[-101.69173,35.57829],[-101.69072,35.57913],[-101.68929,35.57875],[-101.68918,35.57827],[-101.68968,35.57788],[-101.68918,35.57728],[-101.69047,35.57707],[-101.69105,35.57634],[-101.69004,35.5757],[-101.69032,35.57497],[-101.69111,35.57476],[-101.69063,35.57378],[-101.69245,35.57408],[-101.69195,35.573],[-101.69435,35.57147],[-101.6936,35.57437],[-101.69878,35.57235],[-101.69889,35.57274],[-101.69789,35.57311],[-101.69769,35.5738],[-101.6966,35.57419],[-101.69693,35.5754],[-101.69551,35.57519],[-101.69517,35.57611],[-101.69682,35.57654],[-101.69626,35.57746],[-101.69694,35.57853],[-101.69848,35.5781],[-101.69722,35.57684],[-101.69892,35.57657],[-101.69803,35.5757],[-101.69895,35.57581],[-101.69946,35.57524],[-101.70088,35.5756],[-101.70063,35.57755],[-101.70002,35.57853],[-101.70128,35.57801],[-101.70136,35.57718],[-101.70175,35.57711],[-101.70285,35.57736],[-101.70346,35.57832],[-101.7052,35.57789],[-101.70509,35.58043],[-101.70386,35.58178],[-101.70523,35.58363],[-101.70608,35.58631],[-101.707,35.5867],[-101.70921,35.58537],[-101.70961,35.58418],[-101.71078,35.58333],[-101.71011,35.58136],[-101.71103,35.58081],[-101.71134,35.57855],[-101.71251,35.57608],[-101.7152,35.57243],[-101.7176,35.56804],[-101.71832,35.56557],[-101.71961,35.56541],[-101.72101,35.56428],[-101.72202,35.56261],[-101.72196,35.56195],[-101.72644,35.56107],[-101.73316,35.56121],[-101.73439,35.56011],[-101.73406,35.55857],[-101.73288,35.55677],[-101.73313,35.55567],[-101.73229,35.55446],[-101.73324,35.55294],[-101.73256,35.55191],[-101.73525,35.5529],[-101.73508,35.55139],[-101.73376,35.5504],[-101.73544,35.5504],[-101.73466,35.54944],[-101.73578,35.54756],[-101.73468,35.54688],[-101.73499,35.5461],[-101.73387,35.5448],[-101.73247,35.54413],[-101.73179,35.54249],[-101.73036,35.54146],[-101.73042,35.54107],[-101.73157,35.54116],[-101.736,35.54399],[-101.73675,35.5436],[-101.73734,35.54539],[-101.73854,35.54472],[-101.73983,35.54571],[-101.73841,35.54678],[-101.73883,35.54719],[-101.73852,35.54793],[-101.73886,35.54976],[-101.73984,35.55049],[-101.73987,35.55218],[-101.73915,35.55482],[-101.73834,35.55571],[-101.73915,35.55667],[-101.73915,35.55756],[-101.73834,35.55793],[-101.73834,35.55928],[-101.73915,35.55987],[-101.74019,35.5588],[-101.74092,35.56019],[-101.74137,35.55953],[-101.74243,35.55934],[-101.74229,35.55859],[-101.74293,35.55747],[-101.74103,35.55715],[-101.74139,35.55637],[-101.74105,35.55571],[-101.74282,35.55561],[-101.74312,35.55435],[-101.74189,35.55378],[-101.74138,35.55298],[-101.74267,35.55296],[-101.74284,35.55195],[-101.74421,35.55197],[-101.74438,35.55083],[-101.74228,35.55083],[-101.74074,35.54957],[-101.74174,35.54941],[-101.74227,35.54866],[-101.74449,35.54861],[-101.74118,35.54742],[-101.74168,35.54662],[-101.74076,35.54628],[-101.74129,35.54534],[-101.74283,35.54515],[-101.74255,35.54412],[-101.74106,35.54346],[-101.74333,35.54339],[-101.74274,35.54255],[-101.74277,35.54131],[-101.74447,35.54074],[-101.74349,35.54016],[-101.74433,35.53881],[-101.74248,35.539],[-101.74447,35.53501],[-101.74421,35.53419],[-101.74662,35.53387],[-101.74743,35.5349],[-101.74757,35.53352],[-101.7514,35.53178],[-101.75208,35.53105],[-101.75216,35.53006],[-101.75275,35.53011],[-101.75322,35.53132],[-101.75401,35.53176],[-101.75446,35.53102],[-101.75407,35.53048],[-101.75636,35.53034],[-101.75667,35.52904],[-101.75544,35.52736],[-101.75124,35.52704],[-101.75074,35.52628],[-101.74938,35.52725],[-101.74801,35.52636],[-101.74594,35.52682],[-101.74333,35.52657],[-101.74342,35.52616],[-101.74549,35.52591],[-101.74627,35.5252],[-101.74734,35.52551],[-101.74924,35.52524],[-101.74907,35.52423],[-101.75033,35.5246],[-101.75027,35.52363],[-101.75091,35.52329],[-101.75161,35.52489],[-101.75346,35.52482],[-101.75486,35.52391],[-101.75553,35.52501],[-101.75645,35.52444],[-101.75866,35.5259],[-101.75956,35.52577],[-101.75995,35.5249],[-101.75942,35.52341],[-101.75803,35.52176],[-101.75713,35.51936],[-101.75568,35.51871],[-101.7531,35.51912],[-101.75176,35.51871],[-101.75459,35.5181],[-101.75378,35.51775],[-101.754,35.51734],[-101.75904,35.51663],[-101.76479,35.50623],[-101.7632,35.50467],[-101.76172,35.50449],[-101.75836,35.50567],[-101.75514,35.50606],[-101.75158,35.50514],[-101.75654,35.50402],[-101.75861,35.50224],[-101.75842,35.50146],[-101.76032,35.50107],[-101.76066,35.50057],[-101.76444,35.5006],[-101.76522,35.49865],[-101.76757,35.4974],[-101.76674,35.496],[-101.76878,35.49664],[-101.77091,35.49593],[-101.77144,35.49532],[-101.77144,35.49468],[-101.76973,35.49403],[-101.77046,35.49282],[-101.77021,35.49197],[-101.76702,35.489],[-101.76336,35.487],[-101.76202,35.48419],[-101.76194,35.48226],[-101.76261,35.47993],[-101.76119,35.47924],[-101.76083,35.47771],[-101.75937,35.47736],[-101.75991,35.47634],[-101.75974,35.47521],[-101.75672,35.47306],[-101.75538,35.47294],[-101.75376,35.47088],[-101.76097,35.47396],[-101.76309,35.47648],[-101.76432,35.47709],[-101.76572,35.47597],[-101.7657,35.4735],[-101.76757,35.47479],[-101.77037,35.47394],[-101.77079,35.47227],[-101.7723,35.47422],[-101.77328,35.47408],[-101.77655,35.47502],[-101.77837,35.47395],[-101.77857,35.47468],[-101.77999,35.47511],[-101.78344,35.47461],[-101.78651,35.47272],[-101.78705,35.4716],[-101.78618,35.46953],[-101.78725,35.46883],[-101.78744,35.46775],[-101.78646,35.4667],[-101.78641,35.46574],[-101.78523,35.46489],[-101.78496,35.46308],[-101.78619,35.45896],[-101.7846,35.45667],[-101.78625,35.45569],[-101.78798,35.45629],[-101.78966,35.45787],[-101.78946,35.45887],[-101.79103,35.46183],[-101.79203,35.46242],[-101.79229,35.46368],[-101.79346,35.46471],[-101.79259,35.46579],[-101.7927,35.46682],[-101.79178,35.46784],[-101.79164,35.46899],[-101.79049,35.47057],[-101.79116,35.47169],[-101.79743,35.47016],[-101.80252,35.47009],[-101.80979,35.47216],[-101.81043,35.47188],[-101.81018,35.4706],[-101.81069,35.47046],[-101.81284,35.47168],[-101.81208,35.47321],[-101.81278,35.47397],[-101.81435,35.47426],[-101.8172,35.47367],[-101.81857,35.47273],[-101.8209,35.4685],[-101.82361,35.46573],[-101.82459,35.46594],[-101.82518,35.46511],[-101.82641,35.46482],[-101.82798,35.46527],[-101.82938,35.46482],[-101.83083,35.46276],[-101.83466,35.46239],[-101.83539,35.46132],[-101.83405,35.46006],[-101.83478,35.45958],[-101.83536,35.45782],[-101.83425,35.45468],[-101.83497,35.45477],[-101.83604,35.45724],[-101.83671,35.45731],[-101.83545,35.45523],[-101.83578,35.45349],[-101.83651,35.45383],[-101.83687,35.45546],[-101.83861,35.45724],[-101.83838,35.45924],[-101.84009,35.46059],[-101.8407,35.46205],[-101.84311,35.46207],[-101.843,35.4631],[-101.84641,35.46287],[-101.84703,35.46372],[-101.85133,35.46468],[-101.85603,35.46386],[-101.85586,35.46521],[-101.85746,35.4648],[-101.85777,35.46354],[-101.85914,35.46256],[-101.85984,35.46276],[-101.85986,35.46391],[-101.86045,35.464],[-101.86126,35.46262],[-101.86266,35.46182],[-101.86635,35.4634],[-101.86658,35.46713],[-101.86733,35.46784],[-101.87424,35.4678],[-101.88009,35.46846],[-101.88196,35.4666],[-101.88238,35.46473],[-101.88196,35.46319],[-101.87964,35.45988],[-101.87771,35.45592],[-101.87732,35.45425],[-101.87997,35.45274],[-101.88067,35.4512]],[[-101.77021,35.49708],[-101.76951,35.49779],[-101.77037,35.49847],[-101.77186,35.49776],[-101.77169,35.49735],[-101.77021,35.49708]],[[-101.76844,35.49904],[-101.76824,35.49955],[-101.76984,35.49955],[-101.76973,35.49918],[-101.76844,35.49904]],[[-101.75895,35.52078],[-101.75892,35.5216],[-101.76043,35.52323],[-101.76116,35.52485],[-101.7611,35.52632],[-101.75998,35.52849],[-101.76154,35.53208],[-101.75767,35.53647],[-101.75714,35.53595],[-101.75773,35.5354],[-101.75776,35.53446],[-101.75669,35.53421],[-101.75675,35.53499],[-101.75593,35.5354],[-101.75534,35.53654],[-101.75641,35.53782],[-101.7559,35.53878],[-101.75302,35.53798],[-101.75137,35.53864],[-101.75142,35.5397],[-101.75327,35.5397],[-101.75237,35.54063],[-101.75203,35.54182],[-101.74943,35.54176],[-101.74801,35.54478],[-101.747,35.54558],[-101.74698,35.54648],[-101.746,35.54712],[-101.74645,35.54842],[-101.74508,35.55019],[-101.74561,35.5516],[-101.74461,35.55323],[-101.74494,35.55492],[-101.74425,35.5568],[-101.74551,35.55783],[-101.74604,35.55984],[-101.74431,35.56174],[-101.73851,35.56198],[-101.73734,35.56136],[-101.737,35.5593],[-101.73616,35.55853],[-101.73624,35.55718],[-101.73582,35.55686],[-101.73534,35.55853],[-101.73591,35.5607],[-101.73454,35.56194],[-101.7305,35.56251],[-101.72597,35.56226],[-101.72378,35.56323],[-101.71967,35.56678],[-101.71763,35.57005],[-101.71609,35.57163],[-101.71212,35.57843],[-101.71067,35.58459],[-101.70983,35.58583],[-101.70698,35.58773],[-101.70555,35.58773],[-101.70445,35.58716],[-101.70381,35.58427],[-101.70199,35.58448],[-101.70156,35.58311],[-101.70173,35.58155],[-101.70016,35.58201],[-101.70008,35.5803],[-101.6982,35.57979],[-101.69817,35.58087],[-101.6977,35.58078],[-101.69517,35.57904],[-101.69456,35.5797],[-101.69464,35.58103],[-101.69392,35.58256],[-101.69501,35.58405],[-101.69487,35.58588],[-101.69417,35.58732],[-101.69451,35.5884],[-101.69305,35.5892],[-101.68958,35.58916],[-101.68924,35.5903],[-101.69053,35.59087],[-101.68922,35.59152],[-101.68706,35.59127],[-101.68597,35.59067],[-101.68512,35.58911],[-101.68515,35.5877],[-101.68465,35.58772],[-101.6835,35.58896],[-101.68325,35.59049],[-101.68359,35.59152],[-101.68317,35.59246],[-101.68224,35.59303],[-101.68333,35.59342],[-101.68252,35.59411],[-101.68247,35.59509],[-101.68151,35.59534],[-101.68051,35.59498],[-101.67989,35.59553],[-101.67992,35.5942],[-101.67933,35.59415],[-101.67706,35.5969],[-101.67546,35.59718],[-101.67485,35.59933],[-101.67373,35.60004],[-101.6734,35.60489],[-101.67309,35.60564],[-101.67214,35.60597],[-101.6725,35.60674],[-101.67225,35.60752],[-101.66928,35.60876],[-101.66936,35.6099],[-101.66631,35.60906],[-101.6632,35.60977],[-101.66474,35.61251],[-101.66331,35.61421],[-101.66292,35.61613],[-101.66225,35.61695],[-101.66245,35.61778],[-101.66146,35.61755],[-101.6604,35.61508],[-101.66048,35.61421],[-101.65731,35.61288],[-101.65616,35.61169],[-101.65597,35.60879],[-101.65448,35.60796],[-101.65538,35.60716],[-101.65468,35.60609],[-101.65454,35.60469],[-101.6517,35.60243],[-101.65095,35.60091],[-101.65002,35.60103],[-101.65008,35.60277],[-101.65134,35.60382],[-101.6542,35.61384],[-101.65645,35.6154],[-101.65802,35.61913],[-101.65964,35.62126],[-101.66253,35.62203],[-101.66295,35.62316],[-101.65858,35.62632],[-101.65687,35.62609],[-101.65595,35.62506],[-101.65645,35.62325],[-101.65449,35.62229],[-101.65182,35.61922],[-101.64894,35.61723],[-101.65135,35.61968],[-101.65253,35.62259],[-101.65379,35.62371],[-101.65297,35.62476],[-101.65096,35.62394],[-101.64953,35.62405],[-101.64981,35.62483],[-101.64925,35.62538],[-101.65171,35.62751],[-101.65096,35.63037],[-101.65093,35.63259],[-101.6451,35.63399],[-101.64552,35.6346],[-101.64748,35.63497],[-101.64852,35.63627],[-101.64847,35.63685],[-101.64373,35.63829],[-101.64429,35.63939],[-101.64227,35.63987],[-101.64289,35.64069],[-101.64281,35.64275],[-101.64023,35.64429],[-101.64003,35.64541],[-101.63894,35.64598],[-101.63787,35.64628],[-101.6351,35.64589],[-101.63445,35.64447],[-101.63339,35.64477],[-101.63336,35.64564],[-101.63232,35.64692],[-101.62845,35.64578],[-101.6291,35.64713],[-101.6287,35.65097],[-101.62736,35.65239],[-101.62778,35.65335],[-101.62741,35.65381],[-101.6261,35.65319],[-101.6243,35.65324],[-101.62436,35.6525],[-101.62315,35.65127],[-101.61939,35.65086],[-101.61707,35.64916],[-101.61547,35.64903],[-101.61659,35.6501],[-101.61656,35.65141],[-101.61802,35.65175],[-101.61684,35.65241],[-101.61665,35.65436],[-101.61578,35.65562],[-101.6192,35.65385],[-101.6206,35.65461],[-101.62161,35.65612],[-101.62332,35.65683],[-101.62408,35.65788],[-101.62405,35.65862],[-101.62026,35.65965],[-101.61968,35.66111],[-101.61906,35.66143],[-101.61771,35.66102],[-101.6171,35.65923],[-101.61536,35.65914],[-101.61527,35.66154],[-101.61623,35.66344],[-101.61435,35.66459],[-101.61182,35.66436],[-101.61323,35.66603],[-101.61348,35.66733],[-101.61179,35.66809],[-101.60832,35.66759],[-101.61048,35.66953],[-101.61143,35.66944],[-101.61171,35.67049],[-101.61264,35.67074],[-101.61266,35.6712],[-101.60776,35.67411],[-101.60478,35.67269],[-101.60425,35.67136],[-101.60159,35.66949],[-101.60122,35.66864],[-101.60007,35.66873],[-101.59948,35.66816],[-101.59791,35.66839],[-101.59889,35.66923],[-101.59982,35.67122],[-101.60072,35.67164],[-101.60004,35.67466],[-101.60049,35.67589],[-101.59931,35.67566],[-101.59926,35.67635],[-101.59811,35.67766],[-101.59662,35.67777],[-101.59474,35.67715],[-101.59508,35.67825],[-101.59446,35.67894],[-101.59853,35.67839],[-101.60102,35.67722],[-101.60181,35.67722],[-101.60254,35.67807],[-101.60046,35.6815],[-101.59651,35.68585],[-101.59415,35.68745],[-101.59235,35.68727],[-101.58854,35.68804],[-101.58789,35.68667],[-101.58826,35.68484],[-101.5902,35.6823],[-101.59137,35.6815],[-101.58966,35.68063],[-101.58703,35.68331],[-101.58523,35.68813],[-101.58441,35.68907],[-101.58276,35.68969],[-101.58234,35.69111],[-101.58133,35.69129],[-101.57922,35.69061],[-101.57729,35.68841],[-101.57676,35.68893],[-101.57698,35.69134],[-101.57645,35.69177],[-101.57367,35.69147],[-101.57257,35.68976],[-101.57199,35.68966],[-101.57283,35.6917],[-101.57283,35.69342],[-101.57128,35.69635],[-101.57212,35.69685],[-101.57515,35.69541],[-101.57614,35.6955],[-101.57529,35.69726],[-101.57872,35.69617],[-101.57998,35.69676],[-101.57995,35.69793],[-101.57526,35.7009],[-101.56901,35.70193],[-101.5694,35.7031],[-101.56819,35.70388],[-101.56522,35.70317],[-101.56381,35.70216],[-101.56286,35.7036],[-101.56513,35.70513],[-101.56544,35.70605],[-101.56454,35.7071],[-101.56185,35.70802],[-101.55966,35.70763],[-101.55724,35.70852],[-101.55598,35.70792],[-101.5573,35.70502],[-101.55902,35.70319],[-101.55944,35.7],[-101.55837,35.70019],[-101.55742,35.70248],[-101.55652,35.70307],[-101.55545,35.70282],[-101.5538,35.70057],[-101.55366,35.7],[-101.55456,35.69922],[-101.55332,35.69796],[-101.55318,35.69613],[-101.55262,35.69536],[-101.55406,35.69259],[-101.55389,35.69108],[-101.55451,35.69039],[-101.55358,35.6906],[-101.55347,35.69211],[-101.55215,35.69366],[-101.55061,35.69366],[-101.55153,35.69538],[-101.55156,35.69641],[-101.54982,35.69625],[-101.55184,35.69883],[-101.55122,35.7013],[-101.55194,35.70547],[-101.55155,35.70664],[-101.54883,35.70858],[-101.55045,35.70915],[-101.55107,35.71064],[-101.55623,35.71696],[-101.55707,35.7171],[-101.55682,35.71838],[-101.55738,35.71829],[-101.55839,35.71655],[-101.56409,35.71632],[-101.56487,35.71539],[-101.569,35.71575],[-101.57326,35.7202],[-101.57461,35.72104],[-101.57584,35.72404],[-101.57677,35.72445],[-101.57635,35.72578],[-101.57747,35.72752],[-101.57809,35.72656],[-101.5775,35.72546],[-101.57772,35.72464],[-101.57893,35.72416],[-101.57814,35.72267],[-101.57873,35.72098],[-101.57632,35.71864],[-101.57694,35.71718],[-101.57514,35.71605],[-101.57512,35.71539],[-101.57829,35.71434],[-101.58182,35.71448],[-101.58281,35.71496],[-101.58567,35.71439],[-101.5869,35.71109],[-101.59086,35.70807],[-101.59285,35.70805],[-101.59344,35.70855],[-101.59383,35.71052],[-101.59226,35.71226],[-101.59263,35.71398],[-101.59347,35.71521],[-101.5933,35.71828],[-101.59018,35.72036],[-101.58917,35.72166],[-101.58895,35.7234],[-101.59024,35.7248],[-101.59344,35.72629],[-101.59223,35.72695],[-101.59231,35.72791],[-101.59377,35.72878],[-101.5949,35.72883],[-101.59355,35.7275],[-101.59546,35.72581],[-101.59285,35.72464],[-101.59201,35.72292],[-101.59319,35.72183],[-101.59633,35.72173],[-101.59874,35.72013],[-101.59799,35.71688],[-101.59844,35.71574],[-101.59748,35.71423],[-101.59838,35.71171],[-101.60077,35.71004],[-101.59852,35.70784],[-101.59835,35.7051],[-101.59911,35.70404],[-101.60267,35.705],[-101.60408,35.70587],[-101.60517,35.70709],[-101.60683,35.71052],[-101.60966,35.71269],[-101.6123,35.71308],[-101.61401,35.7121],[-101.61558,35.7124],[-101.61581,35.71297],[-101.61471,35.71455],[-101.61628,35.71567],[-101.61527,35.71427],[-101.61614,35.71368],[-101.61626,35.71171],[-101.6171,35.71098],[-101.61471,35.71123],[-101.61292,35.71054],[-101.61115,35.71082],[-101.60916,35.70977],[-101.60904,35.70761],[-101.60986,35.70686],[-101.6086,35.70523],[-101.60834,35.70402],[-101.60646,35.70324],[-101.60503,35.70148],[-101.6068,35.70036],[-101.60739,35.6991],[-101.61289,35.69823],[-101.61258,35.69706],[-101.61356,35.69606],[-101.61337,35.69569],[-101.60756,35.69546],[-101.60851,35.69274],[-101.61025,35.69256],[-101.61219,35.69118],[-101.61421,35.69189],[-101.61701,35.69093],[-101.61799,35.69118],[-101.62156,35.69471],[-101.62268,35.69761],[-101.62422,35.69608],[-101.62481,35.69471],[-101.62633,35.69521],[-101.62608,35.6996],[-101.62784,35.6991],[-101.62846,35.70079],[-101.62619,35.70212],[-101.62608,35.70262],[-101.6297,35.70201],[-101.62989,35.701],[-101.63129,35.7007],[-101.63202,35.69892],[-101.633,35.69857],[-101.63441,35.70022],[-101.63427,35.70178],[-101.63379,35.70223],[-101.63447,35.70301],[-101.63719,35.70052],[-101.63834,35.7001],[-101.63918,35.70029],[-101.64058,35.70248],[-101.64067,35.70418],[-101.63809,35.70706],[-101.63943,35.70651],[-101.64061,35.70688],[-101.64078,35.70567],[-101.64378,35.70386],[-101.64625,35.70436],[-101.65063,35.70644],[-101.65167,35.70754],[-101.65063,35.70965],[-101.65251,35.71145],[-101.6515,35.71328],[-101.64985,35.71397],[-101.64923,35.71656],[-101.65004,35.71647],[-101.65055,35.71482],[-101.65142,35.71436],[-101.65223,35.71431],[-101.65473,35.7155],[-101.65885,35.71497],[-101.65942,35.71589],[-101.65748,35.71779],[-101.65748,35.7209],[-101.65962,35.72166],[-101.66472,35.72163],[-101.66411,35.72101],[-101.66009,35.72111],[-101.65869,35.72054],[-101.65824,35.71951],[-101.65858,35.71882],[-101.6611,35.71676],[-101.66188,35.71461],[-101.66006,35.71296],[-101.65613,35.71326],[-101.65574,35.71294],[-101.65582,35.71157],[-101.65683,35.71035],[-101.65512,35.70788],[-101.65531,35.70461],[-101.65439,35.70369],[-101.65433,35.70269],[-101.65576,35.70143],[-101.65705,35.69859],[-101.65624,35.6987],[-101.65419,35.70111],[-101.65276,35.70173],[-101.65158,35.70131],[-101.65091,35.70186],[-101.6497,35.70196],[-101.64883,35.70118],[-101.64981,35.70024],[-101.64855,35.70001],[-101.64776,35.70097],[-101.64673,35.70106],[-101.64501,35.69939],[-101.64552,35.69797],[-101.64425,35.69571],[-101.64223,35.69466],[-101.64052,35.69438],[-101.64103,35.69269],[-101.64184,35.69205],[-101.64644,35.69317],[-101.64622,35.69264],[-101.64445,35.69223],[-101.64495,35.69115],[-101.64355,35.69065],[-101.64215,35.6909],[-101.64349,35.68919],[-101.64347,35.68791],[-101.64453,35.6863],[-101.64257,35.6874],[-101.6424,35.68848],[-101.64027,35.6896],[-101.6387,35.69136],[-101.63682,35.69187],[-101.63629,35.69129],[-101.63303,35.69088],[-101.63191,35.69006],[-101.6307,35.68903],[-101.63109,35.68759],[-101.62778,35.68738],[-101.62711,35.68612],[-101.62383,35.68544],[-101.62363,35.6848],[-101.62411,35.68406],[-101.62579,35.68454],[-101.6263,35.68244],[-101.62851,35.68109],[-101.62969,35.67942],[-101.63193,35.67878],[-101.6312,35.67713],[-101.63134,35.67553],[-101.63308,35.67495],[-101.63328,35.6755],[-101.63541,35.67592],[-101.63561,35.67424],[-101.63491,35.67299],[-101.63564,35.67164],[-101.63802,35.67113],[-101.63942,35.67177],[-101.64085,35.67099],[-101.64122,35.67244],[-101.64298,35.67198],[-101.64486,35.67301],[-101.64528,35.67406],[-101.64413,35.67488],[-101.64492,35.67552],[-101.64582,35.67424],[-101.64691,35.67427],[-101.6498,35.6723],[-101.64876,35.67166],[-101.64699,35.66932],[-101.6484,35.66831],[-101.65106,35.6676],[-101.65145,35.66694],[-101.65128,35.6658],[-101.65389,35.6617],[-101.6575,35.65895],[-101.65944,35.65964],[-101.65997,35.66172],[-101.66171,35.66202],[-101.66312,35.66318],[-101.66343,35.66449],[-101.6627,35.6668],[-101.66368,35.66639],[-101.66584,35.66293],[-101.66729,35.66277],[-101.67055,35.66444],[-101.67105,35.6651],[-101.67114,35.6667],[-101.67296,35.66911],[-101.67319,35.66819],[-101.67394,35.66773],[-101.67826,35.66782],[-101.6763,35.66668],[-101.67406,35.66675],[-101.67288,35.66606],[-101.6726,35.66423],[-101.67316,35.66341],[-101.67537,35.6632],[-101.67876,35.66052],[-101.67352,35.66203],[-101.67268,35.66066],[-101.67279,35.65981],[-101.67147,35.65956],[-101.67119,35.65881],[-101.67029,35.65853],[-101.66892,35.6597],[-101.66763,35.65902],[-101.66791,35.65819],[-101.66956,35.65693],[-101.66578,35.65716],[-101.66527,35.65506],[-101.66662,35.65341],[-101.66353,35.65332],[-101.66168,35.65247],[-101.66193,35.65092],[-101.6637,35.65066],[-101.66204,35.64911],[-101.66266,35.64748],[-101.66468,35.64609],[-101.66723,35.64666],[-101.66664,35.64506],[-101.66526,35.64405],[-101.66529,35.64336],[-101.66633,35.64343],[-101.66689,35.64236],[-101.66748,35.64242],[-101.66857,35.64382],[-101.67059,35.64299],[-101.6705,35.64057],[-101.6723,35.63876],[-101.67524,35.63919],[-101.67796,35.63871],[-101.67942,35.63915],[-101.68004,35.64008],[-101.67861,35.641],[-101.67858,35.64224],[-101.68121,35.64159],[-101.68211,35.64228],[-101.68186,35.6442],[-101.6834,35.64324],[-101.68898,35.64672],[-101.6972,35.6474],[-101.69793,35.64811],[-101.69844,35.65117],[-101.69897,35.65124],[-101.69905,35.6484],[-101.69686,35.64614],[-101.69818,35.64511],[-101.69742,35.64499],[-101.69521,35.64623],[-101.69134,35.64459],[-101.69061,35.64298],[-101.68814,35.64205],[-101.68626,35.6407],[-101.68505,35.63841],[-101.68149,35.63434],[-101.67846,35.63294],[-101.67809,35.63137],[-101.6798,35.62876],[-101.68202,35.62928],[-101.68381,35.62891],[-101.68662,35.63077],[-101.68978,35.63058],[-101.69006,35.62909],[-101.69144,35.6282],[-101.68737,35.62816],[-101.68159,35.62466],[-101.68137,35.62406],[-101.68215,35.6234],[-101.68282,35.62161],[-101.68392,35.62127],[-101.68602,35.622],[-101.68697,35.62118],[-101.68669,35.62049],[-101.68532,35.62006],[-101.68506,35.61889],[-101.68733,35.61664],[-101.69016,35.61628],[-101.69644,35.61815],[-101.69681,35.61707],[-101.69515,35.61664],[-101.69448,35.61582],[-101.69627,35.61467],[-101.69742,35.61321],[-101.70095,35.61217],[-101.7023,35.61309],[-101.70521,35.61302],[-101.70566,35.61263],[-101.70538,35.61068],[-101.70428,35.60867],[-101.70498,35.60839],[-101.70677,35.60311],[-101.71033,35.60109],[-101.71027,35.60008],[-101.7108,35.59967],[-101.71217,35.5999],[-101.71273,35.59956],[-101.71427,35.59768],[-101.71534,35.59793],[-101.71881,35.60047],[-101.71851,35.59951],[-101.71932,35.59886],[-101.7192,35.59838],[-101.71828,35.59626],[-101.71741,35.59546],[-101.71707,35.59356],[-101.71808,35.59323],[-101.7195,35.5904],[-101.72116,35.5901],[-101.72292,35.59119],[-101.72393,35.5927],[-101.72562,35.59385],[-101.72598,35.59474],[-101.72713,35.59462],[-101.72831,35.59545],[-101.72918,35.59545],[-101.72937,35.59409],[-101.73083,35.59425],[-101.73111,35.59572],[-101.73254,35.59579],[-101.73599,35.59869],[-101.7398,35.59882],[-101.7426,35.59788],[-101.7449,35.59808],[-101.74627,35.59991],[-101.7446,35.6028],[-101.74597,35.60202],[-101.74731,35.59952],[-101.74546,35.59758],[-101.74201,35.59658],[-101.74324,35.59493],[-101.74187,35.59548],[-101.74111,35.59683],[-101.73826,35.5972],[-101.73512,35.59656],[-101.735,35.59523],[-101.73567,35.5948],[-101.73559,35.5942],[-101.73391,35.59379],[-101.73478,35.59249],[-101.73326,35.59304],[-101.7334,35.59205],[-101.73107,35.59107],[-101.73138,35.59011],[-101.73093,35.59004],[-101.72987,35.59112],[-101.7292,35.59023],[-101.72698,35.59087],[-101.72698,35.58735],[-101.72552,35.58577],[-101.72655,35.58387],[-101.72624,35.58231],[-101.72689,35.58087],[-101.72641,35.57872],[-101.72713,35.57732],[-101.72831,35.57647],[-101.72831,35.57515],[-101.72929,35.57437],[-101.73052,35.57492],[-101.73027,35.57389],[-101.73161,35.57373],[-101.73245,35.5743],[-101.73324,35.57384],[-101.73486,35.57391],[-101.73592,35.57324],[-101.74013,35.57392],[-101.73825,35.57315],[-101.73825,35.57246],[-101.74052,35.57184],[-101.7453,35.5695],[-101.75219,35.56739],[-101.75275,35.56629],[-101.75583,35.56563],[-101.7583,35.56369],[-101.76094,35.56241],[-101.76198,35.55895],[-101.76178,35.55783],[-101.7612,35.55733],[-101.76148,35.55659],[-101.76036,35.55655],[-101.75985,35.55586],[-101.76162,35.55447],[-101.76033,35.55405],[-101.76033,35.55337],[-101.75854,35.55387],[-101.75832,35.553],[-101.76056,35.55138],[-101.76518,35.55186],[-101.76498,35.55072],[-101.76697,35.55026],[-101.76818,35.54873],[-101.7698,35.54772],[-101.77112,35.54468],[-101.77199,35.54374],[-101.77158,35.5415],[-101.77239,35.54049],[-101.77166,35.53953],[-101.77033,35.53502],[-101.77066,35.53454],[-101.77265,35.53482],[-101.77268,35.53447],[-101.7705,35.53264],[-101.76972,35.53031],[-101.767,35.52934],[-101.76633,35.52868],[-101.76521,35.52653],[-101.766,35.52174],[-101.76528,35.52161],[-101.76538,35.52385],[-101.76452,35.52442],[-101.76253,35.52382],[-101.75895,35.52078]],[[-101.72054,35.59056],[-101.72034,35.59108],[-101.7213,35.59223],[-101.71939,35.59198],[-101.71914,35.59351],[-101.7204,35.59369],[-101.72032,35.59438],[-101.71884,35.59507],[-101.72038,35.59575],[-101.71957,35.59692],[-101.7208,35.59733],[-101.721,35.5979],[-101.72265,35.59772],[-101.72327,35.59916],[-101.72593,35.59762],[-101.72621,35.59705],[-101.72514,35.59726],[-101.72528,35.59641],[-101.72374,35.59648],[-101.72385,35.59577],[-101.7234,35.5955],[-101.72391,35.59511],[-101.72251,35.5949],[-101.72309,35.59394],[-101.72256,35.59222],[-101.7218,35.59188],[-101.722,35.59129],[-101.72054,35.59056]],[[-101.56073,35.70184],[-101.56056,35.70392],[-101.55958,35.70394],[-101.55969,35.7047],[-101.55834,35.70573],[-101.55868,35.70648],[-101.56075,35.70655],[-101.56151,35.70728],[-101.56482,35.70628],[-101.56451,35.70548],[-101.56263,35.70557],[-101.56308,35.70495],[-101.56207,35.70474],[-101.56221,35.70408],[-101.56148,35.70353],[-101.56171,35.70277],[-101.56073,35.70184]]]},"properties":{"region":"panhandle","name":null,"sqkm":59.38}},{"type":"Feature","geometry":{"type":"Polygon","coordinates":[[[-101.75895,35.52078],[-101.76253,35.52382],[-101.76452,35.52442],[-101.76538,35.52385],[-101.76528,35.52161],[-101.766,35.52174],[-101.76521,35.52653],[-101.76633,35.52868],[-101.767,35.52934],[-101.76972,35.53031],[-101.7705,35.53264],[-101.77268,35.53447],[-101.77265,35.53482],[-101.77066,35.53454],[-101.77033,35.53502],[-101.77166,35.53953],[-101.77239,35.54049],[-101.77158,35.5415],[-101.77199,35.54374],[-101.77112,35.54468],[-101.7698,35.54772],[-101.76818,35.54873],[-101.76697,35.55026],[-101.76498,35.55072],[-101.76518,35.55186],[-101.76056,35.55138],[-101.75832,35.553],[-101.75854,35.55387],[-101.76033,35.55337],[-101.76033,35.55405],[-101.76162,35.55447],[-101.75985,35.55586],[-101.76036,35.55655],[-101.76148,35.55659],[-101.7612,35.55733],[-101.76178,35.55783],[-101.76198,35.55895],[-101.76094,35.56241],[-101.7583,35.56369],[-101.75583,35.56563],[-101.75275,35.56629],[-101.75219,35.56739],[-101.7453,35.5695],[-101.74052,35.57184],[-101.73825,35.57246],[-101.73825,35.57315],[-101.74013,35.57392],[-101.73592,35.57324],[-101.73486,35.57391],[-101.73324,35.57384],[-101.73245,35.5743],[-101.73161,35.57373],[-101.73027,35.57389],[-101.73052,35.57492],[-101.72929,35.57437],[-101.72831,35.57515],[-101.72831,35.57647],[-101.72713,35.57732],[-101.72641,35.57872],[-101.72689,35.58087],[-101.72624,35.58231],[-101.72655,35.58387],[-101.72552,35.58577],[-101.72698,35.58735],[-101.72698,35.59087],[-101.7292,35.59023],[-101.72987,35.59112],[-101.73093,35.59004],[-101.73138,35.59011],[-101.73107,35.59107],[-101.7334,35.59205],[-101.73326,35.59304],[-101.73478,35.59249],[-101.73391,35.59379],[-101.73559,35.5942],[-101.73568,35.5948],[-101.735,35.59523],[-101.73512,35.59656],[-101.73826,35.5972],[-101.74111,35.59683],[-101.74187,35.59548],[-101.74324,35.59493],[-101.74201,35.59658],[-101.74546,35.59758],[-101.74731,35.59952],[-101.74597,35.60202],[-101.7446,35.6028],[-101.74627,35.59991],[-101.7449,35.59808],[-101.7426,35.59788],[-101.7398,35.59882],[-101.73599,35.59869],[-101.73254,35.59579],[-101.73111,35.59572],[-101.73083,35.59425],[-101.72937,35.59409],[-101.72918,35.59545],[-101.72831,35.59545],[-101.72713,35.59462],[-101.72598,35.59474],[-101.72562,35.59385],[-101.72393,35.5927],[-101.72292,35.59119],[-101.72116,35.5901],[-101.7195,35.5904],[-101.71808,35.59323],[-101.71707,35.59356],[-101.71741,35.59546],[-101.71828,35.59626],[-101.7192,35.59838],[-101.71932,35.59886],[-101.71851,35.59951],[-101.71881,35.60047],[-101.71534,35.59793],[-101.71427,35.59768],[-101.71273,35.59956],[-101.71217,35.5999],[-101.7108,35.59967],[-101.71027,35.60008],[-101.71033,35.60109],[-101.70677,35.60311],[-101.70498,35.60839],[-101.70428,35.60867],[-101.70538,35.61068],[-101.70566,35.61263],[-101.70521,35.61302],[-101.7023,35.61309],[-101.70095,35.61217],[-101.69742,35.61321],[-101.69627,35.61467],[-101.69448,35.61582],[-101.69515,35.61664],[-101.69681,35.61707],[-101.69644,35.61815],[-101.69016,35.61628],[-101.68733,35.61665],[-101.68506,35.61889],[-101.68532,35.62006],[-101.68669,35.62049],[-101.68697,35.62118],[-101.68602,35.622],[-101.68392,35.62127],[-101.68282,35.62161],[-101.68215,35.6234],[-101.68137,35.62406],[-101.68159,35.62466],[-101.68737,35.62816],[-101.69144,35.6282],[-101.69006,35.62909],[-101.68978,35.63058],[-101.68662,35.63077],[-101.68381,35.62891],[-101.68202,35.62928],[-101.6798,35.62876],[-101.6781,35.63137],[-101.67846,35.63294],[-101.68149,35.63434],[-101.68505,35.63841],[-101.68626,35.6407],[-101.68814,35.64205],[-101.69061,35.64298],[-101.69134,35.64459],[-101.69521,35.64623],[-101.69742,35.64499],[-101.69818,35.64511],[-101.69686,35.64614],[-101.69905,35.6484],[-101.69897,35.65124],[-101.69844,35.65117],[-101.69793,35.64811],[-101.6972,35.6474],[-101.68898,35.64672],[-101.6834,35.64324],[-101.68186,35.6442],[-101.68211,35.64228],[-101.68121,35.64159],[-101.67858,35.64224],[-101.67861,35.641],[-101.68004,35.64008],[-101.67942,35.63915],[-101.67796,35.63871],[-101.67524,35.63919],[-101.6723,35.63876],[-101.6705,35.64057],[-101.67059,35.64299],[-101.66857,35.64382],[-101.66748,35.64242],[-101.66689,35.64236],[-101.66633,35.64343],[-101.66529,35.64336],[-101.66526,35.64405],[-101.66664,35.64506],[-101.66723,35.64666],[-101.66468,35.64609],[-101.66266,35.64748],[-101.66204,35.64911],[-101.6637,35.65066],[-101.66193,35.65092],[-101.66168,35.65247],[-101.66353,35.65332],[-101.66662,35.65341],[-101.66527,35.65506],[-101.66578,35.65716],[-101.66956,35.65693],[-101.66791,35.65819],[-101.66763,35.65902],[-101.66892,35.6597],[-101.67029,35.65853],[-101.67119,35.65881],[-101.67147,35.65956],[-101.67279,35.65981],[-101.67268,35.66066],[-101.67352,35.66203],[-101.67876,35.66052],[-101.67537,35.6632],[-101.67316,35.66341],[-101.6726,35.66423],[-101.67288,35.66606],[-101.67406,35.66675],[-101.6763,35.66668],[-101.67826,35.66782],[-101.67394,35.66773],[-101.67319,35.66819],[-101.67296,35.66911],[-101.67114,35.6667],[-101.67105,35.6651],[-101.67055,35.66444],[-101.66729,35.66277],[-101.66584,35.66293],[-101.66368,35.66639],[-101.6627,35.6668],[-101.66343,35.66449],[-101.66312,35.66318],[-101.66171,35.66202],[-101.65997,35.66172],[-101.65944,35.65964],[-101.6575,35.65895],[-101.65389,35.6617],[-101.65128,35.6658],[-101.65145,35.66694],[-101.65106,35.6676],[-101.6484,35.66831],[-101.64699,35.66932],[-101.64876,35.67166],[-101.6498,35.6723],[-101.64691,35.67427],[-101.64582,35.67424],[-101.64492,35.67552],[-101.64413,35.67488],[-101.64528,35.67406],[-101.64486,35.67301],[-101.64298,35.67198],[-101.64122,35.67244],[-101.64085,35.67099],[-101.63942,35.67177],[-101.63802,35.67113],[-101.63564,35.67164],[-101.63491,35.67299],[-101.63561,35.67424],[-101.63541,35.67592],[-101.63328,35.6755],[-101.63308,35.67495],[-101.63134,35.67553],[-101.6312,35.67713],[-101.63193,35.67878],[-101.62969,35.67942],[-101.62851,35.68109],[-101.6263,35.68244],[-101.62579,35.68454],[-101.62411,35.68406],[-101.62363,35.6848],[-101.62383,35.68544],[-101.62711,35.68612],[-101.62778,35.68738],[-101.63109,35.68759],[-101.6307,35.68903],[-101.63191,35.69006],[-101.63303,35.69088],[-101.63629,35.69129],[-101.63682,35.69187],[-101.6387,35.69136],[-101.64027,35.6896],[-101.6424,35.68848],[-101.64257,35.6874],[-101.64453,35.6863],[-101.64347,35.68791],[-101.64349,35.68919],[-101.64215,35.6909],[-101.64355,35.69065],[-101.64495,35.69115],[-101.64445,35.69223],[-101.64622,35.69264],[-101.64644,35.69317],[-101.64184,35.69205],[-101.64103,35.69269],[-101.64052,35.69438],[-101.64223,35.69466],[-101.64425,35.69571],[-101.64552,35.69797],[-101.64501,35.69939],[-101.64673,35.70106],[-101.64776,35.70097],[-101.64855,35.70001],[-101.64981,35.70024],[-101.64883,35.70118],[-101.6497,35.70196],[-101.65091,35.70186],[-101.65158,35.70131],[-101.65276,35.70173],[-101.65419,35.70111],[-101.65624,35.6987],[-101.65705,35.69859],[-101.65576,35.70143],[-101.65433,35.70269],[-101.65439,35.70369],[-101.65531,35.70461],[-101.65512,35.70788],[-101.65683,35.71035],[-101.65582,35.71157],[-101.65574,35.71294],[-101.65613,35.71326],[-101.66006,35.71296],[-101.66188,35.71461],[-101.6611,35.71676],[-101.65858,35.71882],[-101.65824,35.71951],[-101.65869,35.72054],[-101.66009,35.72111],[-101.66411,35.72101],[-101.66472,35.72163],[-101.65962,35.72166],[-101.65748,35.7209],[-101.65748,35.71779],[-101.65942,35.71589],[-101.65885,35.71497],[-101.65473,35.7155],[-101.65223,35.71431],[-101.65142,35.71436],[-101.65055,35.71482],[-101.65004,35.71647],[-101.64923,35.71656],[-101.64985,35.71397],[-101.6515,35.71328],[-101.65251,35.71145],[-101.65063,35.70965],[-101.65167,35.70754],[-101.65063,35.70644],[-101.64625,35.70436],[-101.64378,35.70386],[-101.64078,35.70567],[-101.64061,35.70688],[-101.63943,35.70651],[-101.63809,35.70706],[-101.64067,35.70418],[-101.64058,35.70248],[-101.63918,35.70029],[-101.63834,35.7001],[-101.63719,35.70052],[-101.63447,35.70301],[-101.63379,35.70223],[-101.63427,35.70178],[-101.63441,35.70022],[-101.633,35.69857],[-101.63202,35.69892],[-101.63129,35.7007],[-101.62989,35.701],[-101.6297,35.70201],[-101.62608,35.70262],[-101.62619,35.70212],[-101.62846,35.70079],[-101.62784,35.6991],[-101.62608,35.6996],[-101.62633,35.69521],[-101.62481,35.69471],[-101.62422,35.69608],[-101.62268,35.69761],[-101.62156,35.69471],[-101.61799,35.69118],[-101.61701,35.69093],[-101.61421,35.69189],[-101.61219,35.69118],[-101.61025,35.69256],[-101.60851,35.69274],[-101.60756,35.69546],[-101.61337,35.69569],[-101.61356,35.69606],[-101.61258,35.69706],[-101.61289,35.69823],[-101.60739,35.6991],[-101.6068,35.70036],[-101.60503,35.70148],[-101.60646,35.70324],[-101.60834,35.70402],[-101.6086,35.70523],[-101.60986,35.70686],[-101.60904,35.70761],[-101.60916,35.70977],[-101.61115,35.71082],[-101.61292,35.71054],[-101.61471,35.71123],[-101.6171,35.71098],[-101.61626,35.71171],[-101.61614,35.71368],[-101.61527,35.71427],[-101.61628,35.71567],[-101.61471,35.71455],[-101.61581,35.71297],[-101.61558,35.7124],[-101.61401,35.7121],[-101.6123,35.71308],[-101.60966,35.71269],[-101.60683,35.71052],[-101.60517,35.70709],[-101.60408,35.70587],[-101.60267,35.705],[-101.59911,35.70404],[-101.59835,35.7051],[-101.59852,35.70784],[-101.60077,35.71004],[-101.59838,35.71171],[-101.59748,35.71423],[-101.59844,35.71574],[-101.59799,35.71688],[-101.59874,35.72013],[-101.59633,35.72173],[-101.59319,35.72183],[-101.59201,35.72292],[-101.59285,35.72464],[-101.59546,35.72581],[-101.59355,35.7275],[-101.5949,35.72883],[-101.59377,35.72878],[-101.59231,35.72791],[-101.59223,35.72695],[-101.59344,35.72629],[-101.59024,35.7248],[-101.58895,35.7234],[-101.58917,35.72166],[-101.59018,35.72036],[-101.5933,35.71828],[-101.59347,35.71521],[-101.59263,35.71398],[-101.59226,35.71226],[-101.59383,35.71052],[-101.59344,35.70855],[-101.59285,35.70805],[-101.59086,35.70807],[-101.5869,35.71109],[-101.58567,35.71439],[-101.58281,35.71496],[-101.58182,35.71448],[-101.57829,35.71434],[-101.57512,35.71539],[-101.57514,35.71605],[-101.57694,35.71718],[-101.57632,35.71864],[-101.57873,35.72098],[-101.57814,35.72267],[-101.57893,35.72416],[-101.57772,35.72464],[-101.5775,35.72546],[-101.57809,35.72656],[-101.57747,35.72752],[-101.57635,35.72578],[-101.57677,35.72445],[-101.57584,35.72404],[-101.57461,35.72104],[-101.57326,35.7202],[-101.569,35.71575],[-101.56487,35.71539],[-101.56409,35.71632],[-101.55839,35.71655],[-101.55738,35.71829],[-101.55682,35.71838],[-101.55707,35.7171],[-101.55623,35.71696],[-101.55107,35.71064],[-101.55045,35.70915],[-101.54883,35.70858],[-101.55155,35.70664],[-101.55194,35.70547],[-101.55122,35.7013],[-101.55184,35.69883],[-101.54982,35.69625],[-101.55156,35.69641],[-101.55153,35.69538],[-101.55061,35.69366],[-101.55215,35.69366],[-101.55347,35.69211],[-101.55358,35.6906],[-101.55451,35.69039],[-101.55389,35.69108],[-101.55406,35.69259],[-101.55262,35.69536],[-101.55318,35.69613],[-101.55332,35.69796],[-101.55456,35.69922],[-101.55366,35.7],[-101.5538,35.70057],[-101.55545,35.70282],[-101.55652,35.70307],[-101.55742,35.70248],[-101.55837,35.70019],[-101.55944,35.7],[-101.55902,35.70319],[-101.5573,35.70502],[-101.55598,35.70792],[-101.55724,35.70852],[-101.55966,35.70763],[-101.56185,35.70802],[-101.56454,35.7071],[-101.56544,35.70605],[-101.56513,35.70513],[-101.56286,35.7036],[-101.56381,35.70216],[-101.56522,35.70317],[-101.56819,35.70388],[-101.5694,35.7031],[-101.56901,35.70193],[-101.57526,35.7009],[-101.57995,35.69793],[-101.57998,35.69676],[-101.57872,35.69617],[-101.57529,35.69726],[-101.57614,35.6955],[-101.57515,35.69541],[-101.57212,35.69685],[-101.57128,35.69635],[-101.57283,35.69342],[-101.57283,35.6917],[-101.57199,35.68966],[-101.57257,35.68976],[-101.57367,35.69147],[-101.57645,35.69177],[-101.57698,35.69134],[-101.57676,35.68893],[-101.57729,35.68841],[-101.57922,35.69061],[-101.58133,35.69129],[-101.58234,35.69111],[-101.58276,35.68969],[-101.58441,35.68907],[-101.58523,35.68813],[-101.58703,35.68331],[-101.58966,35.68063],[-101.59137,35.6815],[-101.5902,35.6823],[-101.58826,35.68484],[-101.58789,35.68667],[-101.58854,35.68804],[-101.59235,35.68727],[-101.59415,35.68745],[-101.59651,35.68585],[-101.60046,35.6815],[-101.60254,35.67807],[-101.60181,35.67722],[-101.60102,35.67722],[-101.59853,35.67839],[-101.59446,35.67894],[-101.59508,35.67825],[-101.59474,35.67715],[-101.59662,35.67777],[-101.59811,35.67766],[-101.59926,35.67635],[-101.59931,35.67566],[-101.60049,35.67589],[-101.60004,35.67466],[-101.60072,35.67164],[-101.59982,35.67122],[-101.59889,35.66923],[-101.59791,35.66839],[-101.59948,35.66816],[-101.60007,35.66873],[-101.60122,35.66864],[-101.60159,35.66949],[-101.60425,35.67136],[-101.60478,35.67269],[-101.60776,35.67411],[-101.61266,35.6712],[-101.61264,35.67074],[-101.61171,35.67049],[-101.61143,35.66944],[-101.61048,35.66953],[-101.60832,35.66759],[-101.6118,35.66809],[-101.61348,35.66733],[-101.61323,35.66603],[-101.61182,35.66436],[-101.61435,35.66459],[-101.61623,35.66344],[-101.61527,35.66154],[-101.61536,35.65914],[-101.6171,35.65923],[-101.61771,35.66102],[-101.61906,35.66143],[-101.61968,35.66111],[-101.62026,35.65965],[-101.62405,35.65862],[-101.62408,35.65788],[-101.62332,35.65683],[-101.62161,35.65612],[-101.6206,35.65461],[-101.6192,35.65385],[-101.61578,35.65562],[-101.61665,35.65436],[-101.61684,35.65241],[-101.61802,35.65175],[-101.61656,35.65141],[-101.61659,35.6501],[-101.61547,35.64903],[-101.61707,35.64916],[-101.61939,35.65086],[-101.62315,35.65127],[-101.62436,35.6525],[-101.6243,35.65324],[-101.6261,35.65319],[-101.62741,35.65381],[-101.62778,35.65335],[-101.62736,35.65239],[-101.6287,35.65097],[-101.6291,35.64713],[-101.62845,35.64578],[-101.63232,35.64692],[-101.63336,35.64564],[-101.63339,35.64477],[-101.63445,35.64447],[-101.6351,35.64589],[-101.63787,35.64628],[-101.63894,35.64598],[-101.64003,35.64541],[-101.64023,35.64429],[-101.64281,35.64275],[-101.64289,35.64069],[-101.64227,35.63987],[-101.64429,35.63939],[-101.64373,35.63829],[-101.64847,35.63685],[-101.64852,35.63627],[-101.64748,35.63497],[-101.64552,35.6346],[-101.6451,35.63399],[-101.65093,35.63259],[-101.65096,35.63037],[-101.65171,35.62751],[-101.64925,35.62538],[-101.64981,35.62483],[-101.64953,35.62405],[-101.65096,35.62394],[-101.65297,35.62476],[-101.65379,35.62371],[-101.65253,35.62259],[-101.65135,35.61968],[-101.64894,35.61723],[-101.65182,35.61922],[-101.65449,35.62229],[-101.65645,35.62325],[-101.65595,35.62506],[-101.65687,35.62609],[-101.65858,35.62632],[-101.66295,35.62316],[-101.66253,35.62203],[-101.65964,35.62126],[-101.65802,35.61913],[-101.65645,35.6154],[-101.6542,35.61384],[-101.65134,35.60382],[-101.65008,35.60277],[-101.65002,35.60103],[-101.65095,35.60091],[-101.6517,35.60243],[-101.65454,35.60469],[-101.65468,35.60609],[-101.65538,35.60716],[-101.65448,35.60796],[-101.65597,35.60879],[-101.65616,35.61169],[-101.65731,35.61288],[-101.66048,35.61421],[-101.6604,35.61508],[-101.66146,35.61755],[-101.66245,35.61778],[-101.66225,35.61695],[-101.66292,35.61613],[-101.66331,35.61421],[-101.66474,35.61251],[-101.6632,35.60977],[-101.66631,35.60906],[-101.66936,35.6099],[-101.66928,35.60876],[-101.67225,35.60752],[-101.6725,35.60674],[-101.67214,35.60597],[-101.67309,35.60564],[-101.6734,35.60489],[-101.67373,35.60004],[-101.67485,35.59933],[-101.67546,35.59718],[-101.67706,35.5969],[-101.67933,35.59415],[-101.67992,35.5942],[-101.67989,35.59553],[-101.68051,35.59498],[-101.68151,35.59534],[-101.68247,35.59509],[-101.68252,35.59411],[-101.68333,35.59342],[-101.68224,35.59303],[-101.68317,35.59246],[-101.68359,35.59152],[-101.68325,35.59049],[-101.6835,35.58896],[-101.68465,35.58772],[-101.68515,35.5877],[-101.68512,35.58911],[-101.68597,35.59067],[-101.68706,35.59127],[-101.68922,35.59152],[-101.69053,35.59087],[-101.68924,35.5903],[-101.68958,35.58916],[-101.69305,35.5892],[-101.69451,35.5884],[-101.69417,35.58732],[-101.69487,35.58588],[-101.69501,35.58405],[-101.69392,35.58256],[-101.69464,35.58103],[-101.69456,35.5797],[-101.69517,35.57904],[-101.6977,35.58078],[-101.69817,35.58087],[-101.6982,35.57979],[-101.70008,35.5803],[-101.70016,35.58201],[-101.70173,35.58155],[-101.70156,35.58311],[-101.70199,35.58448],[-101.70381,35.58427],[-101.70445,35.58716],[-101.70555,35.58773],[-101.70698,35.58773],[-101.70983,35.58583],[-101.71067,35.58459],[-101.71212,35.57843],[-101.71609,35.57163],[-101.71763,35.57005],[-101.71967,35.56678],[-101.72378,35.56323],[-101.72597,35.56226],[-101.7305,35.56251],[-101.73454,35.56194],[-101.73591,35.5607],[-101.73534,35.55853],[-101.73582,35.55686],[-101.73624,35.55718],[-101.73616,35.55853],[-101.737,35.5593],[-101.73734,35.56136],[-101.73851,35.56198],[-101.74431,35.56174],[-101.74604,35.55984],[-101.74551,35.55783],[-101.74425,35.5568],[-101.74494,35.55492],[-101.74461,35.55323],[-101.74561,35.5516],[-101.74508,35.55019],[-101.74645,35.54842],[-101.746,35.54712],[-101.74698,35.54648],[-101.747,35.54558],[-101.74801,35.54478],[-101.74943,35.54176],[-101.75203,35.54182],[-101.75237,35.54063],[-101.75327,35.5397],[-101.75142,35.5397],[-101.75137,35.53864],[-101.75302,35.53798],[-101.7559,35.53878],[-101.75641,35.53782],[-101.75534,35.53654],[-101.75593,35.5354],[-101.75675,35.53499],[-101.75669,35.53421],[-101.75776,35.53446],[-101.75773,35.5354],[-101.75714,35.53595],[-101.75767,35.53647],[-101.76154,35.53208],[-101.75998,35.52849],[-101.7611,35.52632],[-101.76116,35.52485],[-101.76043,35.52323],[-101.75892,35.5216],[-101.75895,35.52078]],[[-101.69327,35.6136],[-101.69282,35.6138],[-101.69291,35.61435],[-101.69193,35.61426],[-101.69176,35.6149],[-101.69243,35.61589],[-101.69378,35.6155],[-101.69327,35.6136]],[[-101.63109,35.65051],[-101.63025,35.6507],[-101.62949,35.65198],[-101.63201,35.65166],[-101.63109,35.65051]],[[-101.69596,35.58302],[-101.69571,35.58359],[-101.69655,35.58652],[-101.69742,35.58696],[-101.69793,35.58622],[-101.69902,35.58627],[-101.69596,35.58302]]]},"properties":{"region":"panhandle","name":null,"sqkm":65.59}},{"type":"Feature","geometry":{"type":"Polygon","coordinates":[[[-101.57893,35.88423],[-101.57986,35.88437],[-101.58031,35.88512],[-101.58247,35.88609],[-101.58318,35.88693],[-101.58318,35.88936],[-101.58093,35.89101],[-101.57724,35.89066],[-101.57511,35.88796],[-101.5753,35.88711],[-101.57784,35.88551],[-101.57798,35.88476],[-101.57893,35.88423]]]},"properties":{"region":"panhandle","name":null,"sqkm":0.39}},{"type":"Feature","geometry":{"type":"Polygon","coordinates":[[[-101.55016,35.35411],[-101.5518,35.35887],[-101.55382,35.35823],[-101.55488,35.35702],[-101.55465,35.35912],[-101.55625,35.35869],[-101.55597,35.35967],[-101.55742,35.36093],[-101.55745,35.3616],[-101.55677,35.36354],[-101.55565,35.36432],[-101.55085,35.36484],[-101.54934,35.36031],[-101.5496,35.35457],[-101.55016,35.35411]]]},"properties":{"region":"panhandle","name":null,"sqkm":0.48}},{"type":"Feature","geometry":{"type":"Polygon","coordinates":[[[-101.50046,35.4132],[-101.50135,35.41298],[-101.5011,35.41383],[-101.50487,35.41514],[-101.50576,35.41626],[-101.50598,35.41802],[-101.50394,35.42043],[-101.50159,35.42063],[-101.4982,35.41926],[-101.49646,35.41712],[-101.49624,35.41597],[-101.49674,35.41485],[-101.49858,35.41359],[-101.50046,35.4132]]]},"properties":{"region":"panhandle","name":null,"sqkm":0.51}},{"type":"Feature","geometry":{"type":"Polygon","coordinates":[[[-101.59376,35.39578],[-101.59608,35.39713],[-101.59753,35.39683],[-101.60102,35.39937],[-101.60102,35.40137],[-101.59985,35.40207],[-101.59881,35.40365],[-101.59434,35.40388],[-101.59322,35.40326],[-101.59275,35.40168],[-101.59032,35.401],[-101.58959,35.39956],[-101.59018,35.39672],[-101.59376,35.39578]]]},"properties":{"region":"panhandle","name":"Rockwell Lake","sqkm":0.67}},{"type":"Feature","geometry":{"type":"Polygon","coordinates":[[[-101.54672,35.38578],[-101.54703,35.38867],[-101.54842,35.38887],[-101.54686,35.38979],[-101.54661,35.39079],[-101.55055,35.39224],[-101.55069,35.39297],[-101.55194,35.39405],[-101.55197,35.3948],[-101.55096,35.39695],[-101.54926,35.39828],[-101.54481,35.39828],[-101.54347,35.40075],[-101.5431,35.40006],[-101.54319,35.39404],[-101.5442,35.39052],[-101.54328,35.38912],[-101.54225,35.38862],[-101.54474,35.38853],[-101.54672,35.38578]]]},"properties":{"region":"panhandle","name":"Icehouse Lake","sqkm":0.67}},{"type":"Feature","geometry":{"type":"Polygon","coordinates":[[[-101.42215,35.38758],[-101.4269,35.38854],[-101.42785,35.38945],[-101.42749,35.39121],[-101.42543,35.39261],[-101.42199,35.39174],[-101.42067,35.39257],[-101.41941,35.39103],[-101.41799,35.39051],[-101.41723,35.38829],[-101.41804,35.38772],[-101.42215,35.38758]]]},"properties":{"region":"panhandle","name":null,"sqkm":0.4}},{"type":"Feature","geometry":{"type":"Polygon","coordinates":[[[-101.50047,35.37017],[-101.50669,35.37113],[-101.507,35.37234],[-101.508,35.37296],[-101.50769,35.37369],[-101.50831,35.37468],[-101.50598,35.37866],[-101.5047,35.37934],[-101.50313,35.37934],[-101.50251,35.38053],[-101.50123,35.38144],[-101.49901,35.3817],[-101.49548,35.38093],[-101.49367,35.37949],[-101.49232,35.37938],[-101.48924,35.37599],[-101.48893,35.37437],[-101.48974,35.3735],[-101.48896,35.37256],[-101.49053,35.37283],[-101.49156,35.3716],[-101.49298,35.371],[-101.50047,35.37017]]]},"properties":{"region":"panhandle","name":"Pantex Lake","sqkm":1.66}},{"type":"Feature","geometry":{"type":"Polygon","coordinates":[[[-101.41786,35.35853],[-101.42054,35.35867],[-101.4218,35.35974],[-101.4216,35.36082],[-101.42051,35.36157],[-101.42258,35.36311],[-101.42253,35.36535],[-101.42191,35.36643],[-101.42049,35.36691],[-101.41923,35.3665],[-101.41747,35.36274],[-101.41453,35.36206],[-101.41529,35.35947],[-101.41786,35.35853]]]},"properties":{"region":"panhandle","name":null,"sqkm":0.42}},{"type":"Feature","geometry":{"type":"Polygon","coordinates":[[[-101.27846,35.45792],[-101.2805,35.45836],[-101.28293,35.46028],[-101.28251,35.46246],[-101.28077,35.46401],[-101.2785,35.46424],[-101.27568,35.46364],[-101.2721,35.46163],[-101.27191,35.4603],[-101.27238,35.45973],[-101.27619,35.459],[-101.27846,35.45792]]]},"properties":{"region":"panhandle","name":null,"sqkm":0.5}},{"type":"Feature","geometry":{"type":"Polygon","coordinates":[[[-101.28079,35.42297],[-101.28322,35.42354],[-101.28584,35.42577],[-101.2857,35.42693],[-101.28416,35.42897],[-101.28173,35.42965],[-101.27947,35.42867],[-101.27751,35.42647],[-101.2779,35.42411],[-101.28079,35.42297]]]},"properties":{"region":"panhandle","name":null,"sqkm":0.41}},{"type":"Feature","geometry":{"type":"Polygon","coordinates":[[[-101.36449,35.37871],[-101.3665,35.38024],[-101.36675,35.38102],[-101.36572,35.38292],[-101.36368,35.38416],[-101.36175,35.38475],[-101.35932,35.38434],[-101.35781,35.38315],[-101.35666,35.38136],[-101.35725,35.38003],[-101.35797,35.37971],[-101.36449,35.37871]]]},"properties":{"region":"panhandle","name":null,"sqkm":0.42}},{"type":"Feature","geometry":{"type":"Polygon","coordinates":[[[-101.32167,35.37849],[-101.32399,35.37895],[-101.32511,35.38003],[-101.32734,35.3803],[-101.32779,35.38207],[-101.32731,35.38305],[-101.32563,35.38362],[-101.32393,35.38211],[-101.32038,35.3819],[-101.31991,35.38131],[-101.31977,35.37961],[-101.32002,35.37904],[-101.32167,35.37849]]]},"properties":{"region":"panhandle","name":null,"sqkm":0.26}},{"type":"Feature","geometry":{"type":"Polygon","coordinates":[[[-101.28025,35.40184],[-101.28204,35.40326],[-101.28184,35.40608],[-101.28371,35.40926],[-101.28253,35.41123],[-101.2806,35.41141],[-101.27937,35.41072],[-101.27994,35.4045],[-101.27958,35.4025],[-101.28025,35.40184]]]},"properties":{"region":"panhandle","name":null,"sqkm":0.26}},{"type":"Feature","geometry":{"type":"Polygon","coordinates":[[[-101.25044,35.35027],[-101.25222,35.35123],[-101.25175,35.35315],[-101.25102,35.35395],[-101.24735,35.35513],[-101.24609,35.35472],[-101.24533,35.3539],[-101.24508,35.35213],[-101.24611,35.35044],[-101.24815,35.34975],[-101.25044,35.35027]]]},"properties":{"region":"panhandle","name":null,"sqkm":0.29}},{"type":"Feature","geometry":{"type":"Polygon","coordinates":[[[-101.72807,36.11484],[-101.73072,36.11521],[-101.73386,36.11832],[-101.73403,36.11939],[-101.73341,36.12099],[-101.73189,36.12315],[-101.73082,36.12322],[-101.72927,36.12159],[-101.7267,36.12006],[-101.72635,36.11555],[-101.72807,36.11484]]]},"properties":{"region":"panhandle","name":null,"sqkm":0.45}},{"type":"Feature","geometry":{"type":"Polygon","coordinates":[[[-101.41013,36.00005],[-101.41013,35.99956],[-101.41061,35.99949],[-101.4112,36.00036],[-101.41382,36.00162],[-101.41416,36.00379],[-101.41281,36.00477],[-101.41005,36.00512],[-101.40709,36.00377],[-101.40185,36.00441],[-101.4001,36.00395],[-101.39898,36.00311],[-101.39827,36.00036],[-101.39867,35.99982],[-101.40075,35.99934],[-101.40267,35.99952],[-101.40771,36.00148],[-101.41007,36.00093],[-101.41013,36.00005]]]},"properties":{"region":"panhandle","name":null,"sqkm":0.59}},{"type":"Feature","geometry":{"type":"Polygon","coordinates":[[[-101.23561,36.09117],[-101.24016,36.09345],[-101.24058,36.09432],[-101.24016,36.09531],[-101.23782,36.09618],[-101.23466,36.09536],[-101.23339,36.09449],[-101.23299,36.09378],[-101.23316,36.09268],[-101.23437,36.0914],[-101.23561,36.09117]]]},"properties":{"region":"panhandle","name":null,"sqkm":0.26}},{"type":"Feature","geometry":{"type":"Polygon","coordinates":[[[-101.10475,36.11796],[-101.10495,36.11881],[-101.10608,36.11958],[-101.1069,36.12098],[-101.10704,36.12229],[-101.10571,36.12437],[-101.10342,36.12451],[-101.10134,36.12315],[-101.10077,36.12148],[-101.10199,36.12011],[-101.10365,36.11922],[-101.10374,36.11853],[-101.10439,36.11883],[-101.10475,36.11796]]]},"properties":{"region":"panhandle","name":null,"sqkm":0.27}},{"type":"Feature","geometry":{"type":"Polygon","coordinates":[[[-101.11773,36.07422],[-101.11959,36.07573],[-101.1245,36.07561],[-101.12512,36.07644],[-101.12486,36.07882],[-101.12379,36.07962],[-101.12092,36.07989],[-101.11765,36.07838],[-101.11539,36.07644],[-101.11655,36.07449],[-101.11773,36.07422]]]},"properties":{"region":"panhandle","name":null,"sqkm":0.35}},{"type":"Feature","geometry":{"type":"Polygon","coordinates":[[[-101.1272,36.06476],[-101.12971,36.06527],[-101.13093,36.06733],[-101.13059,36.06875],[-101.12619,36.07028],[-101.12391,36.06964],[-101.12264,36.0679],[-101.12275,36.06641],[-101.12489,36.06495],[-101.1272,36.06476]]]},"properties":{"region":"panhandle","name":null,"sqkm":0.36}},{"type":"Feature","geometry":{"type":"Polygon","coordinates":[[[-100.99064,36.09505],[-100.99053,36.09572],[-100.99222,36.09526],[-100.99457,36.09649],[-100.99525,36.0978],[-100.99508,36.09944],[-100.9937,36.10048],[-100.98986,36.1011],[-100.98859,36.09867],[-100.98955,36.09764],[-100.99064,36.09505]]]},"properties":{"region":"panhandle","name":null,"sqkm":0.28}},{"type":"Feature","geometry":{"type":"Polygon","coordinates":[[[-101.00043,36.12759],[-100.99721,36.12823],[-100.99521,36.12798],[-100.99337,36.12705],[-100.99258,36.12577],[-100.99354,36.12451],[-101.00043,36.12317],[-101.00208,36.12386],[-101.00281,36.12514],[-101.00238,36.12617],[-101.00043,36.12759]]]},"properties":{"region":"panhandle","name":null,"sqkm":0.38}},{"type":"Feature","geometry":{"type":"Polygon","coordinates":[[[-100.85739,36.14994],[-100.85959,36.15051],[-100.86089,36.15152],[-100.86083,36.15502],[-100.85708,36.15548],[-100.85496,36.15472],[-100.85386,36.15363],[-100.85471,36.15095],[-100.85635,36.15081],[-100.85739,36.14994]]]},"properties":{"region":"panhandle","name":null,"sqkm":0.32}},{"type":"Feature","geometry":{"type":"Polygon","coordinates":[[[-101.05658,35.46005],[-101.05809,35.46028],[-101.05826,35.46106],[-101.0594,35.46177],[-101.0591,35.4634],[-101.05742,35.46472],[-101.0559,35.46509],[-101.05294,35.46541],[-101.05218,35.46484],[-101.05168,35.46355],[-101.05269,35.46156],[-101.05658,35.46005]]]},"properties":{"region":"panhandle","name":null,"sqkm":0.31}},{"type":"Feature","geometry":{"type":"Polygon","coordinates":[[[-101.06435,35.53282],[-101.06919,35.53282],[-101.0709,35.53376],[-101.07081,35.5355],[-101.07216,35.53502],[-101.0777,35.53514],[-101.07846,35.53498],[-101.0798,35.53365],[-101.07986,35.53525],[-101.08087,35.53738],[-101.08045,35.53933],[-101.07837,35.54063],[-101.07453,35.54145],[-101.07232,35.54015],[-101.0642,35.53827],[-101.06345,35.5376],[-101.06311,35.53572],[-101.06412,35.53465],[-101.06435,35.53282]]]},"properties":{"region":"panhandle","name":"McConnell, Lake","sqkm":1}},{"type":"Feature","geometry":{"type":"Polygon","coordinates":[[[-101.01633,35.44732],[-101.01709,35.44785],[-101.01652,35.45076],[-101.01817,35.45254],[-101.01691,35.45382],[-101.01447,35.4543],[-101.01408,35.45494],[-101.01282,35.45526],[-101.01251,35.45599],[-101.01187,35.45533],[-101.01117,35.4557],[-101.01109,35.45627],[-101.01058,35.45567],[-101.00986,35.45572],[-101.01095,35.45689],[-101.01069,35.45718],[-101.00882,35.45556],[-101.00863,35.454],[-101.01112,35.45245],[-101.0112,35.45174],[-101.01235,35.45078],[-101.01406,35.45055],[-101.01415,35.44977],[-101.01339,35.45011],[-101.01297,35.44981],[-101.01415,35.44872],[-101.0139,35.44789],[-101.01633,35.44732]]]},"properties":{"region":"panhandle","name":"Bell Lake","sqkm":0.42}},{"type":"Feature","geometry":{"type":"Polygon","coordinates":[[[-101.0271,35.37288],[-101.029,35.37311],[-101.02936,35.374],[-101.02743,35.3765],[-101.02382,35.3778],[-101.0186,35.37688],[-101.0191,35.37571],[-101.02299,35.37398],[-101.0271,35.37288]]]},"properties":{"region":"panhandle","name":null,"sqkm":0.32}},{"type":"Feature","geometry":{"type":"Polygon","coordinates":[[[-100.99225,35.34497],[-100.99339,35.34545],[-100.99446,35.34794],[-100.99419,35.35078],[-100.99357,35.35172],[-100.99323,35.34877],[-100.99262,35.34842],[-100.99203,35.34852],[-100.99215,35.35204],[-100.99083,35.3525],[-100.98851,35.35232],[-100.99083,35.34973],[-100.99044,35.34895],[-100.98636,35.35253],[-100.98418,35.35216],[-100.98382,35.35155],[-100.98189,35.3513],[-100.98102,35.35073],[-100.98046,35.3488],[-100.98177,35.34789],[-100.988,35.34525],[-100.98987,35.34575],[-100.99225,35.34497]]]},"properties":{"region":"panhandle","name":"Deep Lake","sqkm":0.72}},{"type":"Feature","geometry":{"type":"Polygon","coordinates":[[[-101.00043,35.94336],[-101.00043,35.93866],[-101.00294,35.9367],[-101.00418,35.93452],[-101.00846,35.93425],[-101.00846,35.93538],[-101.00891,35.93554],[-101.01164,35.93455],[-101.01229,35.93487],[-101.01124,35.93696],[-101.00792,35.93727],[-101.00674,35.93878],[-101.00654,35.94016],[-101.00572,35.94123],[-101.00293,35.94286],[-101.00043,35.94336]]]},"properties":{"region":"panhandle","name":null,"sqkm":0.53}},{"type":"Feature","geometry":{"type":"Polygon","coordinates":[[[-101.15729,35.8512],[-101.15585,35.84843],[-101.15574,35.8461],[-101.1565,35.84431],[-101.15796,35.84312],[-101.16102,35.84214],[-101.1624,35.83969],[-101.16386,35.83827],[-101.16484,35.83799],[-101.16639,35.83916],[-101.1665,35.84124],[-101.16976,35.84053],[-101.17066,35.8409],[-101.17044,35.84211],[-101.16566,35.84337],[-101.1633,35.84532],[-101.1622,35.84559],[-101.16119,35.84648],[-101.16181,35.84822],[-101.16058,35.84985],[-101.15729,35.8512]]]},"properties":{"region":"panhandle","name":null,"sqkm":0.77}},{"type":"Feature","geometry":{"type":"Polygon","coordinates":[[[-101.1547,35.84182],[-101.15486,35.84232],[-101.15259,35.84253],[-101.14944,35.84017],[-101.14713,35.84013],[-101.14435,35.839],[-101.14286,35.83669],[-101.14111,35.83555],[-101.14024,35.83282],[-101.14142,35.83225],[-101.14547,35.8344],[-101.14792,35.83687],[-101.14977,35.83724],[-101.15197,35.8399],[-101.1547,35.84182]]]},"properties":{"region":"panhandle","name":null,"sqkm":0.48}},{"type":"Feature","geometry":{"type":"Polygon","coordinates":[[[-101.21814,35.81466],[-101.22056,35.81358],[-101.22132,35.81399],[-101.22483,35.81376],[-101.2266,35.81472],[-101.22961,35.81479],[-101.23323,35.81258],[-101.23376,35.81265],[-101.22869,35.81991],[-101.222,35.8239],[-101.21445,35.82569],[-101.21354,35.82524],[-101.21337,35.8232],[-101.21393,35.82221],[-101.21334,35.81922],[-101.21385,35.81734],[-101.21522,35.81601],[-101.21814,35.81466]]]},"properties":{"region":"panhandle","name":null,"sqkm":1.5}},{"type":"Feature","geometry":{"type":"Polygon","coordinates":[[[-100.86179,35.65304],[-100.8635,35.65403],[-100.86333,35.65494],[-100.86247,35.6556],[-100.85556,35.65572],[-100.84886,35.65402],[-100.84855,35.65107],[-100.84533,35.65061],[-100.84516,35.64947],[-100.84597,35.64873],[-100.84799,35.64846],[-100.85127,35.6488],[-100.85349,35.65068],[-100.85761,35.65006],[-100.8605,35.65018],[-100.86345,35.65144],[-100.86308,35.65242],[-100.86179,35.65304]]]},"properties":{"region":"panhandle","name":null,"sqkm":0.83}},{"type":"Feature","geometry":{"type":"Polygon","coordinates":[[[-100.66155,35.59992],[-100.66253,35.6006],[-100.66317,35.60239],[-100.66581,35.60292],[-100.66724,35.60369],[-100.66945,35.60255],[-100.67069,35.6012],[-100.67472,35.60161],[-100.67632,35.60312],[-100.67663,35.60529],[-100.6756,35.60674],[-100.67201,35.60784],[-100.66287,35.60537],[-100.65964,35.60301],[-100.66015,35.60095],[-100.66155,35.59992]]]},"properties":{"region":"panhandle","name":null,"sqkm":0.75}},{"type":"Feature","geometry":{"type":"Polygon","coordinates":[[[-100.53618,35.70822],[-100.53615,35.70888],[-100.53449,35.71012],[-100.5346,35.71145],[-100.53303,35.71158],[-100.53143,35.71291],[-100.52915,35.71337],[-100.52921,35.71467],[-100.52806,35.71625],[-100.52634,35.71707],[-100.52109,35.72135],[-100.52083,35.7233],[-100.52187,35.72403],[-100.52681,35.72271],[-100.52763,35.72298],[-100.52735,35.72367],[-100.5256,35.7241],[-100.52451,35.72515],[-100.52204,35.72522],[-100.52189,35.72746],[-100.52119,35.72744],[-100.51993,35.72547],[-100.51791,35.72403],[-100.5151,35.72485],[-100.51381,35.72618],[-100.51005,35.72542],[-100.50983,35.7191],[-100.51343,35.71267],[-100.51397,35.7129],[-100.51413,35.7148],[-100.51306,35.71747],[-100.51399,35.71745],[-100.51635,35.71544],[-100.51756,35.71624],[-100.52025,35.71535],[-100.52638,35.71121],[-100.52823,35.71149],[-100.53081,35.71087],[-100.53337,35.70902],[-100.53618,35.70822]],[[-100.51848,35.71688],[-100.51567,35.71851],[-100.513,35.71915],[-100.51064,35.72033],[-100.51055,35.72489],[-100.51308,35.72441],[-100.51415,35.72279],[-100.51533,35.72229],[-100.51533,35.72155],[-100.51615,35.72084],[-100.51772,35.72107],[-100.51887,35.71977],[-100.51783,35.71885],[-100.51854,35.71782],[-100.51848,35.71688]]]},"properties":{"region":"panhandle","name":null,"sqkm":1.45}},{"type":"Feature","geometry":{"type":"Polygon","coordinates":[[[-100.51056,35.72047],[-100.51851,35.71693],[-100.51854,35.71782],[-100.51783,35.71885],[-100.51884,35.71952],[-100.51876,35.71995],[-100.51752,35.72121],[-100.51615,35.72084],[-100.51558,35.72121],[-100.51533,35.72229],[-100.51415,35.72279],[-100.51308,35.72441],[-100.51055,35.72489],[-100.51056,35.72047]]]},"properties":{"region":"panhandle","name":null,"sqkm":0.32}},{"type":"Feature","geometry":{"type":"Polygon","coordinates":[[[-100.61333,35.6261],[-100.61621,35.6269],[-100.61655,35.62786],[-100.61574,35.6293],[-100.61908,35.62999],[-100.62126,35.62852],[-100.62676,35.62834],[-100.62811,35.62887],[-100.62855,35.63026],[-100.62816,35.63111],[-100.62564,35.63253],[-100.61958,35.63216],[-100.6156,35.63015],[-100.61406,35.63003],[-100.61293,35.6279],[-100.60965,35.62676],[-100.61019,35.6263],[-100.61333,35.6261]]]},"properties":{"region":"panhandle","name":null,"sqkm":0.54}},{"type":"Feature","geometry":{"type":"Polygon","coordinates":[[[-100.82654,35.54156],[-100.82858,35.54273],[-100.82953,35.5444],[-100.82889,35.54738],[-100.82771,35.54806],[-100.82656,35.54774],[-100.82538,35.54843],[-100.82314,35.54811],[-100.8211,35.54708],[-100.81984,35.54575],[-100.81724,35.54526],[-100.8162,35.5441],[-100.81617,35.54364],[-100.81682,35.54334],[-100.82172,35.54366],[-100.82385,35.54234],[-100.82654,35.54156]]]},"properties":{"region":"panhandle","name":null,"sqkm":0.55}},{"type":"Feature","geometry":{"type":"Polygon","coordinates":[[[-100.75043,35.55516],[-100.7545,35.55648],[-100.75575,35.55754],[-100.75676,35.55672],[-100.75584,35.55543],[-100.75604,35.55477],[-100.7589,35.55589],[-100.75898,35.55518],[-100.75727,35.55321],[-100.75728,35.55085],[-100.75798,35.55163],[-100.75921,35.55159],[-100.76352,35.55427],[-100.76425,35.55668],[-100.76595,35.55769],[-100.7657,35.55981],[-100.76337,35.56281],[-100.75883,35.56203],[-100.75245,35.5587],[-100.75144,35.55614],[-100.74953,35.55535],[-100.75043,35.55516]]]},"properties":{"region":"panhandle","name":null,"sqkm":0.9}},{"type":"Feature","geometry":{"type":"Polygon","coordinates":[[[-100.6925,35.54331],[-100.69438,35.54475],[-100.69349,35.54784],[-100.69169,35.5483],[-100.68945,35.54782],[-100.68769,35.54576],[-100.68805,35.5442],[-100.6925,35.54331]]]},"properties":{"region":"panhandle","name":null,"sqkm":0.26}},{"type":"Feature","geometry":{"type":"Polygon","coordinates":[[[-100.69405,35.54944],[-100.69867,35.55122],[-100.70223,35.54964],[-100.70851,35.55012],[-100.70952,35.5508],[-100.70991,35.55264],[-100.70927,35.55426],[-100.70784,35.55564],[-100.704,35.55626],[-100.70218,35.5558],[-100.70072,35.55601],[-100.69722,35.55413],[-100.69245,35.55011],[-100.69256,35.54953],[-100.69405,35.54944]]]},"properties":{"region":"panhandle","name":null,"sqkm":0.78}},{"type":"Feature","geometry":{"type":"Polygon","coordinates":[[[-100.69353,35.56835],[-100.69536,35.56934],[-100.69597,35.57069],[-100.69553,35.57266],[-100.69345,35.57387],[-100.6904,35.57257],[-100.68925,35.57131],[-100.68925,35.57064],[-100.6902,35.56964],[-100.69353,35.56835]]]},"properties":{"region":"panhandle","name":null,"sqkm":0.27}},{"type":"Feature","geometry":{"type":"Polygon","coordinates":[[[-100.65276,35.56468],[-100.6534,35.56592],[-100.65455,35.56519],[-100.65537,35.56592],[-100.65556,35.56743],[-100.65419,35.56903],[-100.65172,35.56961],[-100.64774,35.56871],[-100.64351,35.56546],[-100.6439,35.56517],[-100.64673,35.56583],[-100.65276,35.56468]]]},"properties":{"region":"panhandle","name":null,"sqkm":0.37}},{"type":"Feature","geometry":{"type":"Polygon","coordinates":[[[-100.66833,35.55064],[-100.67027,35.55284],[-100.67074,35.55529],[-100.66946,35.55852],[-100.66859,35.55962],[-100.66783,35.55973],[-100.66761,35.55699],[-100.66601,35.55552],[-100.66573,35.55438],[-100.66632,35.55346],[-100.66786,35.55254],[-100.6678,35.55094],[-100.66833,35.55064]]]},"properties":{"region":"panhandle","name":null,"sqkm":0.26}},{"type":"Feature","geometry":{"type":"Polygon","coordinates":[[[-100.21936,35.88805],[-100.21663,35.88828],[-100.21215,35.88662],[-100.21004,35.88671],[-100.20807,35.88589],[-100.20503,35.88543],[-100.20452,35.88435],[-100.20751,35.88373],[-100.21167,35.88481],[-100.21533,35.88515],[-100.21626,35.88659],[-100.21916,35.88734],[-100.21936,35.88805]]]},"properties":{"region":"panhandle","name":null,"sqkm":0.27}},{"type":"Feature","geometry":{"type":"Polygon","coordinates":[[[-100.19039,35.87763],[-100.19324,35.87944],[-100.19329,35.88109],[-100.19428,35.88255],[-100.19434,35.88409],[-100.19715,35.88578],[-100.19721,35.88637],[-100.19293,35.8858],[-100.18964,35.88356],[-100.18936,35.88164],[-100.19031,35.88013],[-100.18972,35.87793],[-100.19039,35.87763]]]},"properties":{"region":"panhandle","name":null,"sqkm":0.31}},{"type":"Feature","geometry":{"type":"Polygon","coordinates":[[[-100.30576,35.60554],[-100.30452,35.60277],[-100.30851,35.60181],[-100.31067,35.60032],[-100.31389,35.60124],[-100.31361,35.60222],[-100.31221,35.60341],[-100.31232,35.60394],[-100.31672,35.60369],[-100.31467,35.60458],[-100.31055,35.60456],[-100.31007,35.60524],[-100.30744,35.60595],[-100.30646,35.60604],[-100.30576,35.60554]]]},"properties":{"region":"panhandle","name":"Lake Fensterwald","sqkm":0.34}},{"type":"Feature","geometry":{"type":"Polygon","coordinates":[[[-100.4356,35.59963],[-100.43282,35.60098],[-100.43007,35.6008],[-100.42724,35.59746],[-100.43192,35.59537],[-100.43301,35.59354],[-100.43789,35.59478],[-100.43974,35.59457],[-100.43997,35.5951],[-100.43949,35.59539],[-100.43705,35.59572],[-100.43161,35.5981],[-100.43164,35.59892],[-100.43234,35.59956],[-100.4356,35.59963]]]},"properties":{"region":"panhandle","name":null,"sqkm":0.36}},{"type":"Feature","geometry":{"type":"Polygon","coordinates":[[[-100.37141,35.7541],[-100.37018,35.7533],[-100.36959,35.75151],[-100.36734,35.75158],[-100.36602,35.75041],[-100.36609,35.74798],[-100.36556,35.7472],[-100.36494,35.74748],[-100.36466,35.74869],[-100.36356,35.74933],[-100.36075,35.74766],[-100.35941,35.74759],[-100.35943,35.74821],[-100.3605,35.74864],[-100.36082,35.75016],[-100.36257,35.75091],[-100.36254,35.75252],[-100.36111,35.75098],[-100.36018,35.7511],[-100.35877,35.75048],[-100.35796,35.75075],[-100.35721,35.74924],[-100.35435,35.7491],[-100.35382,35.74938],[-100.35375,35.75055],[-100.35234,35.75011],[-100.35125,35.75071],[-100.34643,35.74786],[-100.34469,35.7478],[-100.34432,35.74816],[-100.34618,35.74871],[-100.3471,35.74986],[-100.34883,35.7549],[-100.34872,35.75723],[-100.34933,35.75918],[-100.34678,35.76028],[-100.34872,35.76048],[-100.34919,35.76154],[-100.34734,35.76415],[-100.34697,35.76328],[-100.34796,35.76117],[-100.34602,35.76096],[-100.34574,35.75922],[-100.34799,35.75835],[-100.34683,35.75812],[-100.34661,35.75524],[-100.34386,35.75176],[-100.34254,35.75059],[-100.34167,35.75041],[-100.339,35.75377],[-100.33948,35.75082],[-100.33802,35.75091],[-100.33616,35.75256],[-100.33577,35.75214],[-100.33709,35.75045],[-100.34047,35.74903],[-100.34095,35.74832],[-100.34109,35.74592],[-100.3421,35.74546],[-100.34275,35.74537],[-100.34289,35.74759],[-100.34328,35.74773],[-100.34823,35.74555],[-100.34952,35.7461],[-100.3498,35.74452],[-100.35295,35.74642],[-100.35469,35.7461],[-100.35632,35.74484],[-100.35702,35.74484],[-100.36171,35.74576],[-100.36266,35.74757],[-100.36407,35.7456],[-100.36567,35.74569],[-100.36674,35.7475],[-100.36689,35.75041],[-100.36773,35.75101],[-100.37021,35.75107],[-100.37153,35.75339],[-100.37141,35.7541]]]},"properties":{"region":"panhandle","name":null,"sqkm":1.44}},{"type":"Feature","geometry":{"type":"Polygon","coordinates":[[[-100.37522,35.93659],[-100.37837,35.93775],[-100.38535,35.9386],[-100.38575,35.9392],[-100.3849,35.93975],[-100.38386,35.94165],[-100.38259,35.94185],[-100.37733,35.93856],[-100.37384,35.93796],[-100.3735,35.937],[-100.37522,35.93659]]]},"properties":{"region":"panhandle","name":null,"sqkm":0.26}},{"type":"Feature","geometry":{"type":"Polygon","coordinates":[[[-100.1629,35.69048],[-100.1615,35.69018],[-100.16124,35.68776],[-100.15987,35.68501],[-100.16043,35.68318],[-100.15956,35.68064],[-100.15986,35.67993],[-100.16332,35.68599],[-100.16472,35.68576],[-100.16459,35.69034],[-100.1629,35.69048]]]},"properties":{"region":"panhandle","name":null,"sqkm":0.27}},{"type":"Feature","geometry":{"type":"Polygon","coordinates":[[[-100.05246,35.76433],[-100.049,35.76213],[-100.04729,35.75867],[-100.04592,35.75864],[-100.04536,35.75649],[-100.04932,35.75558],[-100.05162,35.75895],[-100.05078,35.76018],[-100.0508,35.76091],[-100.05184,35.76192],[-100.05246,35.76433]]]},"properties":{"region":"panhandle","name":null,"sqkm":0.28}},{"type":"Feature","geometry":{"type":"Polygon","coordinates":[[[-100.03565,35.70413],[-100.0329,35.70076],[-100.03557,35.6993],[-100.03742,35.69907],[-100.03717,35.69612],[-100.03874,35.69761],[-100.04015,35.6974],[-100.04902,35.69106],[-100.0488,35.69193],[-100.04661,35.69395],[-100.04674,35.69603],[-100.04582,35.69736],[-100.03851,35.70265],[-100.03699,35.70484],[-100.03565,35.70413]]]},"properties":{"region":"panhandle","name":"Huston-Stickley Lake","sqkm":0.6}},{"type":"Feature","geometry":{"type":"Polygon","coordinates":[[[-100.0004,35.87912],[-100.0004,35.88221],[-99.9947,35.88249],[-99.98907,35.88447],[-99.98331,35.88575],[-99.97335,35.89027],[-99.97079,35.88998],[-99.96742,35.89271],[-99.96481,35.89694],[-99.96306,35.89855],[-99.96022,35.89908],[-99.95839,35.90084],[-99.95009,35.90396],[-99.94616,35.9066],[-99.94075,35.90834],[-99.93828,35.90855],[-99.9347,35.91164],[-99.92637,35.91389],[-99.9232,35.91886],[-99.92044,35.92113],[-99.91214,35.92686],[-99.90881,35.92812],[-99.90817,35.93041],[-99.90834,35.93368],[-99.90614,35.93785],[-99.90646,35.93916],[-99.90747,35.94012],[-99.91288,35.94296],[-99.91293,35.94465],[-99.91189,35.94818],[-99.91336,35.95587],[-99.91207,35.96038],[-99.91066,35.96256],[-99.90999,35.96537],[-99.9085,35.9681],[-99.90757,35.96913],[-99.90458,35.97037],[-99.90123,35.97362],[-99.89684,35.97644],[-99.8958,35.97859],[-99.89597,35.98434],[-99.89416,35.98629],[-99.89014,35.98848],[-99.88729,35.98906],[-99.87923,35.98867],[-99.87819,35.98821],[-99.87602,35.98881],[-99.8736,35.98878],[-99.86782,35.99288],[-99.86878,35.99458],[-99.86663,35.9971],[-99.86356,35.99875],[-99.86125,35.99881],[-99.86015,36.00005],[-99.85728,36.00005],[-99.86083,35.99726],[-99.86213,35.99538],[-99.87284,35.98704],[-99.87608,35.98615],[-99.88416,35.98778],[-99.8878,35.98773],[-99.89084,35.98668],[-99.89397,35.98471],[-99.89405,35.98338],[-99.89228,35.98166],[-99.89208,35.98072],[-99.89391,35.97724],[-99.89422,35.97571],[-99.89481,35.97497],[-99.8987,35.97332],[-99.90067,35.97195],[-99.901,35.9714],[-99.90041,35.96977],[-99.90174,35.96835],[-99.903,35.9679],[-99.90489,35.96872],[-99.90562,35.96856],[-99.90872,35.96423],[-99.91176,35.95631],[-99.91193,35.95443],[-99.91116,35.94873],[-99.90953,35.94376],[-99.90826,35.94364],[-99.90716,35.9419],[-99.90612,35.94151],[-99.90516,35.94252],[-99.90432,35.94577],[-99.90347,35.94573],[-99.90294,35.9449],[-99.90294,35.94353],[-99.90457,35.94067],[-99.90713,35.93066],[-99.90713,35.92869],[-99.90935,35.92635],[-99.91245,35.92514],[-99.91979,35.92017],[-99.92409,35.91309],[-99.9298,35.90972],[-99.93495,35.90883],[-99.94005,35.90724],[-99.94393,35.90415],[-99.95378,35.90087],[-99.95588,35.89661],[-99.95664,35.89642],[-99.95895,35.89777],[-99.96081,35.89757],[-99.96145,35.89573],[-99.96393,35.8936],[-99.96615,35.88996],[-99.96769,35.88854],[-99.97501,35.88736],[-99.98353,35.88305],[-99.9893,35.88275],[-99.99484,35.87993],[-100.0004,35.87912]],[[-99.95825,35.8983],[-99.95502,35.90036],[-99.9549,35.9011],[-99.95578,35.90112],[-99.95808,35.89961],[-99.95862,35.8986],[-99.95825,35.8983]]]},"properties":{"region":"panhandle","name":null,"sqkm":4.46}},{"type":"Feature","geometry":{"type":"Polygon","coordinates":[[[-99.92955,36.06796],[-99.92878,36.06771],[-99.92768,36.06574],[-99.92568,36.06364],[-99.92517,36.06231],[-99.92585,36.06148],[-99.923,36.06073],[-99.9226,36.06123],[-99.92071,36.05766],[-99.91964,36.05867],[-99.91846,36.05885],[-99.91549,36.05734],[-99.9173,36.05377],[-99.92074,36.05391],[-99.92161,36.05553],[-99.9237,36.05546],[-99.9235,36.05686],[-99.92444,36.05833],[-99.9261,36.05878],[-99.92762,36.06034],[-99.92796,36.06169],[-99.92712,36.06267],[-99.92935,36.06391],[-99.9287,36.06702],[-99.92955,36.06796]]]},"properties":{"region":"panhandle","name":"Lake Lloyd Vincent","sqkm":0.55}},{"type":"Feature","geometry":{"type":"Polygon","coordinates":[[[-99.61875,35.83994],[-99.62173,35.84035],[-99.62488,35.84191],[-99.62862,35.84243],[-99.63385,35.84246],[-99.63655,35.84154],[-99.64063,35.84431],[-99.64347,35.84438],[-99.64564,35.84509],[-99.64963,35.84761],[-99.65067,35.84893],[-99.65399,35.84928],[-99.65756,35.85047],[-99.66066,35.85024],[-99.66266,35.85099],[-99.6644,35.85095],[-99.66448,35.85026],[-99.66212,35.84923],[-99.66206,35.84884],[-99.66282,35.84847],[-99.66974,35.85097],[-99.68173,35.84982],[-99.6858,35.85071],[-99.6907,35.85299],[-99.69818,35.85439],[-99.70052,35.85551],[-99.70522,35.8556],[-99.71161,35.85722],[-99.71268,35.85797],[-99.71766,35.85925],[-99.72314,35.86149],[-99.72495,35.8647],[-99.72684,35.86604],[-99.72825,35.86852],[-99.73002,35.87035],[-99.73188,35.87037],[-99.73506,35.87204],[-99.73697,35.87229],[-99.74213,35.87883],[-99.74424,35.88041],[-99.74976,35.88198],[-99.75932,35.88033],[-99.76149,35.88033],[-99.77212,35.88251],[-99.77783,35.88538],[-99.77882,35.88655],[-99.77822,35.88998],[-99.77965,35.89287],[-99.78001,35.89637],[-99.78243,35.89807],[-99.78629,35.89853],[-99.7898,35.90382],[-99.79419,35.90511],[-99.79459,35.90428],[-99.79526,35.9044],[-99.79599,35.90582],[-99.79939,35.90811],[-99.80254,35.91164],[-99.80319,35.91798],[-99.80451,35.92252],[-99.80602,35.92474],[-99.80912,35.92612],[-99.81067,35.92767],[-99.81126,35.93086],[-99.81103,35.93644],[-99.80888,35.94201],[-99.81054,35.94357],[-99.81091,35.94473],[-99.81045,35.95595],[-99.80901,35.96095],[-99.80816,35.96227],[-99.80661,35.96307],[-99.80611,35.96426],[-99.80588,35.9661],[-99.80404,35.97006],[-99.80339,35.97361],[-99.80376,35.97528],[-99.805,35.97638],[-99.80525,35.98043],[-99.80615,35.98133],[-99.80688,35.9832],[-99.80662,35.98854],[-99.80732,35.9901],[-99.80851,35.99074],[-99.80907,35.99213],[-99.80834,35.99468],[-99.8103,36.00006],[-99.8085,36.00006],[-99.80867,35.99836],[-99.80664,35.9947],[-99.80707,35.99305],[-99.80321,35.98877],[-99.8033,35.98666],[-99.80519,35.98554],[-99.8057,35.98375],[-99.80299,35.97906],[-99.80173,35.97104],[-99.80297,35.96834],[-99.80272,35.96598],[-99.80306,35.96481],[-99.80628,35.96106],[-99.80687,35.95831],[-99.8089,35.95387],[-99.80795,35.95222],[-99.80795,35.95032],[-99.80896,35.94863],[-99.80905,35.9462],[-99.80686,35.94056],[-99.80965,35.93081],[-99.80706,35.92657],[-99.80335,35.92366],[-99.8013,35.92089],[-99.80093,35.91968],[-99.80131,35.9123],[-99.80063,35.91097],[-99.79683,35.90781],[-99.79453,35.90719],[-99.79306,35.90611],[-99.78834,35.9043],[-99.78612,35.90116],[-99.78401,35.89979],[-99.7797,35.89846],[-99.77866,35.89697],[-99.77841,35.89461],[-99.77768,35.89365],[-99.77583,35.8884],[-99.77074,35.88601],[-99.76579,35.88287],[-99.76084,35.88108],[-99.75741,35.88188],[-99.75589,35.88289],[-99.75172,35.88355],[-99.74622,35.88313],[-99.7392,35.8781],[-99.73768,35.87558],[-99.73633,35.8754],[-99.72811,35.86978],[-99.72208,35.86303],[-99.7176,35.86067],[-99.71285,35.85996],[-99.70784,35.85846],[-99.70339,35.85816],[-99.70266,35.85734],[-99.70032,35.85642],[-99.69602,35.85604],[-99.68508,35.85261],[-99.68145,35.85201],[-99.67329,35.8517],[-99.66721,35.85291],[-99.65439,35.85058],[-99.65126,35.85077],[-99.64778,35.84997],[-99.64569,35.84834],[-99.64226,35.84699],[-99.64012,35.84692],[-99.63824,35.84546],[-99.6327,35.84372],[-99.62539,35.84362],[-99.62015,35.84262],[-99.61897,35.84317],[-99.61804,35.84491],[-99.61495,35.84633],[-99.61222,35.84871],[-99.60958,35.84994],[-99.60564,35.85423],[-99.60297,35.85597],[-99.59689,35.85766],[-99.59579,35.85841],[-99.59053,35.85837],[-99.58572,35.8596],[-99.57964,35.85969],[-99.57824,35.8604],[-99.57101,35.86196],[-99.56906,35.86308],[-99.56659,35.86372],[-99.56484,35.86518],[-99.56425,35.86498],[-99.56431,35.8639],[-99.56386,35.86369],[-99.56113,35.86456],[-99.55953,35.86692],[-99.5571,35.87624],[-99.55445,35.88086],[-99.554,35.88249],[-99.55087,35.8853],[-99.55048,35.88624],[-99.55048,35.88727],[-99.55283,35.8935],[-99.55218,35.89751],[-99.55094,35.89996],[-99.54571,35.90227],[-99.53582,35.90998],[-99.53477,35.91211],[-99.5321,35.91417],[-99.52818,35.91856],[-99.51516,35.92671],[-99.51299,35.93172],[-99.51304,35.93293],[-99.51518,35.93708],[-99.51466,35.94104],[-99.51551,35.94351],[-99.51443,35.95107],[-99.51462,35.95226],[-99.51025,35.95897],[-99.50551,35.96173],[-99.50235,35.96514],[-99.50105,35.96828],[-99.50013,35.96903],[-99.50076,35.97302],[-99.49741,35.97824],[-99.4953,35.9792],[-99.49409,35.98092],[-99.48643,35.987],[-99.48302,35.98728],[-99.47925,35.98614],[-99.47663,35.98708],[-99.46942,35.99327],[-99.4683,35.9954],[-99.46664,35.99686],[-99.46514,36.00006],[-99.45987,36.00006],[-99.463,35.99643],[-99.4643,35.997],[-99.46615,35.99487],[-99.46629,35.99375],[-99.465,35.99398],[-99.46494,35.99336],[-99.46829,35.99121],[-99.47198,35.9879],[-99.4755,35.98591],[-99.47629,35.98492],[-99.47846,35.98451],[-99.48556,35.98565],[-99.49183,35.97902],[-99.49293,35.97813],[-99.49482,35.97765],[-99.49721,35.97547],[-99.49813,35.97089],[-99.49753,35.96855],[-99.50037,35.96539],[-99.50142,35.96304],[-99.50236,35.9621],[-99.50239,35.95981],[-99.50459,35.95821],[-99.50536,35.94861],[-99.50666,35.94751],[-99.50872,35.94307],[-99.50802,35.94058],[-99.50847,35.9368],[-99.51212,35.93115],[-99.51311,35.92686],[-99.51632,35.92382],[-99.51883,35.92272],[-99.52401,35.91938],[-99.52441,35.91648],[-99.52745,35.91533],[-99.5299,35.91252],[-99.53461,35.91014],[-99.53489,35.90881],[-99.53807,35.90607],[-99.53881,35.90467],[-99.54925,35.89936],[-99.55083,35.89483],[-99.54985,35.89174],[-99.54763,35.89139],[-99.54729,35.89073],[-99.55009,35.88343],[-99.55375,35.87802],[-99.55392,35.87605],[-99.55662,35.8709],[-99.55739,35.86609],[-99.55874,35.86397],[-99.56136,35.86282],[-99.56437,35.86021],[-99.56729,35.85987],[-99.57318,35.85761],[-99.57911,35.85747],[-99.58088,35.85788],[-99.58299,35.85697],[-99.59382,35.85622],[-99.59546,35.85541],[-99.59734,35.85651],[-99.59984,35.85597],[-99.60238,35.85461],[-99.60691,35.8496],[-99.60795,35.84724],[-99.61453,35.84369],[-99.61599,35.84255],[-99.61698,35.84072],[-99.61875,35.83994]],[[-99.76883,35.88308],[-99.76889,35.88372],[-99.77164,35.88544],[-99.77488,35.88659],[-99.77617,35.88655],[-99.77589,35.88572],[-99.77297,35.88407],[-99.77046,35.88315],[-99.76883,35.88308]],[[-99.57607,35.85811],[-99.57343,35.85843],[-99.57258,35.85877],[-99.57171,35.86006],[-99.56994,35.86008],[-99.56822,35.86118],[-99.57011,35.86147],[-99.5714,35.86111],[-99.57618,35.859],[-99.57649,35.85848],[-99.57607,35.85811]],[[-99.56608,35.86074],[-99.56428,35.86143],[-99.56321,35.86259],[-99.56378,35.86275],[-99.5667,35.86161],[-99.56608,35.86074]],[[-99.51219,35.93469],[-99.50974,35.94028],[-99.51004,35.9466],[-99.51105,35.94974],[-99.5102,35.95031],[-99.50916,35.9499],[-99.50885,35.94832],[-99.50798,35.94889],[-99.50711,35.94875],[-99.50619,35.9567],[-99.50509,35.96031],[-99.50664,35.95972],[-99.50833,35.95828],[-99.51256,35.95244],[-99.51268,35.94947],[-99.51221,35.94688],[-99.51337,35.93973],[-99.51281,35.93737],[-99.51295,35.93531],[-99.51219,35.93469]],[[-99.51093,35.93545],[-99.50946,35.93643],[-99.50918,35.93801],[-99.51073,35.93659],[-99.51093,35.93545]]]},"properties":{"region":"panhandle","name":null,"sqkm":11.61}},{"type":"Feature","geometry":{"type":"Polygon","coordinates":[[[-98.03811,30.47362],[-98.03932,30.4741],[-98.0389,30.47461],[-98.03927,30.47538],[-98.04173,30.47706],[-98.04334,30.47997],[-98.04318,30.48082],[-98.04194,30.48004],[-98.04112,30.47814],[-98.04051,30.47779],[-98.03882,30.47862],[-98.03771,30.47637],[-98.03549,30.47515],[-98.03369,30.47089],[-98.03234,30.4702],[-98.03118,30.4702],[-98.03091,30.4708],[-98.03165,30.4732],[-98.03453,30.47573],[-98.03419,30.47648],[-98.03257,30.47733],[-98.03252,30.4757],[-98.03096,30.47561],[-98.03101,30.47719],[-98.02876,30.47758],[-98.02789,30.47943],[-98.02683,30.47913],[-98.02458,30.48152],[-98.01981,30.48445],[-98.01955,30.48538],[-98.02029,30.48662],[-98.0192,30.48676],[-98.01767,30.48564],[-98.017,30.48607],[-98.01613,30.48788],[-98.01631,30.48877],[-98.01938,30.48981],[-98.02134,30.48949],[-98.02166,30.49025],[-98.02391,30.48981],[-98.02512,30.49029],[-98.02552,30.49114],[-98.0247,30.49359],[-98.02544,30.49408],[-98.02366,30.49536],[-98.02514,30.49655],[-98.02242,30.4968],[-98.02207,30.4976],[-98.02263,30.49836],[-98.02525,30.49935],[-98.02519,30.50021],[-98.02406,30.49916],[-98.01993,30.49836],[-98.02213,30.49614],[-98.02335,30.49598],[-98.02306,30.49511],[-98.02417,30.49385],[-98.02399,30.49332],[-98.02486,30.49137],[-98.02467,30.49052],[-98.02343,30.49006],[-98.01983,30.49111],[-98.01348,30.48875],[-98.01507,30.48795],[-98.01502,30.48653],[-98.01611,30.48536],[-98.01605,30.48426],[-98.01844,30.48463],[-98.01891,30.48399],[-98.02445,30.48126],[-98.02702,30.47838],[-98.02831,30.47579],[-98.02951,30.47611],[-98.03086,30.47481],[-98.03265,30.47522],[-98.03144,30.47412],[-98.02853,30.47471],[-98.0293,30.47242],[-98.03025,30.47185],[-98.02959,30.47116],[-98.03078,30.46736],[-98.03266,30.4672],[-98.03107,30.46802],[-98.03094,30.4685],[-98.03139,30.46905],[-98.03398,30.46995],[-98.03485,30.47107],[-98.03544,30.47314],[-98.03803,30.4758],[-98.03948,30.47687],[-98.04046,30.47704],[-98.03729,30.47435],[-98.03583,30.47247],[-98.03531,30.46988],[-98.03459,30.46899],[-98.03322,30.46837],[-98.03549,30.46738],[-98.03457,30.46731],[-98.03375,30.46601],[-98.03129,30.46596],[-98.03325,30.46069],[-98.03518,30.45938],[-98.03854,30.46156],[-98.03851,30.46257],[-98.03957,30.46331],[-98.03899,30.4623],[-98.03968,30.46154],[-98.03738,30.46026],[-98.03772,30.45854],[-98.03537,30.45808],[-98.03378,30.45872],[-98.03445,30.45668],[-98.03662,30.45246],[-98.03794,30.45224],[-98.03762,30.45148],[-98.03826,30.45045],[-98.03961,30.44898],[-98.04077,30.44935],[-98.04051,30.448],[-98.0426,30.44536],[-98.04448,30.44665],[-98.04374,30.44449],[-98.04477,30.44346],[-98.04588,30.44381],[-98.04565,30.44264],[-98.04634,30.44179],[-98.04917,30.44003],[-98.05107,30.44081],[-98.05054,30.43998],[-98.05089,30.43941],[-98.05009,30.43891],[-98.0534,30.43678],[-98.05427,30.43698],[-98.05499,30.43804],[-98.05591,30.43811],[-98.0547,30.43627],[-98.05695,30.43485],[-98.05835,30.4352],[-98.05869,30.43586],[-98.05946,30.43598],[-98.06025,30.4374],[-98.06139,30.4377],[-98.06107,30.43829],[-98.06213,30.43974],[-98.06141,30.44088],[-98.06231,30.44132],[-98.06189,30.44178],[-98.06218,30.44226],[-98.06035,30.44441],[-98.05726,30.44629],[-98.0553,30.4481],[-98.05355,30.45064],[-98.05302,30.45073],[-98.05347,30.45105],[-98.05291,30.45165],[-98.05371,30.45231],[-98.05439,30.45596],[-98.05278,30.45692],[-98.0541,30.45731],[-98.05492,30.45697],[-98.05603,30.4586],[-98.05537,30.4596],[-98.05659,30.4599],[-98.05894,30.46215],[-98.06135,30.46332],[-98.06185,30.46454],[-98.0632,30.46435],[-98.06428,30.46499],[-98.06417,30.46552],[-98.06489,30.46605],[-98.06433,30.46738],[-98.06526,30.46807],[-98.06438,30.46862],[-98.06499,30.46889],[-98.06499,30.46937],[-98.06544,30.46933],[-98.06611,30.46704],[-98.06812,30.46729],[-98.06946,30.46805],[-98.06933,30.47132],[-98.06809,30.47261],[-98.06975,30.47144],[-98.07005,30.46951],[-98.07124,30.46956],[-98.07169,30.47034],[-98.07264,30.46993],[-98.07081,30.46857],[-98.07036,30.46708],[-98.06973,30.46656],[-98.06753,30.46571],[-98.06732,30.46504],[-98.06825,30.46447],[-98.07121,30.46445],[-98.07293,30.46509],[-98.07407,30.46475],[-98.07497,30.46516],[-98.07574,30.4647],[-98.07669,30.46511],[-98.0774,30.46635],[-98.07828,30.46495],[-98.07894,30.46534],[-98.07986,30.46512],[-98.08084,30.46684],[-98.08092,30.46608],[-98.08166,30.46558],[-98.0833,30.46642],[-98.08428,30.46619],[-98.08478,30.46748],[-98.08595,30.46846],[-98.08619,30.47007],[-98.08693,30.46975],[-98.08679,30.46846],[-98.08809,30.46801],[-98.08994,30.46957],[-98.08952,30.47112],[-98.09066,30.47174],[-98.09026,30.4736],[-98.08915,30.4739],[-98.08952,30.4744],[-98.08923,30.47509],[-98.08825,30.47486],[-98.08827,30.47527],[-98.08748,30.47539],[-98.08639,30.47685],[-98.08536,30.4771],[-98.08446,30.47667],[-98.08496,30.47768],[-98.08708,30.47798],[-98.08721,30.47862],[-98.08674,30.47871],[-98.08676,30.47931],[-98.08446,30.48222],[-98.08086,30.48235],[-98.07882,30.48125],[-98.07618,30.48077],[-98.07729,30.48191],[-98.08031,30.48308],[-98.08044,30.48412],[-98.08258,30.48391],[-98.07874,30.48916],[-98.07639,30.48906],[-98.07726,30.48991],[-98.07742,30.49094],[-98.07577,30.49285],[-98.0763,30.49305],[-98.07755,30.4922],[-98.07837,30.49088],[-98.079,30.49585],[-98.07935,30.49688],[-98.08072,30.49764],[-98.08019,30.49835],[-98.0813,30.49947],[-98.08133,30.50021],[-98.0795,30.49862],[-98.0804,30.49755],[-98.0789,30.49709],[-98.07895,30.4964],[-98.07837,30.49592],[-98.07805,30.49257],[-98.0754,30.49385],[-98.07456,30.49374],[-98.07675,30.49099],[-98.0767,30.49],[-98.07514,30.48879],[-98.07861,30.48856],[-98.08189,30.48451],[-98.08155,30.48412],[-98.0802,30.48434],[-98.07829,30.48242],[-98.07618,30.48141],[-98.07462,30.48168],[-98.07599,30.4801],[-98.07795,30.48107],[-98.08023,30.48134],[-98.08052,30.48196],[-98.08441,30.48176],[-98.0856,30.47878],[-98.08504,30.47814],[-98.08314,30.47754],[-98.08327,30.47619],[-98.08407,30.47561],[-98.08378,30.47529],[-98.08155,30.47552],[-98.08113,30.47442],[-98.08161,30.47412],[-98.08288,30.47463],[-98.08359,30.47415],[-98.08378,30.47467],[-98.08475,30.47479],[-98.08552,30.47566],[-98.08581,30.4747],[-98.08547,30.4728],[-98.08449,30.47179],[-98.08507,30.47064],[-98.08439,30.46883],[-98.08383,30.4686],[-98.08381,30.46764],[-98.08232,30.46686],[-98.08224,30.46826],[-98.07886,30.46702],[-98.07812,30.46846],[-98.07648,30.4664],[-98.07449,30.46562],[-98.06812,30.46516],[-98.07015,30.46649],[-98.0714,30.46841],[-98.07319,30.46986],[-98.07187,30.47132],[-98.07057,30.47004],[-98.06986,30.4719],[-98.06838,30.47306],[-98.0679,30.47412],[-98.06756,30.47261],[-98.06872,30.47144],[-98.0692,30.4685],[-98.0673,30.46759],[-98.0664,30.46816],[-98.066,30.46988],[-98.06433,30.46976],[-98.06446,30.46923],[-98.06378,30.46894],[-98.06457,30.46788],[-98.0637,30.46754],[-98.06433,30.46614],[-98.06375,30.46584],[-98.06362,30.4649],[-98.06288,30.46456],[-98.06153,30.46499],[-98.061,30.46456],[-98.06116,30.46369],[-98.05859,30.46242],[-98.05682,30.46054],[-98.05413,30.45981],[-98.05534,30.45866],[-98.05468,30.45756],[-98.05373,30.45786],[-98.05341,30.45733],[-98.05164,30.45706],[-98.05381,30.45603],[-98.05331,30.45266],[-98.05202,30.45192],[-98.05268,30.45133],[-98.05252,30.4506],[-98.05628,30.44654],[-98.0608,30.44356],[-98.06165,30.44212],[-98.06149,30.44139],[-98.06033,30.44125],[-98.06147,30.43971],[-98.0603,30.43854],[-98.0603,30.43799],[-98.05954,30.43795],[-98.05962,30.43735],[-98.05872,30.43721],[-98.0589,30.43653],[-98.0579,30.43646],[-98.05761,30.43579],[-98.05613,30.43579],[-98.05512,30.43659],[-98.05673,30.4382],[-98.05602,30.43898],[-98.05496,30.43955],[-98.05507,30.43847],[-98.05419,30.43872],[-98.05435,30.43781],[-98.05364,30.43728],[-98.05248,30.43788],[-98.05248,30.43852],[-98.05094,30.4387],[-98.05226,30.43918],[-98.05131,30.43985],[-98.05208,30.4412],[-98.05176,30.44175],[-98.0493,30.44083],[-98.04708,30.44271],[-98.04678,30.44337],[-98.04755,30.44351],[-98.04644,30.44454],[-98.04496,30.44443],[-98.04459,30.44495],[-98.04504,30.44724],[-98.0458,30.44802],[-98.04527,30.44855],[-98.04363,30.44619],[-98.04271,30.4461],[-98.04117,30.44807],[-98.04204,30.44974],[-98.03977,30.44953],[-98.03863,30.45134],[-98.03958,30.45272],[-98.03744,30.45322],[-98.03598,30.45517],[-98.03495,30.45769],[-98.03733,30.45744],[-98.03876,30.45579],[-98.03875,30.45964],[-98.04272,30.46054],[-98.04113,30.46271],[-98.04103,30.4651],[-98.03862,30.46532],[-98.03886,30.46397],[-98.03812,30.46367],[-98.03828,30.46294],[-98.03769,30.46207],[-98.03674,30.46168],[-98.03402,30.462],[-98.03343,30.46413],[-98.03264,30.46502],[-98.03288,30.46562],[-98.03497,30.4661],[-98.03634,30.46578],[-98.03758,30.46661],[-98.03708,30.46718],[-98.03705,30.47105],[-98.03811,30.47362]]]},"properties":{"region":"austin","name":null,"sqkm":3.17}},{"type":"Feature","geometry":{"type":"Polygon","coordinates":[[[-98.08648,30.45811],[-98.08651,30.45859],[-98.08518,30.45985],[-98.08534,30.46063],[-98.08373,30.46166],[-98.08254,30.46182],[-98.08251,30.46218],[-98.08405,30.46283],[-98.08611,30.46273],[-98.08793,30.46191],[-98.08862,30.46237],[-98.08868,30.46326],[-98.08926,30.46347],[-98.09198,30.46127],[-98.09211,30.46365],[-98.09418,30.46214],[-98.09428,30.46306],[-98.09561,30.46342],[-98.09471,30.46404],[-98.09468,30.46482],[-98.09137,30.46491],[-98.09092,30.46539],[-98.09254,30.46693],[-98.0942,30.46757],[-98.09426,30.46881],[-98.09558,30.4706],[-98.0977,30.46851],[-98.10116,30.4673],[-98.10145,30.46441],[-98.10275,30.46599],[-98.10238,30.46913],[-98.10338,30.46998],[-98.10592,30.46925],[-98.10595,30.46785],[-98.10711,30.46682],[-98.10865,30.46726],[-98.11008,30.46682],[-98.10958,30.46806],[-98.11042,30.46829],[-98.11153,30.46696],[-98.11421,30.46664],[-98.11233,30.46765],[-98.1119,30.46904],[-98.10786,30.46888],[-98.10733,30.47023],[-98.10558,30.47115],[-98.10523,30.47198],[-98.10296,30.47211],[-98.10142,30.47161],[-98.10058,30.47049],[-98.09997,30.47067],[-98.09933,30.47271],[-98.0983,30.47408],[-98.0987,30.47495],[-98.09944,30.47484],[-98.10158,30.47312],[-98.10428,30.47463],[-98.10566,30.47603],[-98.10711,30.47594],[-98.10775,30.4753],[-98.10814,30.47569],[-98.10687,30.47674],[-98.10526,30.47663],[-98.10296,30.47528],[-98.10044,30.47638],[-98.09743,30.47667],[-98.10208,30.48],[-98.10383,30.48036],[-98.10338,30.48068],[-98.09603,30.47848],[-98.09505,30.47871],[-98.09475,30.47938],[-98.09351,30.47933],[-98.09256,30.48038],[-98.0925,30.4818],[-98.09499,30.48201],[-98.09618,30.48272],[-98.09774,30.48247],[-98.09872,30.48369],[-98.09774,30.48307],[-98.09451,30.48343],[-98.09412,30.48666],[-98.09446,30.4874],[-98.09383,30.48792],[-98.09295,30.48524],[-98.09245,30.48547],[-98.09234,30.48653],[-98.09163,30.48481],[-98.09092,30.48403],[-98.09049,30.48414],[-98.09068,30.4873],[-98.09168,30.48838],[-98.09065,30.48818],[-98.09028,30.4898],[-98.08991,30.48973],[-98.08872,30.4871],[-98.08806,30.48694],[-98.08668,30.49021],[-98.08692,30.49143],[-98.09057,30.49384],[-98.09118,30.49361],[-98.09115,30.4918],[-98.09237,30.49193],[-98.0929,30.49258],[-98.09385,30.49214],[-98.09589,30.49354],[-98.0988,30.49379],[-98.09893,30.4935],[-98.09771,30.49285],[-98.09814,30.49226],[-98.09652,30.49063],[-98.10039,30.49214],[-98.10237,30.49155],[-98.10285,30.49198],[-98.10282,30.49315],[-98.10362,30.49329],[-98.10663,30.49159],[-98.10497,30.48971],[-98.10486,30.48875],[-98.10608,30.49001],[-98.10769,30.48983],[-98.10912,30.48797],[-98.10849,30.48667],[-98.10944,30.48669],[-98.11042,30.48818],[-98.10962,30.49052],[-98.11026,30.49043],[-98.11224,30.4863],[-98.1124,30.48263],[-98.11344,30.48305],[-98.1142,30.48454],[-98.11505,30.48442],[-98.11727,30.48378],[-98.11677,30.48183],[-98.1178,30.48167],[-98.1191,30.48318],[-98.12053,30.48364],[-98.12069,30.48431],[-98.12354,30.48417],[-98.12426,30.48374],[-98.12368,30.4811],[-98.12481,30.48037],[-98.12661,30.48312],[-98.12876,30.48396],[-98.12979,30.48225],[-98.12939,30.48103],[-98.13037,30.48099],[-98.1304,30.48062],[-98.12971,30.47725],[-98.1287,30.4767],[-98.12857,30.47555],[-98.13013,30.47642],[-98.13204,30.47503],[-98.13225,30.47535],[-98.13077,30.47656],[-98.13072,30.47713],[-98.13111,30.47785],[-98.13204,30.47794],[-98.13167,30.47906],[-98.13193,30.48016],[-98.13283,30.48085],[-98.13244,30.48121],[-98.13249,30.48259],[-98.13312,30.48302],[-98.13368,30.48259],[-98.13365,30.48096],[-98.13408,30.4803],[-98.1358,30.47917],[-98.13757,30.47929],[-98.13908,30.47775],[-98.13865,30.47521],[-98.14051,30.47319],[-98.14074,30.47457],[-98.13992,30.47578],[-98.14106,30.47674],[-98.14048,30.48025],[-98.14196,30.48137],[-98.14363,30.48117],[-98.14596,30.48002],[-98.14707,30.48082],[-98.14498,30.48213],[-98.14493,30.48341],[-98.14342,30.48433],[-98.14233,30.4858],[-98.13704,30.48353],[-98.13696,30.48454],[-98.14,30.48605],[-98.1408,30.48761],[-98.13863,30.48692],[-98.1381,30.48729],[-98.13844,30.48798],[-98.13678,30.48743],[-98.13479,30.4882],[-98.13633,30.48887],[-98.13723,30.49121],[-98.13985,30.49141],[-98.13937,30.49221],[-98.13935,30.49382],[-98.13842,30.49359],[-98.13815,30.49274],[-98.13604,30.49247],[-98.13461,30.49075],[-98.13371,30.49091],[-98.13495,30.49343],[-98.13464,30.49508],[-98.13564,30.49568],[-98.13628,30.5002],[-98.13461,30.5002],[-98.13504,30.4996],[-98.13324,30.49905],[-98.13435,30.49843],[-98.13448,30.49673],[-98.13284,30.49632],[-98.13289,30.49377],[-98.13363,30.49304],[-98.1323,30.49178],[-98.13289,30.49148],[-98.13323,30.49006],[-98.1349,30.49043],[-98.13683,30.49231],[-98.13853,30.49226],[-98.13659,30.49148],[-98.13659,30.4904],[-98.13585,30.49013],[-98.13566,30.48919],[-98.13402,30.48869],[-98.13447,30.48763],[-98.13675,30.48704],[-98.13757,30.48729],[-98.13823,30.48665],[-98.1395,30.48683],[-98.13757,30.48509],[-98.13633,30.48461],[-98.13614,30.48266],[-98.13678,30.48243],[-98.14024,30.48477],[-98.14202,30.48506],[-98.14432,30.48172],[-98.14241,30.48282],[-98.14016,30.48254],[-98.1391,30.48172],[-98.14037,30.47771],[-98.13969,30.4767],[-98.13926,30.47867],[-98.13805,30.47995],[-98.13588,30.47956],[-98.13434,30.48069],[-98.13426,30.48243],[-98.13281,30.48438],[-98.13222,30.48406],[-98.1318,30.48186],[-98.13206,30.48069],[-98.13159,30.48041],[-98.1305,30.47723],[-98.13019,30.47755],[-98.13098,30.48096],[-98.12995,30.48147],[-98.1304,30.48234],[-98.12913,30.48463],[-98.12616,30.48371],[-98.12476,30.48094],[-98.12415,30.48119],[-98.12468,30.48204],[-98.12471,30.48383],[-98.12415,30.48451],[-98.12018,30.48477],[-98.11979,30.48451],[-98.11997,30.48383],[-98.1191,30.48376],[-98.11772,30.48213],[-98.11701,30.48231],[-98.1177,30.48314],[-98.11772,30.48435],[-98.11394,30.48504],[-98.11309,30.48332],[-98.11259,30.48534],[-98.11291,30.48603],[-98.11058,30.49091],[-98.10968,30.49121],[-98.10912,30.49088],[-98.10976,30.48884],[-98.10947,30.48871],[-98.10841,30.49095],[-98.10698,30.49063],[-98.10806,30.49226],[-98.10245,30.49526],[-98.09851,30.49574],[-98.09538,30.49471],[-98.0866,30.49381],[-98.08541,30.49326],[-98.08387,30.49134],[-98.08319,30.48882],[-98.08398,30.48744],[-98.08499,30.48717],[-98.08687,30.48492],[-98.08943,30.48559],[-98.08883,30.48444],[-98.08779,30.4838],[-98.08824,30.48318],[-98.08935,30.4832],[-98.0897,30.48203],[-98.09015,30.48217],[-98.09041,30.4832],[-98.0925,30.48435],[-98.09248,30.48336],[-98.09317,30.48263],[-98.09205,30.48284],[-98.0916,30.4824],[-98.09153,30.48077],[-98.09211,30.47974],[-98.09526,30.47773],[-98.09774,30.47816],[-98.09759,30.47752],[-98.096,30.47683],[-98.09653,30.47537],[-98.09719,30.47587],[-98.09904,30.47605],[-98.10089,30.47468],[-98.10045,30.47447],[-98.09904,30.47539],[-98.09777,30.4747],[-98.09783,30.47372],[-98.09886,30.47248],[-98.09918,30.47129],[-98.09865,30.46975],[-98.10053,30.469],[-98.10137,30.47005],[-98.10137,30.47101],[-98.10322,30.47163],[-98.10465,30.4714],[-98.10669,30.47021],[-98.10709,30.46982],[-98.10688,30.46838],[-98.10833,30.46847],[-98.1064,30.46799],[-98.10598,30.46982],[-98.10293,30.47049],[-98.10164,30.46856],[-98.10248,30.46634],[-98.10153,30.46512],[-98.10188,30.46686],[-98.10158,30.46732],[-98.09836,30.46854],[-98.09632,30.47044],[-98.09664,30.4714],[-98.0959,30.47142],[-98.09426,30.46968],[-98.09375,30.46796],[-98.09024,30.46535],[-98.09092,30.46464],[-98.09428,30.4643],[-98.0941,30.46393],[-98.09471,30.46354],[-98.09381,30.46349],[-98.09357,30.46303],[-98.09301,30.46372],[-98.09182,30.464],[-98.09172,30.4623],[-98.09045,30.46285],[-98.09016,30.46354],[-98.08886,30.46386],[-98.08783,30.46248],[-98.08672,30.46299],[-98.08428,30.4631],[-98.08211,30.46225],[-98.08243,30.4615],[-98.08481,30.46058],[-98.08508,30.45909],[-98.08458,30.459],[-98.08648,30.45811]],[[-98.10018,30.49262],[-98.10002,30.49299],[-98.10057,30.49338],[-98.10018,30.49262]]]},"properties":{"region":"austin","name":null,"sqkm":2.86}},{"type":"Feature","geometry":{"type":"Polygon","coordinates":[[[-98.09091,30.4199],[-98.09084,30.41832],[-98.09015,30.41722],[-98.09033,30.41905],[-98.08957,30.42036],[-98.08978,30.42199],[-98.08851,30.42265],[-98.08227,30.42031],[-98.08182,30.41852],[-98.08071,30.41967],[-98.0797,30.4199],[-98.07764,30.41903],[-98.07767,30.41802],[-98.07708,30.41751],[-98.075,30.41213],[-98.07561,30.41144],[-98.07452,30.41073],[-98.07291,30.40837],[-98.07323,30.4075],[-98.07133,30.40603],[-98.06884,30.40225],[-98.06845,30.39995],[-98.06951,30.39924],[-98.06932,30.39856],[-98.07107,30.39567],[-98.07239,30.39434],[-98.07332,30.39445],[-98.07297,30.39377],[-98.07427,30.39216],[-98.07662,30.39081],[-98.07861,30.39051],[-98.08017,30.39091],[-98.08342,30.39017],[-98.08529,30.39072],[-98.08551,30.39137],[-98.08574,30.39068],[-98.08498,30.39015],[-98.0854,30.39001],[-98.08749,30.39088],[-98.09145,30.39478],[-98.09243,30.39464],[-98.09378,30.3952],[-98.09481,30.39627],[-98.09547,30.39593],[-98.09774,30.39769],[-98.09885,30.39767],[-98.09967,30.39879],[-98.10113,30.39909],[-98.1053,30.40226],[-98.10723,30.40313],[-98.10964,30.40285],[-98.11102,30.39946],[-98.11437,30.40136],[-98.11419,30.39994],[-98.11284,30.39965],[-98.11104,30.3976],[-98.11197,30.39243],[-98.11168,30.38972],[-98.10962,30.38548],[-98.10991,30.38216],[-98.11099,30.3809],[-98.12067,30.3776],[-98.11136,30.38149],[-98.11028,30.38262],[-98.10999,30.38381],[-98.11038,30.38582],[-98.11305,30.38656],[-98.11065,30.38718],[-98.11234,30.39068],[-98.11239,30.39314],[-98.1117,30.39694],[-98.11236,30.39754],[-98.1131,30.3974],[-98.11414,30.39607],[-98.1139,30.39717],[-98.11271,30.39854],[-98.11369,30.3993],[-98.11527,30.39948],[-98.11472,30.40003],[-98.11482,30.40114],[-98.11792,30.40356],[-98.11884,30.40767],[-98.12037,30.40991],[-98.11765,30.40709],[-98.11689,30.40425],[-98.11443,30.40196],[-98.11207,30.40093],[-98.11086,30.40272],[-98.1098,30.40343],[-98.10726,30.40352],[-98.10472,30.40239],[-98.10047,30.39925],[-98.09949,30.40056],[-98.09893,30.39822],[-98.09719,30.39854],[-98.09729,30.39785],[-98.09597,30.39694],[-98.09473,30.39811],[-98.09441,30.39666],[-98.09098,30.39524],[-98.09092,30.39444],[-98.08664,30.39091],[-98.08598,30.39107],[-98.08508,30.39327],[-98.08461,30.39098],[-98.08413,30.39072],[-98.08117,30.39095],[-98.0804,30.39173],[-98.07863,30.39109],[-98.0767,30.39145],[-98.07371,30.39356],[-98.07435,30.39562],[-98.0725,30.39491],[-98.0699,30.39824],[-98.07059,30.39934],[-98.06916,30.39982],[-98.06911,30.40167],[-98.06982,30.40316],[-98.07101,30.40353],[-98.07082,30.40454],[-98.07236,30.4066],[-98.07297,30.40699],[-98.07434,30.40617],[-98.07363,30.40853],[-98.07487,30.41036],[-98.07537,30.41093],[-98.07743,30.41149],[-98.07566,30.41247],[-98.07698,30.41632],[-98.07798,30.41708],[-98.07833,30.419],[-98.08055,30.4193],[-98.08137,30.4185],[-98.08137,30.41735],[-98.0828,30.4185],[-98.08235,30.41976],[-98.08272,30.4202],[-98.08917,30.42201],[-98.08954,30.42167],[-98.08901,30.41988],[-98.08988,30.41887],[-98.08936,30.41594],[-98.09018,30.4152],[-98.09065,30.41571],[-98.09136,30.41908],[-98.09173,30.41786],[-98.09255,30.41733],[-98.09335,30.41892],[-98.09739,30.41965],[-98.09909,30.41935],[-98.10067,30.41837],[-98.10207,30.4186],[-98.10342,30.41757],[-98.10408,30.4186],[-98.10049,30.41924],[-98.0998,30.42025],[-98.098,30.42116],[-98.09446,30.42077],[-98.09496,30.42208],[-98.09298,30.42212],[-98.09157,30.42336],[-98.09363,30.42941],[-98.09557,30.43001],[-98.09691,30.42928],[-98.09779,30.43006],[-98.1008,30.43026],[-98.09951,30.43125],[-98.10051,30.43219],[-98.1013,30.43402],[-98.10096,30.43423],[-98.10003,30.43269],[-98.09641,30.43152],[-98.09472,30.43189],[-98.08657,30.43702],[-98.08641,30.43732],[-98.08752,30.43762],[-98.08839,30.43849],[-98.09358,30.43824],[-98.08768,30.44009],[-98.09046,30.44138],[-98.09106,30.44273],[-98.0931,30.44222],[-98.09265,30.44355],[-98.09194,30.44399],[-98.09151,30.44562],[-98.09217,30.44706],[-98.09421,30.44663],[-98.09485,30.44708],[-98.09651,30.4469],[-98.09469,30.44791],[-98.09387,30.44759],[-98.09289,30.44825],[-98.09373,30.44944],[-98.09233,30.44915],[-98.08998,30.44729],[-98.08916,30.44775],[-98.08908,30.44578],[-98.08985,30.44474],[-98.09011,30.44676],[-98.09204,30.44811],[-98.0927,30.44782],[-98.09077,30.4461],[-98.09117,30.44408],[-98.09212,30.44316],[-98.08985,30.44291],[-98.088,30.44119],[-98.08641,30.44151],[-98.08596,30.44229],[-98.0858,30.44094],[-98.08469,30.43883],[-98.08583,30.43856],[-98.08757,30.43908],[-98.08586,30.43762],[-98.08625,30.43697],[-98.09482,30.43136],[-98.09723,30.43129],[-98.09985,30.43223],[-98.09869,30.43111],[-98.09943,30.43063],[-98.09691,30.42994],[-98.09591,30.43042],[-98.09477,30.42999],[-98.09342,30.43017],[-98.09168,30.42451],[-98.09097,30.4238],[-98.09179,30.42219],[-98.09366,30.42141],[-98.09398,30.4205],[-98.09813,30.42061],[-98.09977,30.41944],[-98.09755,30.42002],[-98.09353,30.41935],[-98.09226,30.41793],[-98.09173,30.41935],[-98.09091,30.4199]]]},"properties":{"region":"austin","name":null,"sqkm":1.57}},{"type":"Feature","geometry":{"type":"Polygon","coordinates":[[[-98.06132,30.43151],[-98.06232,30.43144],[-98.06251,30.43071],[-98.06362,30.43034],[-98.06552,30.43004],[-98.06761,30.43048],[-98.07044,30.43319],[-98.07171,30.43614],[-98.07141,30.4372],[-98.07348,30.44059],[-98.07377,30.44226],[-98.08022,30.44827],[-98.0794,30.44923],[-98.08051,30.44972],[-98.08088,30.44907],[-98.08172,30.44907],[-98.08627,30.45036],[-98.08656,30.45112],[-98.08781,30.45057],[-98.08926,30.45139],[-98.0881,30.44969],[-98.08876,30.44864],[-98.08857,30.44995],[-98.09016,30.45169],[-98.09011,30.45203],[-98.08918,30.4519],[-98.08794,30.451],[-98.08635,30.45231],[-98.08596,30.45089],[-98.08154,30.44955],[-98.08064,30.45024],[-98.08069,30.45095],[-98.08014,30.45095],[-98.07974,30.44978],[-98.07868,30.44932],[-98.07963,30.44816],[-98.07657,30.44582],[-98.07451,30.44327],[-98.07321,30.44256],[-98.072,30.43841],[-98.07067,30.43711],[-98.07107,30.43601],[-98.06967,30.43309],[-98.06748,30.43128],[-98.06491,30.43082],[-98.06367,30.43114],[-98.06293,30.4324],[-98.0652,30.43314],[-98.06364,30.43401],[-98.06644,30.43917],[-98.0685,30.43988],[-98.06887,30.44059],[-98.06699,30.44091],[-98.0667,30.4424],[-98.06482,30.44549],[-98.06683,30.44657],[-98.06829,30.44675],[-98.06659,30.44783],[-98.06657,30.44868],[-98.06757,30.44948],[-98.06723,30.44998],[-98.06622,30.44955],[-98.06506,30.44732],[-98.06363,30.44716],[-98.0635,30.45053],[-98.06299,30.45152],[-98.06233,30.44842],[-98.06157,30.44943],[-98.05966,30.45007],[-98.05966,30.45156],[-98.05855,30.45094],[-98.05839,30.45181],[-98.059,30.4531],[-98.05789,30.45335],[-98.05881,30.45608],[-98.06053,30.45782],[-98.06283,30.4586],[-98.06204,30.45768],[-98.06198,30.45713],[-98.06238,30.45704],[-98.06156,30.45615],[-98.06244,30.45603],[-98.06283,30.455],[-98.06458,30.45773],[-98.0668,30.45771],[-98.0651,30.45933],[-98.06987,30.46062],[-98.0704,30.46039],[-98.07077,30.45819],[-98.07193,30.45798],[-98.07188,30.45959],[-98.07288,30.46087],[-98.07489,30.46083],[-98.07593,30.45847],[-98.07698,30.4606],[-98.07809,30.46143],[-98.08002,30.46136],[-98.07955,30.4592],[-98.08098,30.45957],[-98.08119,30.4584],[-98.08206,30.45735],[-98.08257,30.46037],[-98.08182,30.46028],[-98.08175,30.45836],[-98.08122,30.45985],[-98.08021,30.45987],[-98.08058,30.4615],[-98.08026,30.4617],[-98.07783,30.46163],[-98.07659,30.46078],[-98.076,30.45934],[-98.07534,30.4611],[-98.07262,30.46119],[-98.07153,30.4598],[-98.07151,30.45856],[-98.07082,30.4589],[-98.07084,30.46057],[-98.07045,30.46096],[-98.0678,30.4608],[-98.06471,30.45963],[-98.06481,30.45885],[-98.06601,30.45821],[-98.06402,30.45787],[-98.06315,30.45608],[-98.06273,30.45642],[-98.06323,30.45743],[-98.06262,30.45777],[-98.06325,30.45885],[-98.06267,30.45906],[-98.06003,30.45803],[-98.05839,30.45665],[-98.05731,30.453],[-98.0582,30.45234],[-98.05744,30.45188],[-98.05786,30.4506],[-98.05913,30.45042],[-98.05897,30.44934],[-98.06022,30.44934],[-98.06009,30.44858],[-98.06091,30.44854],[-98.06101,30.44794],[-98.06268,30.44774],[-98.06323,30.44842],[-98.0631,30.4467],[-98.06556,30.44694],[-98.06591,30.44833],[-98.06675,30.44698],[-98.06525,30.446],[-98.06406,30.44581],[-98.06615,30.44256],[-98.06647,30.4407],[-98.06742,30.44036],[-98.06755,30.43988],[-98.0661,30.43976],[-98.06536,30.4391],[-98.06449,30.43605],[-98.06303,30.43392],[-98.06412,30.43309],[-98.06237,30.43268],[-98.06132,30.43151]]]},"properties":{"region":"austin","name":null,"sqkm":0.78}},{"type":"Feature","geometry":{"type":"Polygon","coordinates":[[[-98.01905,30.5002],[-98.01847,30.49865],[-98.01916,30.49746],[-98.01892,30.49661],[-98.02115,30.49529],[-98.02184,30.49435],[-98.02202,30.49304],[-98.02012,30.49288],[-98.02004,30.49403],[-98.01803,30.49425],[-98.01681,30.4956],[-98.01739,30.49288],[-98.01575,30.49205],[-98.01551,30.49301],[-98.01371,30.49358],[-98.01337,30.49301],[-98.01364,30.49159],[-98.01316,30.49104],[-98.01094,30.49205],[-98.00937,30.49402],[-98.00906,30.49324],[-98.00951,30.49023],[-98.0079,30.48771],[-98.00703,30.4876],[-98.00872,30.4851],[-98.00862,30.48448],[-98.00711,30.4845],[-98.00444,30.48576],[-98.00584,30.4829],[-98.00537,30.48182],[-98.00383,30.48237],[-98.0037,30.48317],[-98.00161,30.48386],[-98.0024,30.48237],[-98.00238,30.48131],[-98.00378,30.47932],[-98.00394,30.47795],[-98.00257,30.47765],[-98.00029,30.47819],[-98.00029,30.47779],[-98.00251,30.4774],[-98.00342,30.47629],[-98.0046,30.47805],[-98.00458,30.47934],[-98.00338,30.48145],[-98.00576,30.48111],[-98.00706,30.48347],[-98.00788,30.48274],[-98.00849,30.48281],[-98.01238,30.48423],[-98.01264,30.48554],[-98.01224,30.48616],[-98.00981,30.48581],[-98.00819,30.48698],[-98.00922,30.48884],[-98.01128,30.48982],[-98.01057,30.49021],[-98.0106,30.49079],[-98.01369,30.49058],[-98.01464,30.49177],[-98.01652,30.49162],[-98.01813,30.49274],[-98.02269,30.49164],[-98.02332,30.49197],[-98.02303,30.49341],[-98.01916,30.49804],[-98.01884,30.49914],[-98.01977,30.49996],[-98.0216,30.49966],[-98.02345,30.50021],[-98.01905,30.5002]]]},"properties":{"region":"austin","name":null,"sqkm":0.62}},{"type":"Feature","geometry":{"type":"Polygon","coordinates":[[[-98.12897,30.5002],[-98.12616,30.496],[-98.12563,30.49563],[-98.12484,30.49595],[-98.12426,30.49515],[-98.1245,30.49442],[-98.12217,30.49352],[-98.12227,30.4948],[-98.12185,30.49513],[-98.12108,30.49352],[-98.12021,30.49299],[-98.1183,30.49295],[-98.11685,30.49364],[-98.11687,30.49423],[-98.11785,30.49448],[-98.11669,30.49558],[-98.11714,30.49668],[-98.11645,30.49675],[-98.1165,30.49772],[-98.11555,30.49558],[-98.11386,30.49524],[-98.11002,30.49694],[-98.11269,30.49762],[-98.11092,30.49959],[-98.11068,30.49872],[-98.11153,30.49804],[-98.1093,30.49739],[-98.11282,30.49444],[-98.11304,30.49127],[-98.11357,30.49038],[-98.11399,30.49045],[-98.11415,30.49173],[-98.11566,30.4929],[-98.11497,30.49192],[-98.11455,30.4891],[-98.11579,30.48841],[-98.11934,30.48788],[-98.12225,30.48912],[-98.12548,30.49167],[-98.12508,30.49341],[-98.12574,30.49471],[-98.12746,30.49595],[-98.12849,30.49806],[-98.12834,30.49888],[-98.12897,30.49895],[-98.12948,30.49969],[-98.12956,30.5002],[-98.12897,30.5002]]]},"properties":{"region":"austin","name":null,"sqkm":0.81}},{"type":"Feature","geometry":{"type":"Polygon","coordinates":[[[-98.05536,30.43196],[-98.04991,30.43503],[-98.04695,30.43739],[-98.04552,30.43755],[-98.0443,30.43938],[-98.04295,30.44007],[-98.04073,30.44259],[-98.04009,30.44252],[-98.03996,30.44341],[-98.03782,30.4455],[-98.03657,30.44793],[-98.03533,30.4493],[-98.03466,30.44928],[-98.03472,30.45015],[-98.03323,30.45246],[-98.03252,30.45315],[-98.03209,30.45299],[-98.03228,30.45436],[-98.03117,30.45675],[-98.03,30.45695],[-98.03021,30.45769],[-98.02949,30.46014],[-98.02772,30.46284],[-98.02804,30.46438],[-98.02653,30.46619],[-98.02652,30.4674],[-98.02536,30.47033],[-98.02353,30.46985],[-98.02348,30.471],[-98.02469,30.47223],[-98.02414,30.47416],[-98.02318,30.47478],[-98.02339,30.47562],[-98.02165,30.47741],[-98.02006,30.47594],[-98.02019,30.47684],[-98.0213,30.47798],[-98.02101,30.47865],[-98.02014,30.47851],[-98.02032,30.47922],[-98.01971,30.4797],[-98.01487,30.47988],[-98.01294,30.47889],[-98.01445,30.47695],[-98.01392,30.47646],[-98.01191,30.47864],[-98.01048,30.47852],[-98.00918,30.47756],[-98.00667,30.47467],[-98.00654,30.47407],[-98.00731,30.47373],[-98.00607,30.47309],[-98.00559,30.47148],[-98.00498,30.47105],[-98.00517,30.47022],[-98.0071,30.46951],[-98.0043,30.46937],[-98.00485,30.4683],[-98.00361,30.468],[-98.00308,30.46651],[-98.0038,30.4661],[-98.0029,30.46548],[-98.00401,30.46399],[-98.00253,30.46419],[-98.00166,30.46282],[-98.00158,30.46156],[-98.00375,30.46126],[-98.00341,30.46041],[-98.00267,30.46087],[-98.00105,30.46052],[-98.00119,30.45936],[-98.00198,30.45897],[-98.00138,30.45821],[-98.00201,30.45789],[-98.00199,30.45702],[-98.00307,30.45617],[-98.00307,30.45555],[-98.00437,30.45576],[-98.0049,30.45489],[-98.00643,30.45398],[-98.00858,30.4534],[-98.00879,30.45409],[-98.00969,30.45414],[-98.01037,30.45606],[-98.0117,30.45462],[-98.01135,30.4535],[-98.01173,30.45293],[-98.01263,30.45274],[-98.01389,30.45348],[-98.01548,30.453],[-98.01498,30.45194],[-98.01644,30.45091],[-98.01609,30.45032],[-98.01898,30.44768],[-98.02115,30.44455],[-98.02263,30.44491],[-98.02234,30.44354],[-98.02327,30.44267],[-98.02457,30.44233],[-98.02526,30.44125],[-98.02803,30.43928],[-98.02975,30.43988],[-98.03121,30.44112],[-98.02957,30.43809],[-98.03118,30.43724],[-98.03253,30.43724],[-98.0323,30.43578],[-98.03457,30.43298],[-98.03542,30.43268],[-98.03571,30.43113],[-98.03709,30.42957],[-98.03976,30.42925],[-98.04174,30.43076],[-98.04354,30.4309],[-98.04182,30.43015],[-98.04085,30.42865],[-98.04193,30.42726],[-98.03942,30.42838],[-98.03791,30.42826],[-98.0377,30.42783],[-98.04333,30.42616],[-98.04227,30.42861],[-98.04291,30.42992],[-98.04449,30.43049],[-98.04407,30.43109],[-98.0419,30.43143],[-98.03973,30.4303],[-98.03746,30.43081],[-98.03659,30.43186],[-98.03828,30.43264],[-98.03516,30.43372],[-98.0341,30.43463],[-98.03367,30.43573],[-98.03462,30.43564],[-98.03579,30.4375],[-98.03462,30.43757],[-98.03251,30.43915],[-98.0324,30.44151],[-98.03335,30.44222],[-98.0325,30.44373],[-98.03213,30.44387],[-98.03036,30.44183],[-98.02832,30.44049],[-98.02666,30.44127],[-98.02417,30.44432],[-98.02514,30.44622],[-98.02403,30.44627],[-98.02337,30.44705],[-98.02184,30.44599],[-98.02073,30.44649],[-98.0185,30.44917],[-98.01953,30.45046],[-98.01826,30.45211],[-98.01783,30.45428],[-98.01487,30.45577],[-98.01381,30.45742],[-98.01135,30.45879],[-98.01031,30.46237],[-98.00857,30.46127],[-98.00732,30.46165],[-98.00687,30.46239],[-98.007,30.46422],[-98.00571,30.46417],[-98.0047,30.46557],[-98.00528,30.46619],[-98.00713,30.46644],[-98.00774,30.46798],[-98.00919,30.46814],[-98.01176,30.47014],[-98.01332,30.46957],[-98.01475,30.47044],[-98.01559,30.47195],[-98.01774,30.472],[-98.01937,30.47367],[-98.02276,30.47556],[-98.02191,30.47498],[-98.02178,30.47397],[-98.02279,30.47397],[-98.02276,30.47333],[-98.02379,30.47269],[-98.02361,30.47198],[-98.02297,30.47175],[-98.02149,30.47292],[-98.01977,30.47136],[-98.01877,30.47154],[-98.01869,30.47042],[-98.02065,30.47047],[-98.02131,30.47122],[-98.0221,30.47035],[-98.02168,30.46898],[-98.02229,30.46804],[-98.02221,30.46659],[-98.0239,30.46886],[-98.02515,30.46781],[-98.02438,30.46586],[-98.02661,30.46419],[-98.02637,30.46172],[-98.02846,30.46007],[-98.0282,30.45663],[-98.03056,30.45597],[-98.03111,30.4553],[-98.03159,30.454],[-98.03048,30.45241],[-98.0336,30.45093],[-98.03424,30.44964],[-98.03355,30.44786],[-98.03564,30.4485],[-98.03678,30.44618],[-98.03615,30.4444],[-98.03745,30.4446],[-98.03843,30.44415],[-98.03951,30.4422],[-98.04038,30.44218],[-98.04192,30.44087],[-98.04213,30.44018],[-98.04163,30.43922],[-98.04327,30.43938],[-98.04491,30.43799],[-98.04467,30.43689],[-98.04502,30.43643],[-98.04676,30.43684],[-98.04949,30.43453],[-98.05259,30.43283],[-98.05536,30.43196]]]},"properties":{"region":"austin","name":null,"sqkm":4.01}},{"type":"Feature","geometry":{"type":"Polygon","coordinates":[[[-98.00029,30.44948],[-98.00133,30.44934],[-98.00274,30.44781],[-98.00229,30.44549],[-98.00052,30.44414],[-98.00087,30.44379],[-98.00322,30.44471],[-98.00396,30.44602],[-98.00607,30.44586],[-98.00573,30.44765],[-98.00631,30.44866],[-98.00808,30.44868],[-98.00943,30.44765],[-98.01028,30.44827],[-98.01134,30.44761],[-98.01105,30.44655],[-98.01234,30.44449],[-98.01277,30.44243],[-98.01023,30.4411],[-98.0101,30.4402],[-98.00923,30.43965],[-98.01489,30.4403],[-98.01812,30.43769],[-98.02031,30.43755],[-98.02254,30.43675],[-98.02352,30.43533],[-98.02296,30.43288],[-98.02471,30.43293],[-98.02664,30.43382],[-98.02773,30.43094],[-98.03027,30.43032],[-98.03037,30.42959],[-98.02942,30.42764],[-98.03164,30.42707],[-98.03241,30.42423],[-98.03189,30.4234],[-98.03263,30.4226],[-98.03125,30.42049],[-98.0302,30.4209],[-98.02879,30.42003],[-98.02671,30.42053],[-98.02467,30.41996],[-98.02358,30.42131],[-98.02202,30.42172],[-98.02179,30.41959],[-98.02097,30.41853],[-98.01642,30.41782],[-98.01452,30.41704],[-98.01415,30.41724],[-98.01433,30.41791],[-98.016,30.41869],[-98.01758,30.42078],[-98.01758,30.42119],[-98.01589,30.42197],[-98.01618,30.42341],[-98.01567,30.42346],[-98.01459,30.42185],[-98.01383,30.42151],[-98.0115,30.42375],[-98.01118,30.42331],[-98.01155,30.4202],[-98.01068,30.41885],[-98.00992,30.41866],[-98.00912,30.41971],[-98.00732,30.41935],[-98.00504,30.42377],[-98.00476,30.41928],[-98.00219,30.41927],[-98.00097,30.42053],[-98.00029,30.42028],[-98.00029,30.41651],[-98.00101,30.41582],[-98.00188,30.41621],[-98.00318,30.41576],[-98.00389,30.41599],[-98.00394,30.41679],[-98.00301,30.41746],[-98.00502,30.41772],[-98.00595,30.41973],[-98.00579,30.41606],[-98.00688,30.41561],[-98.00865,30.41596],[-98.00804,30.41701],[-98.00936,30.41713],[-98.01023,30.4166],[-98.01108,30.41697],[-98.01322,30.41892],[-98.01378,30.41848],[-98.01232,30.41623],[-98.01256,30.41582],[-98.01825,30.41599],[-98.0193,30.41663],[-98.01989,30.41608],[-98.02325,30.41659],[-98.02346,30.41787],[-98.02512,30.41785],[-98.02465,30.41702],[-98.0252,30.41647],[-98.027,30.41661],[-98.02893,30.41714],[-98.02935,30.41831],[-98.03102,30.41859],[-98.02988,30.41753],[-98.03081,30.41719],[-98.03387,30.41877],[-98.03348,30.41937],[-98.03453,30.42003],[-98.0344,30.42125],[-98.03382,30.42143],[-98.03461,30.42281],[-98.03397,30.42377],[-98.0344,30.42441],[-98.03432,30.42576],[-98.0335,30.42622],[-98.03376,30.42721],[-98.03318,30.42886],[-98.03103,30.42796],[-98.03217,30.42975],[-98.02973,30.43227],[-98.02905,30.43188],[-98.02833,30.43218],[-98.0287,30.43355],[-98.02695,30.43575],[-98.02608,30.436],[-98.02476,30.43501],[-98.02481,30.4368],[-98.02013,30.43849],[-98.0206,30.43932],[-98.02161,30.43927],[-98.02219,30.43983],[-98.01957,30.44186],[-98.01795,30.44152],[-98.02005,30.43985],[-98.01933,30.43868],[-98.01587,30.44092],[-98.01449,30.44119],[-98.01515,30.4422],[-98.01515,30.44317],[-98.016,30.44264],[-98.01782,30.44255],[-98.01827,30.44315],[-98.01748,30.44365],[-98.01647,30.44353],[-98.0157,30.44527],[-98.01443,30.4452],[-98.0147,30.44644],[-98.01351,30.4466],[-98.0134,30.44779],[-98.01131,30.44903],[-98.00943,30.44832],[-98.0098,30.4493],[-98.00813,30.44957],[-98.00509,30.44864],[-98.00388,30.44746],[-98.00414,30.44987],[-98.00324,30.44994],[-98.00318,30.45076],[-98.00029,30.45318],[-98.00029,30.44948]]]},"properties":{"region":"austin","name":null,"sqkm":2.43}},{"type":"Feature","geometry":{"type":"Polygon","coordinates":[[[-98.10456,30.39923],[-98.10602,30.39955],[-98.10694,30.40077],[-98.10885,30.40017],[-98.10927,30.39909],[-98.10972,30.39559],[-98.10927,30.39401],[-98.10999,30.39091],[-98.10962,30.38954],[-98.10843,30.38807],[-98.10737,30.38372],[-98.10957,30.37982],[-98.10906,30.37883],[-98.11041,30.37918],[-98.11269,30.37606],[-98.11321,30.37407],[-98.11335,30.37569],[-98.11165,30.37773],[-98.11149,30.37895],[-98.11205,30.37906],[-98.11305,30.37817],[-98.11409,30.37796],[-98.1112,30.38014],[-98.11078,30.38003],[-98.1111,30.3792],[-98.11023,30.37966],[-98.10914,30.38092],[-98.10779,30.38383],[-98.1089,30.38814],[-98.1107,30.39114],[-98.10972,30.3993],[-98.10866,30.40157],[-98.10686,30.40159],[-98.1024,30.3977],[-98.10052,30.39678],[-98.10036,30.39609],[-98.09288,30.39343],[-98.09256,30.39233],[-98.09122,30.39228],[-98.089,30.39015],[-98.08841,30.3893],[-98.08857,30.38873],[-98.08974,30.3877],[-98.08831,30.38747],[-98.08886,30.38609],[-98.08839,30.38142],[-98.08892,30.38089],[-98.08807,30.38158],[-98.08797,30.38534],[-98.08699,30.38683],[-98.08746,30.38882],[-98.08326,30.38855],[-98.08091,30.38923],[-98.08006,30.38887],[-98.07596,30.38969],[-98.07374,30.39086],[-98.07178,30.3926],[-98.06885,30.39587],[-98.06649,30.39961],[-98.06884,30.40626],[-98.07212,30.41011],[-98.07389,30.41323],[-98.07352,30.41417],[-98.07114,30.41549],[-98.07418,30.4154],[-98.07478,30.41593],[-98.07534,30.41831],[-98.07412,30.42022],[-98.07595,30.42003],[-98.07843,30.4215],[-98.08205,30.42233],[-98.08237,30.42256],[-98.08187,30.42471],[-98.08324,30.42315],[-98.08465,30.42297],[-98.08874,30.42508],[-98.08991,30.4263],[-98.08985,30.42728],[-98.09054,30.42822],[-98.09059,30.43118],[-98.08908,30.43154],[-98.0885,30.43218],[-98.08752,30.43198],[-98.08665,30.43312],[-98.08533,30.43349],[-98.08504,30.4348],[-98.08393,30.43475],[-98.0825,30.4364],[-98.08226,30.43842],[-98.08363,30.44176],[-98.08329,30.44231],[-98.08453,30.44296],[-98.0859,30.44626],[-98.0854,30.44742],[-98.08442,30.44729],[-98.08379,30.44612],[-98.08194,30.44573],[-98.07702,30.44133],[-98.07821,30.43984],[-98.07596,30.43931],[-98.07475,30.43624],[-98.07697,30.43548],[-98.07636,30.43472],[-98.07694,30.43333],[-98.0761,30.43365],[-98.07522,30.43504],[-98.07451,30.43509],[-98.07322,30.432],[-98.07197,30.43037],[-98.07248,30.42954],[-98.06587,30.42741],[-98.06438,30.42775],[-98.06624,30.42649],[-98.06626,30.4272],[-98.06676,30.42746],[-98.07152,30.42899],[-98.07287,30.42872],[-98.07311,30.42927],[-98.07234,30.43041],[-98.07483,30.43461],[-98.07631,30.43317],[-98.07795,30.43287],[-98.07684,30.4347],[-98.07808,30.43569],[-98.07575,30.43619],[-98.07549,30.43695],[-98.07728,30.43922],[-98.07937,30.43926],[-98.07795,30.44105],[-98.08054,30.44366],[-98.08133,30.4436],[-98.08138,30.44449],[-98.0822,30.44552],[-98.08382,30.44566],[-98.08458,30.44671],[-98.08519,30.44658],[-98.08519,30.44605],[-98.08424,30.44346],[-98.08321,30.44346],[-98.08231,30.44259],[-98.08289,30.44192],[-98.08183,30.43855],[-98.08192,30.43658],[-98.08443,30.43367],[-98.08432,30.43239],[-98.08557,30.43253],[-98.08631,30.43177],[-98.08633,30.43106],[-98.08745,30.43106],[-98.08771,30.43024],[-98.08964,30.43005],[-98.08795,30.42749],[-98.08382,30.42389],[-98.08187,30.42519],[-98.08107,30.42515],[-98.08187,30.42414],[-98.08163,30.42269],[-98.07917,30.42221],[-98.0756,30.42038],[-98.07476,30.42109],[-98.0723,30.42083],[-98.07457,30.41898],[-98.07476,30.41825],[-98.07386,30.41591],[-98.07161,30.41602],[-98.06994,30.41691],[-98.07082,30.41517],[-98.0727,30.41426],[-98.07286,30.41249],[-98.07185,30.41054],[-98.07032,30.40921],[-98.07045,30.40869],[-98.06969,30.40743],[-98.06802,30.40649],[-98.06842,30.40566],[-98.06699,30.40316],[-98.06646,30.40057],[-98.06543,30.39952],[-98.06639,30.3991],[-98.06821,30.39587],[-98.06919,30.3953],[-98.07229,30.39148],[-98.07448,30.39005],[-98.0798,30.38838],[-98.08693,30.38839],[-98.08654,30.38664],[-98.08754,30.3849],[-98.08781,30.38183],[-98.08596,30.38057],[-98.08688,30.38041],[-98.08807,30.38098],[-98.08963,30.38043],[-98.0899,30.37968],[-98.08892,30.37782],[-98.09056,30.38032],[-98.08897,30.38153],[-98.08929,30.3852],[-98.08884,30.38694],[-98.08963,30.38685],[-98.09019,30.38779],[-98.08907,30.38903],[-98.08931,30.38976],[-98.09106,30.39061],[-98.09174,30.39189],[-98.09336,30.39148],[-98.09304,30.39279],[-98.09444,30.39371],[-98.09523,30.39396],[-98.09579,30.39355],[-98.09941,30.3957],[-98.10031,30.39513],[-98.10105,30.39659],[-98.10264,30.3974],[-98.10456,30.39923]]]},"properties":{"region":"austin","name":null,"sqkm":1.42}},{"type":"Feature","geometry":{"type":"Polygon","coordinates":[[[-98.05638,30.4312],[-98.05962,30.42903],[-98.06587,30.42741],[-98.07248,30.42954],[-98.07197,30.43037],[-98.07322,30.432],[-98.07451,30.43509],[-98.07522,30.43504],[-98.0761,30.43365],[-98.07694,30.43333],[-98.07636,30.43472],[-98.07697,30.43548],[-98.07475,30.43624],[-98.07596,30.43931],[-98.07821,30.43984],[-98.07702,30.44133],[-98.08194,30.44573],[-98.08379,30.44612],[-98.08384,30.44671],[-98.08482,30.44745],[-98.08575,30.44713],[-98.0859,30.44626],[-98.0849,30.44357],[-98.08329,30.44231],[-98.08363,30.44176],[-98.08265,30.43979],[-98.08226,30.43741],[-98.0825,30.4364],[-98.08393,30.43475],[-98.08504,30.4348],[-98.08533,30.43349],[-98.08665,30.43312],[-98.08752,30.43198],[-98.0885,30.43218],[-98.08908,30.43154],[-98.09059,30.43118],[-98.09054,30.42822],[-98.08985,30.42728],[-98.08991,30.4263],[-98.08874,30.42508],[-98.08465,30.42297],[-98.08324,30.42315],[-98.08187,30.42471],[-98.08237,30.42256],[-98.08205,30.42233],[-98.07843,30.4215],[-98.07595,30.42003],[-98.07412,30.42022],[-98.07534,30.41831],[-98.07478,30.41593],[-98.07418,30.4154],[-98.07114,30.41549],[-98.07352,30.41417],[-98.07389,30.41323],[-98.07212,30.41011],[-98.06884,30.40626],[-98.06649,30.39961],[-98.06885,30.39587],[-98.07178,30.3926],[-98.07374,30.39086],[-98.07596,30.38969],[-98.08006,30.38887],[-98.08091,30.38923],[-98.08326,30.38855],[-98.08746,30.38882],[-98.08699,30.38683],[-98.08797,30.38534],[-98.08807,30.38158],[-98.08892,30.38089],[-98.08839,30.38142],[-98.08886,30.38609],[-98.08831,30.38747],[-98.08974,30.3877],[-98.08857,30.38873],[-98.08841,30.3893],[-98.089,30.39015],[-98.09122,30.39228],[-98.09256,30.39233],[-98.09288,30.39343],[-98.10036,30.39609],[-98.10052,30.39678],[-98.1024,30.3977],[-98.10686,30.40159],[-98.10866,30.40157],[-98.10972,30.3993],[-98.11073,30.39307],[-98.1107,30.39114],[-98.1089,30.38814],[-98.10777,30.38427],[-98.10914,30.38092],[-98.11078,30.3792],[-98.1111,30.3792],[-98.11078,30.38003],[-98.1112,30.38014],[-98.11409,30.37796],[-98.12474,30.37519],[-98.13018,30.37058],[-98.131,30.36928],[-98.13111,30.36779],[-98.12551,30.36275],[-98.12712,30.36254],[-98.13077,30.36566],[-98.13211,30.36781],[-98.1323,30.36948],[-98.13013,30.37203],[-98.13013,30.37304],[-98.12886,30.37301],[-98.12646,30.37519],[-98.12143,30.37764],[-98.11763,30.37833],[-98.11099,30.3809],[-98.10991,30.38216],[-98.10962,30.38548],[-98.11168,30.38972],[-98.11197,30.39243],[-98.11104,30.3976],[-98.11284,30.39965],[-98.11419,30.39994],[-98.11437,30.40136],[-98.11102,30.39946],[-98.10964,30.40285],[-98.10723,30.40313],[-98.1053,30.40226],[-98.10113,30.39909],[-98.09967,30.39879],[-98.09885,30.39767],[-98.09774,30.39769],[-98.09547,30.39593],[-98.09481,30.39627],[-98.09378,30.3952],[-98.09243,30.39464],[-98.09145,30.39478],[-98.08749,30.39088],[-98.0854,30.39001],[-98.08498,30.39015],[-98.08574,30.39068],[-98.08551,30.39137],[-98.08529,30.39072],[-98.08426,30.39024],[-98.08017,30.39091],[-98.07752,30.39058],[-98.07427,30.39216],[-98.07297,30.39377],[-98.07332,30.39445],[-98.07239,30.39434],[-98.07107,30.39567],[-98.06932,30.39856],[-98.06951,30.39924],[-98.06845,30.39995],[-98.06884,30.40225],[-98.06969,30.40367],[-98.0703,30.40397],[-98.0722,30.40701],[-98.07323,30.4075],[-98.07312,30.40876],[-98.07452,30.41073],[-98.07561,30.41144],[-98.075,30.41213],[-98.07809,30.41942],[-98.0797,30.4199],[-98.08071,30.41967],[-98.08182,30.41852],[-98.08227,30.42031],[-98.08851,30.42265],[-98.08978,30.42199],[-98.08957,30.42036],[-98.09033,30.41905],[-98.09015,30.41722],[-98.09084,30.41832],[-98.09091,30.4199],[-98.09173,30.41935],[-98.09226,30.41793],[-98.09353,30.41935],[-98.09755,30.42002],[-98.09977,30.41944],[-98.09813,30.42061],[-98.09398,30.4205],[-98.09366,30.42141],[-98.09179,30.42219],[-98.09097,30.4238],[-98.09168,30.42451],[-98.09342,30.43017],[-98.09477,30.42999],[-98.09591,30.43042],[-98.09691,30.42994],[-98.09943,30.43063],[-98.09869,30.43111],[-98.09985,30.43223],[-98.09723,30.43129],[-98.09482,30.43136],[-98.08625,30.43697],[-98.08586,30.43762],[-98.08757,30.43908],[-98.08583,30.43856],[-98.08469,30.43883],[-98.0858,30.44094],[-98.08596,30.44229],[-98.08641,30.44151],[-98.088,30.44119],[-98.08985,30.44291],[-98.09212,30.44316],[-98.09117,30.44408],[-98.09077,30.4461],[-98.09281,30.44763],[-98.09204,30.44811],[-98.09069,30.44736],[-98.09,30.44639],[-98.09014,30.44488],[-98.08932,30.44497],[-98.08916,30.44775],[-98.0881,30.44969],[-98.08926,30.45139],[-98.08781,30.45057],[-98.08656,30.45112],[-98.08627,30.45036],[-98.08172,30.44907],[-98.08088,30.44907],[-98.08051,30.44972],[-98.0794,30.44923],[-98.08022,30.44827],[-98.07377,30.44226],[-98.07348,30.44059],[-98.07141,30.4372],[-98.07171,30.43614],[-98.07044,30.43319],[-98.06761,30.43048],[-98.06552,30.43004],[-98.06306,30.43043],[-98.06232,30.43144],[-98.06145,30.43126],[-98.05761,30.43301],[-98.05638,30.4312]]]},"properties":{"region":"austin","name":null,"sqkm":5.14}},{"type":"Feature","geometry":{"type":"Polygon","coordinates":[[[-98.03946,30.35309],[-98.03996,30.35405],[-98.03856,30.35648],[-98.03887,30.35825],[-98.0375,30.36029],[-98.03551,30.36189],[-98.03467,30.36427],[-98.0349,30.36604],[-98.03614,30.36611],[-98.0368,30.36668],[-98.03379,30.36824],[-98.03405,30.36986],[-98.03619,30.37184],[-98.03614,30.37227],[-98.03373,30.37154],[-98.03215,30.37167],[-98.03212,30.37321],[-98.03283,30.37484],[-98.03032,30.37614],[-98.02633,30.37664],[-98.02492,30.37795],[-98.02424,30.37751],[-98.02159,30.3779],[-98.02101,30.37877],[-98.02183,30.37992],[-98.0241,30.38035],[-98.0226,30.38122],[-98.02127,30.38074],[-98.02016,30.38118],[-98.02051,30.38189],[-98.02201,30.38207],[-98.02098,30.3826],[-98.0205,30.3836],[-98.01905,30.3837],[-98.01902,30.3848],[-98.01754,30.38491],[-98.01677,30.38578],[-98.01699,30.38644],[-98.0182,30.38654],[-98.01878,30.38722],[-98.01992,30.38759],[-98.02209,30.38734],[-98.02267,30.38801],[-98.01926,30.38883],[-98.01822,30.38981],[-98.0178,30.38963],[-98.01788,30.38908],[-98.01701,30.38887],[-98.01648,30.39009],[-98.01548,30.38878],[-98.01405,30.38894],[-98.01436,30.39031],[-98.01251,30.39006],[-98.01262,30.39134],[-98.01119,30.3913],[-98.00891,30.39402],[-98.00954,30.39638],[-98.01031,30.39707],[-98.01177,30.3965],[-98.01341,30.39462],[-98.01637,30.39433],[-98.01544,30.39527],[-98.0133,30.39611],[-98.01435,30.39951],[-98.01234,30.39877],[-98.01166,30.399],[-98.01277,30.40005],[-98.01282,30.40106],[-98.01409,30.40251],[-98.01371,30.4034],[-98.01506,30.40441],[-98.01237,30.40356],[-98.01258,30.40237],[-98.01213,30.40207],[-98.01009,30.40317],[-98.0112,30.40152],[-98.01089,30.40044],[-98.0073,30.39727],[-98.00595,30.39711],[-98.00613,30.39912],[-98.00547,30.39786],[-98.00389,30.39673],[-98.00214,30.3976],[-98.00214,30.39854],[-98.00087,30.39836],[-98.001,30.3993],[-97.99915,30.39918],[-98.00224,30.40219],[-97.99765,30.4004],[-97.99747,30.40301],[-97.99628,30.4048],[-97.99593,30.40299],[-97.99635,30.40136],[-97.99545,30.40118],[-97.99287,30.40381],[-97.99392,30.40505],[-97.99385,30.40553],[-97.99284,30.40537],[-97.99147,30.4067],[-97.99168,30.40478],[-97.99059,30.40483],[-97.99054,30.40565],[-97.98917,30.407],[-97.9893,30.40762],[-97.98724,30.40916],[-97.98912,30.41028],[-97.99009,30.4084],[-97.99073,30.40806],[-97.99063,30.41051],[-97.99097,30.41092],[-97.99184,30.41028],[-97.99229,30.41094],[-98.00337,30.41141],[-98.00783,30.41137],[-98.00966,30.41098],[-98.01146,30.40979],[-98.01148,30.41117],[-98.01571,30.41241],[-98.01852,30.41207],[-98.02674,30.41359],[-98.02804,30.41306],[-98.03406,30.41481],[-98.03663,30.41596],[-98.03855,30.41804],[-98.03961,30.41713],[-98.04326,30.41713],[-98.04496,30.41378],[-98.0447,30.41204],[-98.04586,30.41236],[-98.04604,30.41392],[-98.0467,30.41429],[-98.04527,30.41509],[-98.0448,30.41663],[-98.04591,30.41812],[-98.0398,30.41935],[-98.03974,30.41992],[-98.0408,30.4213],[-98.0394,30.42139],[-98.03889,30.42343],[-98.03945,30.4243],[-98.03855,30.42499],[-98.0377,30.42783],[-98.03791,30.42826],[-98.03942,30.42838],[-98.04193,30.42726],[-98.04085,30.42865],[-98.04182,30.43015],[-98.04354,30.4309],[-98.04174,30.43076],[-98.03976,30.42925],[-98.03709,30.42957],[-98.03571,30.43113],[-98.03542,30.43268],[-98.03457,30.43298],[-98.0323,30.43578],[-98.03253,30.43724],[-98.03118,30.43724],[-98.02957,30.43809],[-98.03121,30.44112],[-98.02975,30.43988],[-98.02803,30.43928],[-98.02526,30.44125],[-98.02457,30.44233],[-98.02327,30.44267],[-98.02234,30.44354],[-98.02263,30.44491],[-98.02115,30.44455],[-98.01898,30.44768],[-98.01609,30.45032],[-98.01644,30.45091],[-98.01498,30.45194],[-98.01548,30.453],[-98.01389,30.45348],[-98.01263,30.45274],[-98.01173,30.45293],[-98.01135,30.4535],[-98.0117,30.45462],[-98.01037,30.45606],[-98.00969,30.45414],[-98.00879,30.45409],[-98.00858,30.4534],[-98.00778,30.45345],[-98.00749,30.454],[-98.00643,30.45398],[-98.0049,30.45489],[-98.00437,30.45576],[-98.0032,30.45544],[-98.00307,30.45617],[-98.00199,30.45702],[-98.00201,30.45789],[-98.00132,30.45851],[-98.00196,30.45908],[-98.00119,30.45936],[-98.00105,30.46052],[-98.00148,30.46087],[-98.0037,30.46057],[-98.00375,30.46126],[-98.00142,30.46169],[-98.00227,30.46399],[-98.00401,30.46399],[-98.0029,30.46548],[-98.0038,30.4661],[-98.00306,30.46699],[-98.00396,30.46827],[-98.00485,30.4683],[-98.0043,30.46894],[-98.00454,30.46956],[-98.0071,30.46951],[-98.00517,30.47022],[-98.00498,30.47105],[-98.00559,30.47148],[-98.00607,30.47309],[-98.00731,30.47373],[-98.00654,30.47407],[-98.00667,30.47467],[-98.00918,30.47756],[-98.01048,30.47852],[-98.01191,30.47864],[-98.01334,30.47745],[-98.01366,30.47642],[-98.01445,30.47695],[-98.01302,30.47871],[-98.01331,30.47933],[-98.01627,30.47995],[-98.02016,30.47943],[-98.02014,30.47851],[-98.02133,30.47828],[-98.02019,30.47684],[-98.02006,30.47594],[-98.02165,30.47741],[-98.02339,30.47562],[-98.02318,30.47478],[-98.02414,30.47416],[-98.02469,30.47223],[-98.02348,30.471],[-98.02353,30.46985],[-98.0252,30.47049],[-98.02599,30.46914],[-98.02653,30.46619],[-98.02804,30.46438],[-98.02772,30.46284],[-98.02992,30.45888],[-98.03,30.45695],[-98.03101,30.45693],[-98.03207,30.45494],[-98.03209,30.45299],[-98.03284,30.45299],[-98.03472,30.45015],[-98.03466,30.44928],[-98.03533,30.4493],[-98.03657,30.44793],[-98.03782,30.4455],[-98.03996,30.44341],[-98.04009,30.44252],[-98.04073,30.44259],[-98.04295,30.44007],[-98.0443,30.43938],[-98.04552,30.43755],[-98.04695,30.43739],[-98.04991,30.43503],[-98.05475,30.43263],[-98.05638,30.4312],[-98.05761,30.43301],[-98.06132,30.43151],[-98.06237,30.43268],[-98.06412,30.43309],[-98.06303,30.43392],[-98.06449,30.43605],[-98.06536,30.4391],[-98.06581,30.43965],[-98.06755,30.44013],[-98.06647,30.4407],[-98.06615,30.44256],[-98.06406,30.44581],[-98.06525,30.446],[-98.06675,30.44698],[-98.06606,30.44833],[-98.06556,30.44694],[-98.0631,30.4467],[-98.06323,30.44842],[-98.06268,30.44774],[-98.06101,30.44794],[-98.06091,30.44854],[-98.06009,30.44858],[-98.06022,30.44934],[-98.05897,30.44934],[-98.05913,30.45042],[-98.05786,30.4506],[-98.05754,30.4511],[-98.05744,30.45188],[-98.0582,30.45234],[-98.05731,30.453],[-98.05786,30.45438],[-98.05773,30.45534],[-98.05839,30.45665],[-98.06003,30.45803],[-98.06304,30.45901],[-98.06325,30.45839],[-98.06262,30.45777],[-98.06323,30.45743],[-98.06273,30.45642],[-98.06315,30.45608],[-98.06402,30.45787],[-98.06601,30.45821],[-98.06481,30.45885],[-98.06471,30.45963],[-98.0678,30.4608],[-98.07045,30.46096],[-98.07084,30.46057],[-98.07082,30.4589],[-98.07151,30.45856],[-98.07153,30.4598],[-98.07262,30.46119],[-98.07534,30.4611],[-98.076,30.45934],[-98.07659,30.46078],[-98.07817,30.46175],[-98.08058,30.4615],[-98.08021,30.45987],[-98.08122,30.45985],[-98.08151,30.4584],[-98.08185,30.45847],[-98.08204,30.46046],[-98.08381,30.46005],[-98.08508,30.45909],[-98.08481,30.46058],[-98.08214,30.4617],[-98.08225,30.46241],[-98.08428,30.4631],[-98.08672,30.46299],[-98.08783,30.46248],[-98.08886,30.46386],[-98.09016,30.46354],[-98.09045,30.46285],[-98.09172,30.4623],[-98.09182,30.464],[-98.09301,30.46372],[-98.09357,30.46303],[-98.09381,30.46349],[-98.09471,30.46354],[-98.0941,30.46393],[-98.09428,30.4643],[-98.09092,30.46464],[-98.09024,30.46535],[-98.09375,30.46796],[-98.09426,30.46968],[-98.09605,30.47147],[-98.09674,30.47126],[-98.09632,30.47044],[-98.09836,30.46854],[-98.10158,30.46732],[-98.10188,30.46686],[-98.10153,30.46512],[-98.10248,30.46634],[-98.10164,30.46856],[-98.10293,30.47049],[-98.10598,30.46982],[-98.1064,30.46799],[-98.10833,30.46838],[-98.10688,30.46838],[-98.10709,30.46982],[-98.10669,30.47021],[-98.10465,30.4714],[-98.10322,30.47163],[-98.10137,30.47101],[-98.10137,30.47005],[-98.10053,30.469],[-98.09865,30.46975],[-98.09918,30.47129],[-98.09886,30.47248],[-98.09783,30.47372],[-98.09777,30.4747],[-98.09904,30.47539],[-98.10045,30.47447],[-98.10089,30.47468],[-98.09904,30.47605],[-98.09719,30.47587],[-98.09653,30.47537],[-98.096,30.47683],[-98.09759,30.47752],[-98.09774,30.47816],[-98.09526,30.47773],[-98.09211,30.47974],[-98.09153,30.48077],[-98.0916,30.4824],[-98.09205,30.48284],[-98.09317,30.48263],[-98.09248,30.48336],[-98.0925,30.48435],[-98.09041,30.4832],[-98.09015,30.48217],[-98.0897,30.48203],[-98.08935,30.4832],[-98.08824,30.48318],[-98.08779,30.4838],[-98.08883,30.48444],[-98.08943,30.48559],[-98.08687,30.48492],[-98.08499,30.48717],[-98.08398,30.48744],[-98.08319,30.48882],[-98.08387,30.49134],[-98.08541,30.49326],[-98.0866,30.49381],[-98.09538,30.49471],[-98.09851,30.49574],[-98.10245,30.49526],[-98.10806,30.49226],[-98.10698,30.49063],[-98.10841,30.49095],[-98.10947,30.48871],[-98.10976,30.48884],[-98.10912,30.49088],[-98.10968,30.49121],[-98.11058,30.49091],[-98.11291,30.48603],[-98.11259,30.48534],[-98.11309,30.48332],[-98.11394,30.48504],[-98.11772,30.48435],[-98.1177,30.48314],[-98.11701,30.48231],[-98.11772,30.48213],[-98.1191,30.48376],[-98.11997,30.48383],[-98.11979,30.48451],[-98.12018,30.48477],[-98.12415,30.48451],[-98.12471,30.48383],[-98.12468,30.48204],[-98.12415,30.48119],[-98.12476,30.48094],[-98.12616,30.48371],[-98.12913,30.48463],[-98.1304,30.48234],[-98.12995,30.48147],[-98.13098,30.48096],[-98.13024,30.47723],[-98.13119,30.47835],[-98.13095,30.47895],[-98.13207,30.48069],[-98.1318,30.48186],[-98.13246,30.48433],[-98.13302,30.48429],[-98.13426,30.48243],[-98.13434,30.48069],[-98.13588,30.47956],[-98.13826,30.47979],[-98.13963,30.47784],[-98.13942,30.47672],[-98.14037,30.47771],[-98.1391,30.48172],[-98.14016,30.48254],[-98.14241,30.48282],[-98.14432,30.48172],[-98.14202,30.48506],[-98.14024,30.48477],[-98.13744,30.4828],[-98.13625,30.4825],[-98.13633,30.48461],[-98.13757,30.48509],[-98.1395,30.48683],[-98.13823,30.48665],[-98.13757,30.48729],[-98.13675,30.48704],[-98.13447,30.48763],[-98.13402,30.48869],[-98.13566,30.48919],[-98.13585,30.49013],[-98.13659,30.4904],[-98.13659,30.49148],[-98.13853,30.49226],[-98.13683,30.49231],[-98.1349,30.49043],[-98.13323,30.49006],[-98.13289,30.49148],[-98.1323,30.49178],[-98.13363,30.49304],[-98.13289,30.49377],[-98.13284,30.49632],[-98.13448,30.49673],[-98.13435,30.49843],[-98.13324,30.49905],[-98.13504,30.4996],[-98.13461,30.50055],[-98.1335,30.50122],[-98.13392,30.5022],[-98.13493,30.50243],[-98.1339,30.50344],[-98.13496,30.5044],[-98.13454,30.50614],[-98.13557,30.50892],[-98.13528,30.5157],[-98.13414,30.51843],[-98.13456,30.52092],[-98.13393,30.52166],[-98.13356,30.52081],[-98.13181,30.52047],[-98.13218,30.51921],[-98.13133,30.51925],[-98.1271,30.51983],[-98.12675,30.52106],[-98.12562,30.52086],[-98.12397,30.52326],[-98.12302,30.52283],[-98.12315,30.52129],[-98.12207,30.52209],[-98.1217,30.52377],[-98.12392,30.52945],[-98.12575,30.53628],[-98.12858,30.5363],[-98.13033,30.53543],[-98.13515,30.52867],[-98.14015,30.52333],[-98.14118,30.52255],[-98.14248,30.52251],[-98.14224,30.52136],[-98.14354,30.522],[-98.14359,30.52319],[-98.14521,30.52411],[-98.14854,30.52441],[-98.15349,30.52312],[-98.1577,30.52292],[-98.16678,30.52582],[-98.17102,30.5302],[-98.17142,30.53231],[-98.17065,30.53471],[-98.17338,30.53652],[-98.17492,30.53632],[-98.17605,30.53554],[-98.17849,30.53272],[-98.17904,30.53263],[-98.18296,30.53375],[-98.18686,30.53592],[-98.18845,30.5386],[-98.18964,30.53874],[-98.19192,30.53755],[-98.19379,30.53502],[-98.19517,30.53418],[-98.1952,30.53285],[-98.19572,30.53243],[-98.19641,30.5347],[-98.19811,30.53518],[-98.1953,30.53585],[-98.19507,30.53638],[-98.1957,30.53803],[-98.19517,30.53819],[-98.19446,30.537],[-98.19353,30.53693],[-98.19152,30.53878],[-98.18866,30.53975],[-98.18964,30.54575],[-98.18779,30.55011],[-98.18734,30.55249],[-98.18748,30.55433],[-98.18904,30.55861],[-98.19016,30.56015],[-98.19381,30.56223],[-98.20494,30.5658],[-98.21148,30.56893],[-98.21344,30.569],[-98.21665,30.56797],[-98.22361,30.56246],[-98.2271,30.56076],[-98.23078,30.56088],[-98.2346,30.56204],[-98.23552,30.56181],[-98.23582,30.56204],[-98.23518,30.56273],[-98.23537,30.56332],[-98.23799,30.56422],[-98.23908,30.56353],[-98.24074,30.56137],[-98.24291,30.55674],[-98.24561,30.55367],[-98.24754,30.55346],[-98.2486,30.55408],[-98.2538,30.55437],[-98.25542,30.55549],[-98.25679,30.55559],[-98.25586,30.55701],[-98.2543,30.55579],[-98.25234,30.55522],[-98.24963,30.55479],[-98.2469,30.55525],[-98.24368,30.55788],[-98.24207,30.56192],[-98.24064,30.56401],[-98.23953,30.56481],[-98.2368,30.56548],[-98.23243,30.56342],[-98.22856,30.56269],[-98.22626,30.56301],[-98.22041,30.56735],[-98.21816,30.56962],[-98.21331,30.57145],[-98.20788,30.56898],[-98.1927,30.56349],[-98.1882,30.56074],[-98.18586,30.55694],[-98.1847,30.55357],[-98.18702,30.54704],[-98.18734,30.54447],[-98.18667,30.53989],[-98.18511,30.53705],[-98.18236,30.5359],[-98.17936,30.53567],[-98.17762,30.53629],[-98.17534,30.53932],[-98.17367,30.54067],[-98.16777,30.54168],[-98.16626,30.54045],[-98.16623,30.53935],[-98.16946,30.53148],[-98.1661,30.52736],[-98.16273,30.52612],[-98.15985,30.52686],[-98.15688,30.52658],[-98.15241,30.52748],[-98.14301,30.52622],[-98.14065,30.52659],[-98.1379,30.52966],[-98.13552,30.53406],[-98.13727,30.53362],[-98.1392,30.53472],[-98.14277,30.5344],[-98.14148,30.53493],[-98.14126,30.53548],[-98.13917,30.53562],[-98.13848,30.53809],[-98.13732,30.53788],[-98.13663,30.53653],[-98.13507,30.53529],[-98.13316,30.53763],[-98.13324,30.53855],[-98.13218,30.53887],[-98.13197,30.54061],[-98.13073,30.54022],[-98.1302,30.54096],[-98.12826,30.54169],[-98.12882,30.543],[-98.12771,30.54327],[-98.12837,30.54382],[-98.12792,30.54412],[-98.12787,30.54536],[-98.12932,30.54834],[-98.12924,30.54921],[-98.12816,30.54969],[-98.12601,30.54925],[-98.1257,30.55083],[-98.12511,30.55086],[-98.1253,30.54932],[-98.1263,30.54863],[-98.12763,30.54857],[-98.12784,30.54802],[-98.12435,30.54458],[-98.12503,30.54256],[-98.1248,30.54183],[-98.12395,30.54171],[-98.12366,30.54247],[-98.1231,30.54251],[-98.1204,30.5419],[-98.11831,30.54325],[-98.11905,30.5416],[-98.12106,30.54073],[-98.12278,30.54061],[-98.12331,30.53926],[-98.12122,30.53358],[-98.1191,30.53399],[-98.12014,30.532],[-98.11842,30.52805],[-98.11728,30.52734],[-98.11526,30.52814],[-98.11423,30.52904],[-98.11378,30.53018],[-98.11391,30.52771],[-98.10994,30.5275],[-98.11278,30.52691],[-98.1136,30.52567],[-98.10963,30.52317],[-98.11402,30.52429],[-98.11585,30.52544],[-98.11741,30.52436],[-98.11815,30.52164],[-98.11688,30.52035],[-98.11863,30.52109],[-98.12072,30.51962],[-98.12964,30.51522],[-98.13189,30.51265],[-98.13234,30.51123],[-98.132,30.51116],[-98.12768,30.51194],[-98.12823,30.51086],[-98.13091,30.51052],[-98.13064,30.50536],[-98.13046,30.50397],[-98.12956,30.50287],[-98.12948,30.49969],[-98.12897,30.49895],[-98.12834,30.49888],[-98.12849,30.49806],[-98.12746,30.49595],[-98.12574,30.49471],[-98.12508,30.49341],[-98.12548,30.49167],[-98.12225,30.48912],[-98.11994,30.48802],[-98.11809,30.48791],[-98.11455,30.4891],[-98.11497,30.49192],[-98.11566,30.4929],[-98.11415,30.49173],[-98.11399,30.49045],[-98.11357,30.49038],[-98.11304,30.49127],[-98.11282,30.49444],[-98.1093,30.49739],[-98.11153,30.49804],[-98.11057,30.499],[-98.11124,30.50154],[-98.11069,30.50286],[-98.10997,30.50174],[-98.11007,30.49973],[-98.10798,30.49913],[-98.10722,30.49971],[-98.10663,30.4992],[-98.10473,30.4998],[-98.10465,30.50153],[-98.10328,30.50032],[-98.10018,30.50156],[-98.09695,30.50172],[-98.09719,30.50286],[-98.09634,30.50256],[-98.09563,30.503],[-98.09523,30.50162],[-98.09314,30.5016],[-98.09089,30.50217],[-98.09028,30.50275],[-98.09081,30.50534],[-98.09245,30.50653],[-98.0915,30.50767],[-98.09089,30.50586],[-98.0893,30.50419],[-98.0879,30.50492],[-98.0871,30.5063],[-98.08702,30.50501],[-98.08877,30.50316],[-98.0888,30.50252],[-98.08837,30.5019],[-98.08668,30.50135],[-98.08512,30.50208],[-98.08493,30.50107],[-98.08366,30.49947],[-98.08258,30.49904],[-98.08295,30.50021],[-98.08231,30.50158],[-98.08125,30.50151],[-98.08083,30.5029],[-98.07964,30.50414],[-98.08043,30.50224],[-98.07826,30.50279],[-98.078,30.50171],[-98.079,30.50185],[-98.08133,30.50021],[-98.0813,30.49947],[-98.08019,30.49835],[-98.08072,30.49764],[-98.07935,30.49688],[-98.07853,30.49383],[-98.07837,30.49088],[-98.07755,30.4922],[-98.0763,30.49305],[-98.07577,30.49285],[-98.07742,30.49094],[-98.07726,30.48991],[-98.07639,30.48906],[-98.07874,30.48916],[-98.08258,30.48391],[-98.08044,30.48412],[-98.08031,30.48308],[-98.07729,30.48191],[-98.07618,30.48077],[-98.07882,30.48125],[-98.08086,30.48235],[-98.08446,30.48222],[-98.08676,30.47931],[-98.08674,30.47871],[-98.08721,30.47862],[-98.08708,30.47798],[-98.08496,30.47768],[-98.08446,30.47667],[-98.08536,30.4771],[-98.08639,30.47685],[-98.08748,30.47539],[-98.08827,30.47527],[-98.08825,30.47486],[-98.08923,30.47509],[-98.08952,30.4744],[-98.08915,30.4739],[-98.09026,30.4736],[-98.09066,30.47174],[-98.08952,30.47112],[-98.08994,30.46957],[-98.08809,30.46801],[-98.08679,30.46846],[-98.08693,30.46975],[-98.08619,30.47007],[-98.08595,30.46846],[-98.08478,30.46748],[-98.08428,30.46619],[-98.0833,30.46642],[-98.08166,30.46558],[-98.08092,30.46608],[-98.08084,30.46684],[-98.07986,30.46512],[-98.07894,30.46534],[-98.07828,30.46495],[-98.0774,30.46635],[-98.07669,30.46511],[-98.07574,30.4647],[-98.07497,30.46516],[-98.07407,30.46475],[-98.07293,30.46509],[-98.07121,30.46445],[-98.06825,30.46447],[-98.06732,30.46504],[-98.06753,30.46571],[-98.06973,30.46656],[-98.07036,30.46708],[-98.07081,30.46857],[-98.07264,30.46993],[-98.07169,30.47034],[-98.07124,30.46956],[-98.07005,30.46951],[-98.06975,30.47144],[-98.06809,30.47261],[-98.06933,30.47132],[-98.06946,30.46805],[-98.06812,30.46729],[-98.06611,30.46704],[-98.06544,30.46933],[-98.06499,30.46937],[-98.06499,30.46889],[-98.06438,30.46862],[-98.06526,30.46807],[-98.06433,30.46738],[-98.06489,30.46605],[-98.06417,30.46552],[-98.06428,30.46499],[-98.0632,30.46435],[-98.06185,30.46454],[-98.06135,30.46332],[-98.05894,30.46215],[-98.05659,30.4599],[-98.05537,30.4596],[-98.05603,30.4586],[-98.05492,30.45697],[-98.0541,30.45731],[-98.05278,30.45692],[-98.05439,30.45596],[-98.05371,30.45231],[-98.05291,30.45165],[-98.05347,30.45105],[-98.05302,30.45073],[-98.05355,30.45064],[-98.0553,30.4481],[-98.05726,30.44629],[-98.06035,30.44441],[-98.06218,30.44226],[-98.06189,30.44178],[-98.06231,30.44132],[-98.06141,30.44088],[-98.06213,30.43974],[-98.06107,30.43829],[-98.06139,30.4377],[-98.06025,30.4374],[-98.05946,30.43598],[-98.05869,30.43586],[-98.05801,30.43499],[-98.05695,30.43485],[-98.0547,30.43627],[-98.05591,30.43811],[-98.05499,30.43804],[-98.05427,30.43698],[-98.0534,30.43678],[-98.05009,30.43891],[-98.05089,30.43941],[-98.05054,30.43998],[-98.05107,30.44081],[-98.04917,30.44003],[-98.04634,30.44179],[-98.04565,30.44264],[-98.04588,30.44381],[-98.04477,30.44346],[-98.04374,30.44449],[-98.04448,30.44665],[-98.0426,30.44536],[-98.04051,30.448],[-98.04077,30.44935],[-98.03961,30.44898],[-98.03826,30.45045],[-98.03762,30.45148],[-98.03794,30.45224],[-98.03662,30.45246],[-98.03445,30.45668],[-98.03378,30.45872],[-98.03537,30.45808],[-98.03772,30.45854],[-98.03738,30.46026],[-98.03968,30.46154],[-98.03899,30.4623],[-98.03957,30.46331],[-98.03851,30.46257],[-98.03854,30.46156],[-98.03518,30.45938],[-98.03325,30.46069],[-98.03129,30.46596],[-98.03375,30.46601],[-98.03457,30.46731],[-98.03549,30.46738],[-98.03322,30.46837],[-98.03459,30.46899],[-98.03531,30.46988],[-98.03583,30.47247],[-98.03729,30.47435],[-98.04046,30.47704],[-98.03948,30.47687],[-98.03803,30.4758],[-98.03544,30.47314],[-98.03485,30.47107],[-98.03398,30.46995],[-98.03139,30.46905],[-98.03094,30.4685],[-98.03107,30.46802],[-98.03266,30.4672],[-98.03078,30.46736],[-98.02959,30.47116],[-98.03025,30.47185],[-98.0293,30.47242],[-98.02853,30.47471],[-98.03144,30.47412],[-98.03265,30.47522],[-98.03086,30.47481],[-98.02951,30.47611],[-98.02831,30.47579],[-98.02702,30.47838],[-98.02445,30.48126],[-98.01891,30.48399],[-98.01844,30.48463],[-98.01605,30.48426],[-98.01611,30.48536],[-98.01502,30.48653],[-98.01507,30.48795],[-98.01348,30.48875],[-98.01983,30.49111],[-98.02343,30.49006],[-98.02467,30.49052],[-98.02486,30.49137],[-98.02399,30.49332],[-98.02417,30.49385],[-98.02306,30.49511],[-98.02335,30.49598],[-98.02213,30.49614],[-98.01993,30.49836],[-98.02459,30.49953],[-98.02488,30.50088],[-98.02387,30.50264],[-98.0244,30.50427],[-98.02342,30.5039],[-98.02279,30.50225],[-98.02358,30.50111],[-98.02345,30.50021],[-98.0216,30.49966],[-98.01977,30.49996],[-98.01884,30.49914],[-98.01916,30.49804],[-98.02303,30.49341],[-98.02332,30.49197],[-98.02269,30.49164],[-98.01813,30.49274],[-98.01652,30.49162],[-98.01464,30.49177],[-98.01369,30.49058],[-98.0106,30.49079],[-98.01057,30.49021],[-98.01128,30.48982],[-98.00922,30.48884],[-98.00819,30.48698],[-98.00981,30.48581],[-98.01224,30.48616],[-98.01259,30.48455],[-98.01198,30.48396],[-98.00849,30.48281],[-98.00788,30.48274],[-98.00706,30.48347],[-98.00576,30.48111],[-98.00338,30.48145],[-98.00458,30.47934],[-98.0046,30.47805],[-98.00342,30.47629],[-98.00251,30.4774],[-97.99988,30.47786],[-97.99751,30.48189],[-97.99367,30.48258],[-97.99425,30.48178],[-97.99735,30.48132],[-97.99785,30.48063],[-97.99777,30.47926],[-97.99967,30.4763],[-98.0017,30.47614],[-98.00201,30.47545],[-98.00151,30.47492],[-98.00029,30.47478],[-98.00029,30.47531],[-97.99985,30.47486],[-97.99999,30.47394],[-98.00154,30.47358],[-98.00075,30.47165],[-98.00029,30.47131],[-97.99961,30.47181],[-97.99861,30.47078],[-97.99985,30.47027],[-97.99924,30.46986],[-97.99926,30.46931],[-97.99792,30.46984],[-97.99659,30.46918],[-97.99826,30.46773],[-97.99757,30.46555],[-97.99709,30.46516],[-97.99643,30.46542],[-97.99421,30.46794],[-97.99273,30.46714],[-97.99445,30.46629],[-97.99413,30.46553],[-97.99228,30.46563],[-97.99241,30.46492],[-97.99085,30.46425],[-97.99455,30.46418],[-97.9955,30.46303],[-97.9959,30.46147],[-97.99677,30.46037],[-97.99801,30.45563],[-98.00318,30.45076],[-98.00324,30.44994],[-98.00414,30.44987],[-98.00388,30.44746],[-98.00509,30.44864],[-98.00813,30.44957],[-98.0098,30.4493],[-98.00943,30.44832],[-98.01131,30.44903],[-98.01316,30.44802],[-98.01351,30.4466],[-98.0147,30.44644],[-98.01443,30.4452],[-98.0157,30.44527],[-98.01647,30.44353],[-98.01748,30.44365],[-98.01827,30.44315],[-98.01782,30.44255],[-98.016,30.44264],[-98.01515,30.44317],[-98.01515,30.4422],[-98.0143,30.44135],[-98.01587,30.44092],[-98.01933,30.43868],[-98.02005,30.43985],[-98.01798,30.44129],[-98.01806,30.44168],[-98.01957,30.44186],[-98.02097,30.44097],[-98.02219,30.43983],[-98.02161,30.43927],[-98.0206,30.43932],[-98.02013,30.43849],[-98.02481,30.4368],[-98.02476,30.43501],[-98.02608,30.436],[-98.02695,30.43575],[-98.0287,30.43355],[-98.02833,30.43218],[-98.02905,30.43188],[-98.02973,30.43227],[-98.03217,30.42975],[-98.03103,30.42796],[-98.03318,30.42886],[-98.03376,30.42721],[-98.0335,30.42622],[-98.03432,30.42576],[-98.0344,30.42441],[-98.03397,30.42377],[-98.03461,30.42281],[-98.03382,30.42143],[-98.0344,30.42125],[-98.03453,30.42003],[-98.03348,30.41937],[-98.03387,30.41877],[-98.03332,30.41841],[-98.03012,30.41714],[-98.02988,30.41753],[-98.03099,30.41831],[-98.0307,30.41863],[-98.03017,30.41815],[-98.02935,30.41831],[-98.02851,30.41689],[-98.0252,30.41647],[-98.02465,30.41702],[-98.02512,30.41785],[-98.02346,30.41787],[-98.02325,30.41659],[-98.01989,30.41608],[-98.0193,30.41663],[-98.0174,30.41589],[-98.01232,30.41594],[-98.01378,30.41848],[-98.01322,30.41892],[-98.01023,30.4166],[-98.00886,30.41722],[-98.00804,30.41701],[-98.00865,30.41596],[-98.0059,30.41579],[-98.00595,30.41973],[-98.00502,30.41772],[-98.00301,30.41746],[-98.00394,30.41679],[-98.00389,30.41599],[-98.00318,30.41576],[-98.00188,30.41621],[-98.00101,30.41582],[-98.00029,30.41651],[-97.99873,30.41674],[-98.0001,30.41832],[-97.99822,30.41793],[-97.99754,30.41834],[-97.99788,30.42006],[-97.99759,30.4215],[-97.99722,30.41974],[-97.99653,30.41896],[-97.99286,30.41828],[-97.99161,30.41919],[-97.98826,30.41945],[-97.98857,30.42066],[-97.98813,30.42096],[-97.98691,30.41966],[-97.98577,30.41931],[-97.98469,30.42261],[-97.98406,30.42291],[-97.98487,30.4197],[-97.98225,30.41794],[-97.98532,30.41842],[-97.9868,30.41764],[-97.98357,30.41478],[-97.98039,30.40859],[-97.97999,30.40557],[-97.98303,30.40116],[-97.98548,30.39901],[-97.99537,30.39549],[-97.9978,30.3932],[-97.99743,30.39251],[-97.99608,30.39185],[-97.99933,30.39231],[-98.00093,30.39125],[-98.00091,30.39043],[-98.00241,30.39044],[-98.00374,30.38927],[-98.00406,30.38833],[-98.00493,30.38813],[-98.00713,30.38598],[-98.00707,30.38511],[-98.00824,30.38485],[-98.00752,30.38352],[-98.00813,30.38311],[-98.00787,30.3808],[-98.00927,30.38197],[-98.00945,30.38369],[-98.01083,30.38284],[-98.01051,30.3824],[-98.01094,30.38167],[-98.01165,30.38213],[-98.01252,30.38076],[-98.01229,30.37989],[-98.00869,30.37821],[-98.00732,30.37859],[-98.00727,30.37777],[-98.00558,30.37808],[-98.00164,30.37723],[-98.00098,30.37741],[-98.00047,30.37856],[-97.99942,30.37778],[-97.99847,30.37879],[-97.9977,30.37798],[-97.99154,30.37929],[-97.99117,30.38003],[-97.99437,30.38062],[-97.99596,30.38154],[-97.99384,30.38167],[-97.99334,30.38223],[-97.99033,30.38133],[-97.98837,30.38191],[-97.98829,30.38244],[-97.98978,30.38383],[-97.98734,30.38363],[-97.98689,30.3842],[-97.98848,30.38567],[-97.98557,30.38551],[-97.98587,30.38732],[-97.98388,30.38689],[-97.98188,30.38865],[-97.98098,30.39003],[-97.98439,30.3914],[-97.98225,30.3914],[-97.98148,30.39186],[-97.98307,30.39507],[-97.98117,30.39436],[-97.9803,30.39264],[-97.97873,30.39193],[-97.97559,30.39384],[-97.97599,30.39652],[-97.97385,30.3945],[-97.97263,30.39521],[-97.97181,30.39638],[-97.97337,30.39899],[-97.97488,30.39986],[-97.97665,30.39991],[-97.97533,30.40112],[-97.97563,30.40514],[-97.97528,30.40518],[-97.9742,30.40094],[-97.97118,30.3978],[-97.97002,30.39959],[-97.96973,30.39785],[-97.96399,30.39907],[-97.95973,30.39935],[-97.94966,30.39741],[-97.94781,30.39821],[-97.94675,30.39954],[-97.94543,30.40023],[-97.94469,30.40305],[-97.94932,30.4],[-97.95177,30.39986],[-97.95378,30.40063],[-97.94992,30.40089],[-97.94927,30.40242],[-97.94773,30.40357],[-97.94731,30.40614],[-97.94776,30.4063],[-97.94942,30.4043],[-97.95167,30.40329],[-97.95252,30.40339],[-97.95038,30.40492],[-97.95149,30.40687],[-97.95041,30.40859],[-97.9494,30.40905],[-97.94819,30.41056],[-97.94917,30.41118],[-97.9531,30.41054],[-97.9517,30.41154],[-97.95155,30.41214],[-97.95395,30.41274],[-97.9516,30.4134],[-97.95126,30.41391],[-97.95194,30.41471],[-97.95435,30.41553],[-97.95401,30.4164],[-97.95438,30.41711],[-97.95546,30.41734],[-97.95882,30.41681],[-97.96056,30.41438],[-97.9612,30.41475],[-97.9598,30.41686],[-97.96022,30.41761],[-97.96874,30.41639],[-97.96755,30.41795],[-97.9685,30.41917],[-97.96816,30.41979],[-97.96691,30.41809],[-97.96596,30.41782],[-97.96229,30.41855],[-97.96202,30.41967],[-97.95848,30.41894],[-97.95734,30.41984],[-97.9579,30.4213],[-97.96015,30.42282],[-97.95859,30.42323],[-97.95925,30.42525],[-97.96063,30.42616],[-97.96388,30.42561],[-97.96356,30.42618],[-97.96166,30.42699],[-97.9615,30.42781],[-97.96211,30.4285],[-97.96386,30.42902],[-97.96309,30.42985],[-97.96505,30.4317],[-97.96285,30.43033],[-97.96161,30.42893],[-97.96105,30.429],[-97.96286,30.43425],[-97.96233,30.43414],[-97.96177,30.43269],[-97.95994,30.43109],[-97.96002,30.42738],[-97.95907,30.42703],[-97.95814,30.43013],[-97.95577,30.43357],[-97.95341,30.43563],[-97.954,30.43627],[-97.95339,30.43772],[-97.95379,30.43911],[-97.95622,30.4381],[-97.95699,30.4381],[-97.95654,30.43872],[-97.9553,30.43955],[-97.95355,30.4396],[-97.95225,30.43671],[-97.94358,30.44114],[-97.94506,30.44146],[-97.9477,30.44008],[-97.94966,30.44029],[-97.95178,30.4398],[-97.95321,30.44028],[-97.95411,30.44202],[-97.95252,30.44031],[-97.95167,30.44024],[-97.95059,30.44104],[-97.95072,30.44255],[-97.94892,30.44111],[-97.94749,30.44113],[-97.94493,30.44304],[-97.94493,30.44393],[-97.94657,30.44492],[-97.94842,30.44737],[-97.95134,30.44911],[-97.95187,30.4503],[-97.95472,30.45117],[-97.95459,30.45197],[-97.95501,30.45243],[-97.95626,30.45245],[-97.95724,30.45305],[-97.96025,30.45316],[-97.96046,30.45353],[-97.95663,30.45364],[-97.9565,30.45621],[-97.95634,30.45424],[-97.95562,30.45369],[-97.95184,30.45167],[-97.95083,30.45161],[-97.94872,30.45016],[-97.94829,30.45019],[-97.94824,30.45197],[-97.94668,30.45083],[-97.94769,30.44943],[-97.94615,30.44774],[-97.94541,30.44771],[-97.94498,30.44648],[-97.9434,30.44547],[-97.94223,30.44279],[-97.94078,30.44221],[-97.93747,30.44272],[-97.93173,30.44238],[-97.92602,30.44039],[-97.92705,30.44192],[-97.92718,30.44437],[-97.92782,30.44511],[-97.93263,30.44479],[-97.93319,30.44513],[-97.93271,30.44621],[-97.93115,30.44609],[-97.92872,30.44822],[-97.92983,30.44997],[-97.92909,30.4507],[-97.92938,30.45152],[-97.92867,30.45251],[-97.92933,30.45388],[-97.92758,30.45581],[-97.93087,30.45787],[-97.93507,30.45766],[-97.93806,30.46037],[-97.93965,30.46],[-97.93806,30.46083],[-97.93478,30.45842],[-97.93092,30.45911],[-97.9278,30.45831],[-97.92835,30.45966],[-97.92793,30.46186],[-97.92748,30.46163],[-97.92703,30.45998],[-97.9265,30.45994],[-97.92529,30.46195],[-97.92074,30.46427],[-97.92047,30.46468],[-97.92153,30.467],[-97.92129,30.46745],[-97.92023,30.46567],[-97.91896,30.46498],[-97.91407,30.46624],[-97.9133,30.46684],[-97.91301,30.46757],[-97.91333,30.46874],[-97.91831,30.47584],[-97.9182,30.47784],[-97.91934,30.47786],[-97.91966,30.4788],[-97.92207,30.48098],[-97.92342,30.48004],[-97.92469,30.48143],[-97.92474,30.4818],[-97.9241,30.48166],[-97.92365,30.481],[-97.92207,30.48182],[-97.91897,30.48052],[-97.9195,30.48192],[-97.92204,30.48425],[-97.92292,30.48572],[-97.9231,30.48707],[-97.92421,30.48801],[-97.92421,30.4887],[-97.92326,30.48785],[-97.92247,30.4879],[-97.9185,30.4892],[-97.91715,30.49115],[-97.91868,30.49207],[-97.91688,30.492],[-97.91588,30.49693],[-97.91495,30.4978],[-97.91278,30.49814],[-97.91286,30.49902],[-97.91146,30.49835],[-97.91011,30.49833],[-97.90545,30.50021],[-97.90883,30.49771],[-97.91247,30.49736],[-97.91448,30.49633],[-97.91514,30.49516],[-97.91651,30.48939],[-97.91932,30.48574],[-97.91797,30.48467],[-97.91648,30.47997],[-97.91606,30.47958],[-97.91529,30.47974],[-97.91598,30.47756],[-97.91476,30.47529],[-97.91167,30.4741],[-97.91069,30.47316],[-97.90905,30.4731],[-97.90727,30.47543],[-97.90484,30.47626],[-97.90614,30.47802],[-97.9059,30.47901],[-97.90368,30.47906],[-97.90307,30.47867],[-97.90561,30.47855],[-97.90545,30.478],[-97.90323,30.47683],[-97.90246,30.47587],[-97.90603,30.47479],[-97.90706,30.4722],[-97.90296,30.47175],[-97.90211,30.47108],[-97.9037,30.47145],[-97.90751,30.47126],[-97.90817,30.47083],[-97.90838,30.46982],[-97.90703,30.46544],[-97.90444,30.46313],[-97.90873,30.46533],[-97.91055,30.46379],[-97.91399,30.46297],[-97.91772,30.46099],[-97.92221,30.4576],[-97.92335,30.45517],[-97.92327,30.45249],[-97.92219,30.45072],[-97.92176,30.4507],[-97.91954,30.4527],[-97.92055,30.45107],[-97.92076,30.44882],[-97.92057,30.44781],[-97.91893,30.44532],[-97.91732,30.44523],[-97.91528,30.44733],[-97.91152,30.44871],[-97.91052,30.44823],[-97.9147,30.44603],[-97.91552,30.44383],[-97.91478,30.44314],[-97.9152,30.44232],[-97.91411,30.44206],[-97.91393,30.44124],[-97.91179,30.4408],[-97.91448,30.43952],[-97.91443,30.43759],[-97.91382,30.43611],[-97.91414,30.43413],[-97.91059,30.43067],[-97.90975,30.43045],[-97.9079,30.43597],[-97.90599,30.43696],[-97.90761,30.43464],[-97.90787,30.432],[-97.90726,30.42932],[-97.90467,30.42799],[-97.90232,30.43033],[-97.89919,30.43166],[-97.9006,30.43054],[-97.90438,30.42563],[-97.90377,30.42488],[-97.89978,30.4249],[-97.89562,30.42664],[-97.89496,30.42758],[-97.89396,30.42667],[-97.89253,30.42774],[-97.89163,30.42676],[-97.89002,30.42841],[-97.88936,30.43098],[-97.88901,30.43098],[-97.88806,30.42852],[-97.88465,30.42905],[-97.88364,30.43004],[-97.88364,30.43141],[-97.8823,30.43242],[-97.882,30.43473],[-97.88274,30.43698],[-97.88195,30.43714],[-97.88084,30.43941],[-97.88047,30.43943],[-97.88129,30.43572],[-97.88071,30.43288],[-97.87984,30.43231],[-97.87664,30.43292],[-97.87539,30.43801],[-97.87476,30.43865],[-97.87148,30.43911],[-97.87481,30.4371],[-97.87248,30.43444],[-97.87396,30.43396],[-97.87476,30.43001],[-97.87473,30.42935],[-97.87367,30.42839],[-97.87354,30.42566],[-97.87441,30.42573],[-97.87515,30.42791],[-97.87677,30.42944],[-97.87902,30.4305],[-97.88142,30.42703],[-97.87999,30.42353],[-97.88023,30.42296],[-97.88192,30.42543],[-97.88483,30.42428],[-97.88623,30.42428],[-97.887,30.42316],[-97.88732,30.42314],[-97.88708,30.42465],[-97.88787,30.42493],[-97.89126,30.42234],[-97.89634,30.42188],[-97.89702,30.42069],[-97.897,30.41878],[-97.89845,30.42009],[-97.90139,30.41809],[-97.90157,30.41202],[-97.90049,30.4122],[-97.90022,30.41415],[-97.89895,30.41374],[-97.89821,30.41422],[-97.89715,30.41287],[-97.89554,30.41319],[-97.89401,30.41237],[-97.89107,30.41429],[-97.88983,30.41333],[-97.88814,30.41411],[-97.88779,30.4139],[-97.88872,30.41326],[-97.88851,30.41285],[-97.88457,30.41305],[-97.88404,30.41244],[-97.88121,30.41241],[-97.87933,30.41161],[-97.87772,30.41024],[-97.87661,30.40765],[-97.87687,30.40444],[-97.87806,30.40169],[-97.88124,30.39756],[-97.88073,30.39685],[-97.87838,30.39628],[-97.87672,30.39665],[-97.87582,30.39603],[-97.87991,30.39518],[-97.88266,30.39516],[-97.88261,30.39628],[-97.88295,30.39632],[-97.89194,30.39316],[-97.89215,30.39289],[-97.89131,30.39181],[-97.89305,30.39199],[-97.89332,30.38943],[-97.89464,30.39183],[-97.89586,30.3922],[-97.89905,30.39135],[-97.90069,30.39018],[-97.90119,30.38917],[-97.90215,30.38878],[-97.90371,30.38876],[-97.90572,30.38965],[-97.9086,30.39398],[-97.90659,30.39515],[-97.904,30.39584],[-97.90307,30.39664],[-97.90659,30.39715],[-97.90416,30.39772],[-97.90812,30.40159],[-97.91032,30.40145],[-97.91183,30.40035],[-97.91352,30.40097],[-97.91608,30.40099],[-97.91513,30.40203],[-97.91193,30.40161],[-97.90921,30.40324],[-97.91193,30.40666],[-97.91336,30.40675],[-97.91244,30.40792],[-97.914,30.41062],[-97.91471,30.41099],[-97.91447,30.41195],[-97.91522,30.41374],[-97.91585,30.41417],[-97.91765,30.41419],[-97.91596,30.41575],[-97.9167,30.41745],[-97.91646,30.42004],[-97.91739,30.42057],[-97.91776,30.42155],[-97.92117,30.42079],[-97.91773,30.4232],[-97.9204,30.42311],[-97.92297,30.42416],[-97.92574,30.42402],[-97.92619,30.42182],[-97.92733,30.42139],[-97.92651,30.4229],[-97.92805,30.4245],[-97.9267,30.42434],[-97.9226,30.42561],[-97.92009,30.42492],[-97.91815,30.42561],[-97.91786,30.42643],[-97.91876,30.42822],[-97.92141,30.42911],[-97.92281,30.42907],[-97.92133,30.42989],[-97.92109,30.43056],[-97.92197,30.43113],[-97.92395,30.43085],[-97.92498,30.43218],[-97.92829,30.43051],[-97.92739,30.43289],[-97.92821,30.43349],[-97.92966,30.4334],[-97.9317,30.43408],[-97.93466,30.4325],[-97.93442,30.43413],[-97.93479,30.43465],[-97.93654,30.43454],[-97.9381,30.433],[-97.93847,30.4338],[-97.93982,30.43433],[-97.94305,30.43289],[-97.94315,30.43243],[-97.94273,30.4303],[-97.94119,30.42821],[-97.9423,30.42837],[-97.94434,30.43036],[-97.94667,30.42997],[-97.94735,30.42695],[-97.9459,30.42663],[-97.94598,30.42521],[-97.94508,30.4236],[-97.9473,30.42392],[-97.94777,30.42301],[-97.94719,30.42115],[-97.94552,30.41973],[-97.94624,30.41893],[-97.94594,30.4178],[-97.94364,30.41787],[-97.94293,30.41661],[-97.94121,30.41739],[-97.94176,30.41563],[-97.93991,30.41513],[-97.94129,30.41398],[-97.94137,30.41297],[-97.94031,30.41178],[-97.93864,30.41128],[-97.9365,30.41164],[-97.93708,30.41077],[-97.93848,30.4105],[-97.93851,30.40974],[-97.93478,30.40603],[-97.93412,30.40413],[-97.93314,30.40319],[-97.93348,30.40145],[-97.93316,30.40064],[-97.93514,30.39624],[-97.93826,30.39342],[-97.94331,30.39184],[-97.94402,30.39083],[-97.94614,30.39156],[-97.94897,30.39168],[-97.94939,30.39099],[-97.94704,30.38982],[-97.94873,30.38922],[-97.94986,30.38934],[-97.95185,30.39108],[-97.95354,30.38856],[-97.95377,30.38723],[-97.95536,30.38658],[-97.95795,30.38441],[-97.95858,30.38312],[-97.95787,30.38184],[-97.95507,30.38179],[-97.95715,30.38095],[-97.96072,30.38239],[-97.96178,30.38227],[-97.96017,30.37998],[-97.95995,30.37673],[-97.9586,30.37581],[-97.96035,30.37572],[-97.96159,30.37771],[-97.96344,30.37682],[-97.96331,30.37308],[-97.96436,30.37173],[-97.96512,30.36792],[-97.96687,30.36753],[-97.96565,30.36866],[-97.9656,30.37088],[-97.96447,30.37278],[-97.96574,30.374],[-97.96577,30.37649],[-97.96675,30.37901],[-97.96479,30.38039],[-97.96532,30.38243],[-97.96345,30.38465],[-97.96324,30.38727],[-97.9606,30.38816],[-97.96025,30.38853],[-97.96075,30.38906],[-97.95978,30.38988],[-97.96017,30.3905],[-97.96189,30.39119],[-97.96401,30.39018],[-97.96668,30.39054],[-97.96903,30.38946],[-97.96977,30.3879],[-97.96974,30.38733],[-97.9685,30.38612],[-97.97035,30.38557],[-97.97003,30.38261],[-97.97167,30.38343],[-97.97191,30.38573],[-97.97114,30.38903],[-97.97157,30.38942],[-97.97249,30.38907],[-97.97759,30.38272],[-97.97772,30.38148],[-97.98115,30.37926],[-97.98126,30.37864],[-97.98017,30.37742],[-97.98015,30.37651],[-97.98226,30.37694],[-97.98421,30.37407],[-97.98403,30.37254],[-97.98604,30.37201],[-97.98852,30.36972],[-97.98883,30.37011],[-97.98825,30.37127],[-97.98548,30.37368],[-97.98511,30.37522],[-97.98567,30.37579],[-97.9891,30.37455],[-97.99087,30.37356],[-97.99172,30.37251],[-97.99505,30.37198],[-97.996,30.37086],[-97.99743,30.37163],[-98.00029,30.37161],[-98.00178,30.37064],[-98.00178,30.37119],[-98.00228,30.37138],[-98.00839,30.36934],[-98.01283,30.3684],[-98.01304,30.36783],[-98.01225,30.36691],[-98.00995,30.36675],[-98.01056,30.36542],[-98.00761,30.36017],[-98.00753,30.35873],[-98.00898,30.36054],[-98.00898,30.36152],[-98.01154,30.36366],[-98.01172,30.36485],[-98.01349,30.36542],[-98.01521,30.36737],[-98.01698,30.36779],[-98.0182,30.36623],[-98.01815,30.36506],[-98.0187,30.36408],[-98.01847,30.3625],[-98.01902,30.36036],[-98.01953,30.36014],[-98.01979,30.36089],[-98.01926,30.36213],[-98.01992,30.36364],[-98.01918,30.3646],[-98.01917,30.36719],[-98.02097,30.36839],[-98.01888,30.36841],[-98.02009,30.37292],[-98.02067,30.37368],[-98.02273,30.37465],[-98.02406,30.37362],[-98.02551,30.37421],[-98.02585,30.37336],[-98.02763,30.37295],[-98.0272,30.37389],[-98.02765,30.37476],[-98.02942,30.37477],[-98.03016,30.37309],[-98.02874,30.37213],[-98.03001,30.37096],[-98.03231,30.36652],[-98.03149,30.36322],[-98.03284,30.36393],[-98.03393,30.36379],[-98.03414,30.36246],[-98.03374,30.36175],[-98.03462,30.36024],[-98.03689,30.35951],[-98.03826,30.35836],[-98.03853,30.35758],[-98.0379,30.35614],[-98.03946,30.35309]],[[-97.92118,30.43794],[-97.92128,30.43862],[-97.92218,30.43851],[-97.92118,30.43794]]]},"properties":{"region":"austin","name":"Lake Marble Falls","sqkm":70.23}},{"type":"Feature","geometry":{"type":"Polygon","coordinates":[[[-98.00502,30.35558],[-98.00563,30.35327],[-98.00597,30.35586],[-98.00777,30.35579],[-98.00708,30.35664],[-98.00859,30.35813],[-98.00922,30.35962],[-98.01044,30.35912],[-98.00988,30.36015],[-98.01012,30.36155],[-98.01299,30.36352],[-98.01246,30.36446],[-98.01413,30.36497],[-98.01606,30.36712],[-98.01664,30.36724],[-98.0173,30.36687],[-98.01828,30.3638],[-98.01863,30.35816],[-98.0204,30.35482],[-98.01958,30.3594],[-98.02029,30.36034],[-98.02153,30.36073],[-98.02021,30.36144],[-98.02005,30.36215],[-98.02103,30.36399],[-98.02248,30.36435],[-98.02008,30.36504],[-98.02028,30.36713],[-98.02322,30.36853],[-98.01965,30.369],[-98.02041,30.36976],[-98.02025,30.37233],[-98.0216,30.37352],[-98.02305,30.37389],[-98.02377,30.37339],[-98.02385,30.37251],[-98.02559,30.37302],[-98.02853,30.37183],[-98.02958,30.37055],[-98.03001,30.36979],[-98.02969,30.36897],[-98.03064,30.36867],[-98.03173,30.36656],[-98.03141,30.3648],[-98.03052,30.36367],[-98.03049,30.36184],[-98.03107,30.36124],[-98.03247,30.36175],[-98.03345,30.36122],[-98.03396,30.36024],[-98.03364,30.35854],[-98.03493,30.35916],[-98.03692,30.35797],[-98.03787,30.35802],[-98.03702,30.35641],[-98.03867,30.35348],[-98.03832,30.353],[-98.03682,30.35291],[-98.03647,30.35098],[-98.0369,30.35087],[-98.03824,30.35217],[-98.04083,30.35268],[-98.04062,30.35499],[-98.04004,30.35619],[-98.04247,30.35642],[-98.0407,30.35832],[-98.04062,30.35926],[-98.0385,30.36024],[-98.03847,30.36127],[-98.03795,30.3612],[-98.03633,30.3643],[-98.03646,30.36544],[-98.03778,30.36611],[-98.03786,30.36741],[-98.03627,30.36849],[-98.03603,30.36998],[-98.03743,30.37131],[-98.03743,30.37202],[-98.03815,30.37282],[-98.03722,30.3731],[-98.03471,30.37266],[-98.03413,30.37426],[-98.03439,30.37692],[-98.0327,30.3763],[-98.03148,30.37639],[-98.02971,30.37795],[-98.02677,30.37868],[-98.02635,30.37935],[-98.02706,30.38054],[-98.02439,30.38168],[-98.02384,30.38329],[-98.0213,30.38558],[-98.02164,30.387],[-98.02335,30.38794],[-98.01841,30.39094],[-98.01791,30.39096],[-98.0174,30.39018],[-98.01674,30.39133],[-98.01574,30.39041],[-98.01468,30.39096],[-98.01307,30.3907],[-98.01275,30.39178],[-98.0114,30.39185],[-98.00955,30.39391],[-98.00955,30.39508],[-98.01055,30.39648],[-98.01333,30.39435],[-98.01597,30.39378],[-98.01843,30.3941],[-98.01457,30.39627],[-98.01467,30.39902],[-98.01612,30.40079],[-98.01404,30.39992],[-98.01348,30.40047],[-98.01459,30.40329],[-98.01609,30.40521],[-98.0172,30.40547],[-98.01636,30.40602],[-98.01421,30.40473],[-98.01305,30.40507],[-98.01181,30.40404],[-98.01152,30.40283],[-98.00911,30.40418],[-98.01038,30.40198],[-98.01039,30.40117],[-98.00748,30.39835],[-98.00706,30.39826],[-98.00658,30.40064],[-98.00415,30.39769],[-98.00301,30.39784],[-98.00195,30.39975],[-98.00108,30.40034],[-98.00359,30.40298],[-98.00029,30.40238],[-98.00029,30.40166],[-98.00224,30.40219],[-98.00029,30.40053],[-98.00029,30.39925],[-98.001,30.3993],[-98.00087,30.39836],[-98.00214,30.39854],[-98.00214,30.3976],[-98.00389,30.39673],[-98.00463,30.39699],[-98.00634,30.39912],[-98.00595,30.39711],[-98.0073,30.39727],[-98.01121,30.40108],[-98.01009,30.40317],[-98.01213,30.40207],[-98.01258,30.40237],[-98.01237,30.40356],[-98.01506,30.40441],[-98.01371,30.4034],[-98.01409,30.40251],[-98.01282,30.40106],[-98.01277,30.40005],[-98.01166,30.399],[-98.01234,30.39877],[-98.01435,30.39951],[-98.0133,30.39611],[-98.01544,30.39527],[-98.01637,30.39433],[-98.01341,30.39462],[-98.01177,30.3965],[-98.01031,30.39707],[-98.00954,30.39638],[-98.00891,30.39402],[-98.01119,30.3913],[-98.01262,30.39134],[-98.01251,30.39006],[-98.01436,30.39031],[-98.01405,30.38894],[-98.01548,30.38878],[-98.01648,30.39009],[-98.01701,30.38887],[-98.01788,30.38908],[-98.0178,30.38963],[-98.01822,30.38981],[-98.01926,30.38883],[-98.02267,30.38801],[-98.02209,30.38734],[-98.01992,30.38759],[-98.01878,30.38722],[-98.0182,30.38654],[-98.01699,30.38644],[-98.01677,30.38578],[-98.01754,30.38491],[-98.01902,30.3848],[-98.01905,30.3837],[-98.0205,30.3836],[-98.02098,30.3826],[-98.02201,30.38207],[-98.02051,30.38189],[-98.02016,30.38118],[-98.02127,30.38074],[-98.0226,30.38122],[-98.0241,30.38035],[-98.02183,30.37992],[-98.02101,30.37877],[-98.02159,30.3779],[-98.02424,30.37751],[-98.02492,30.37795],[-98.02633,30.37664],[-98.03032,30.37614],[-98.03283,30.37484],[-98.03212,30.37321],[-98.03215,30.37167],[-98.03373,30.37154],[-98.03614,30.37227],[-98.03619,30.37184],[-98.03405,30.36986],[-98.03379,30.36824],[-98.0368,30.36668],[-98.03667,30.36629],[-98.03472,30.36574],[-98.03488,30.36326],[-98.03551,30.36189],[-98.0375,30.36029],[-98.03887,30.35825],[-98.03856,30.35648],[-98.03999,30.35364],[-98.03946,30.35309],[-98.0379,30.35614],[-98.03853,30.35758],[-98.03826,30.35836],[-98.03689,30.35951],[-98.03462,30.36024],[-98.0338,30.36152],[-98.03393,30.36379],[-98.03284,30.36393],[-98.03149,30.36322],[-98.03231,30.36652],[-98.03001,30.37096],[-98.02874,30.37213],[-98.03016,30.37309],[-98.02963,30.37458],[-98.02897,30.37488],[-98.02752,30.37458],[-98.0272,30.37353],[-98.02763,30.37295],[-98.02585,30.37336],[-98.02551,30.37421],[-98.02406,30.37362],[-98.02273,30.37465],[-98.02067,30.37368],[-98.02009,30.37292],[-98.01888,30.36841],[-98.02097,30.36839],[-98.01917,30.36719],[-98.01918,30.3646],[-98.01992,30.36364],[-98.01926,30.36213],[-98.01979,30.36089],[-98.01953,30.36014],[-98.01902,30.36036],[-98.01847,30.3625],[-98.0187,30.36408],[-98.01815,30.36506],[-98.0182,30.36623],[-98.01698,30.36779],[-98.01521,30.36737],[-98.01349,30.36542],[-98.01172,30.36485],[-98.01154,30.36366],[-98.00898,30.36152],[-98.00911,30.36086],[-98.00816,30.35987],[-98.00785,30.35873],[-98.00753,30.35873],[-98.00761,30.36017],[-98.01056,30.36542],[-98.00995,30.36675],[-98.01225,30.36691],[-98.01304,30.36822],[-98.00228,30.37138],[-98.00151,30.37071],[-98.00029,30.37161],[-98.00029,30.37114],[-98.00175,30.37023],[-98.00231,30.37025],[-98.00231,30.37096],[-98.01227,30.36785],[-98.01214,30.36744],[-98.01109,30.36721],[-98.00786,30.36785],[-98.00998,30.36606],[-98.01016,30.3654],[-98.00972,30.36464],[-98.00816,30.36409],[-98.00906,30.36366],[-98.00705,30.3601],[-98.00684,30.35827],[-98.00623,30.35797],[-98.00481,30.35836],[-98.00605,30.3568],[-98.00502,30.35558]]]},"properties":{"region":"austin","name":null,"sqkm":2.6}},{"type":"Feature","geometry":{"type":"Polygon","coordinates":[[[-98.00029,30.38941],[-98.00183,30.38978],[-98.00247,30.38941],[-98.00252,30.3879],[-98.00334,30.38746],[-98.00329,30.38632],[-98.00512,30.38604],[-98.00536,30.38446],[-98.00604,30.38391],[-98.00573,30.37972],[-98.00417,30.37953],[-98.00391,30.37839],[-98.00158,30.37829],[-98.00047,30.37981],[-98.00029,30.3784],[-98.00071,30.37842],[-98.00098,30.37741],[-98.00383,30.37744],[-98.00558,30.37808],[-98.00727,30.37777],[-98.00732,30.37859],[-98.00869,30.37821],[-98.01247,30.38009],[-98.01165,30.38213],[-98.01094,30.38167],[-98.01051,30.3824],[-98.01083,30.38284],[-98.00975,30.38366],[-98.00932,30.38353],[-98.00927,30.38197],[-98.00787,30.3808],[-98.00813,30.38311],[-98.00752,30.38352],[-98.00824,30.38485],[-98.00707,30.38511],[-98.00713,30.38598],[-98.00493,30.38813],[-98.00406,30.38833],[-98.00374,30.38927],[-98.00241,30.39044],[-98.00091,30.39043],[-98.00072,30.39148],[-98.00029,30.39153],[-98.00029,30.38941]]]},"properties":{"region":"austin","name":null,"sqkm":0.52}},{"type":"Feature","geometry":{"type":"Polygon","coordinates":[[[-98.12632,30.36264],[-98.12551,30.36275],[-98.12746,30.35887],[-98.12971,30.35711],[-98.13349,30.35562],[-98.13658,30.35149],[-98.13798,30.34677],[-98.13761,30.34379],[-98.13835,30.34111],[-98.13811,30.33932],[-98.13866,30.33847],[-98.1389,30.3343],[-98.13951,30.33361],[-98.14115,30.33302],[-98.14387,30.33293],[-98.14794,30.33384],[-98.15407,30.334],[-98.16453,30.33125],[-98.17061,30.32873],[-98.17647,30.3271],[-98.17737,30.32735],[-98.1798,30.32962],[-98.18022,30.33101],[-98.1829,30.33427],[-98.18507,30.3402],[-98.18547,30.34646],[-98.18464,30.3441],[-98.18409,30.33881],[-98.18287,30.33544],[-98.17811,30.32888],[-98.17674,30.32794],[-98.17499,30.32788],[-98.17174,30.32884],[-98.16421,30.33196],[-98.15608,30.33437],[-98.15275,30.33474],[-98.1402,30.33394],[-98.13932,30.33513],[-98.13938,30.34072],[-98.13837,30.34416],[-98.13861,30.34709],[-98.13774,30.35085],[-98.13526,30.35511],[-98.13214,30.35768],[-98.1291,30.35924],[-98.12704,30.36165],[-98.12712,30.36254],[-98.12632,30.36264]]]},"properties":{"region":"austin","name":null,"sqkm":0.74}},{"type":"Feature","geometry":{"type":"Polygon","coordinates":[[[-98.20482,30.5768],[-98.20375,30.57377],[-98.20187,30.57272],[-98.20169,30.57197],[-98.20256,30.57139],[-98.20245,30.57064],[-98.19986,30.56885],[-98.20054,30.5675],[-98.20415,30.56823],[-98.19975,30.56644],[-98.19903,30.56699],[-98.19879,30.56605],[-98.19448,30.56461],[-98.19511,30.56571],[-98.19503,30.56702],[-98.19149,30.56918],[-98.19217,30.56725],[-98.19064,30.56613],[-98.18876,30.56558],[-98.1882,30.56574],[-98.18825,30.567],[-98.18746,30.567],[-98.1878,30.56482],[-98.19021,30.56416],[-98.19048,30.56365],[-98.18886,30.56191],[-98.18822,30.56242],[-98.18732,30.56125],[-98.18785,30.56035],[-98.19024,30.5623],[-98.1927,30.56349],[-98.21003,30.56994],[-98.20645,30.56894],[-98.20454,30.56942],[-98.20452,30.57004],[-98.20558,30.57116],[-98.20471,30.57206],[-98.20449,30.57306],[-98.20558,30.57529],[-98.20482,30.5768]]]},"properties":{"region":"austin","name":null,"sqkm":0.6}},{"type":"Feature","geometry":{"type":"Polygon","coordinates":[[[-98.18005,30.5356],[-98.18474,30.53679],[-98.18667,30.53989],[-98.18723,30.54603],[-98.18478,30.553],[-98.18586,30.55694],[-98.1856,30.55836],[-98.18512,30.55859],[-98.18438,30.55795],[-98.18234,30.55758],[-98.18282,30.55687],[-98.18499,30.55572],[-98.18438,30.55389],[-98.18208,30.55389],[-98.18308,30.5527],[-98.18464,30.55226],[-98.1847,30.55187],[-98.18361,30.5513],[-98.18493,30.55098],[-98.18411,30.55022],[-98.18533,30.54954],[-98.18543,30.54495],[-98.18517,30.5447],[-98.18472,30.54541],[-98.18443,30.54502],[-98.18461,30.54271],[-98.18331,30.54321],[-98.18157,30.54303],[-98.17677,30.54475],[-98.17564,30.54379],[-98.17336,30.54345],[-98.17182,30.545],[-98.17164,30.547],[-98.17074,30.54732],[-98.17116,30.54688],[-98.17074,30.54578],[-98.16928,30.54475],[-98.16727,30.54459],[-98.16658,30.54411],[-98.16658,30.54363],[-98.16846,30.54368],[-98.16782,30.54258],[-98.16674,30.5423],[-98.16698,30.54138],[-98.16499,30.54111],[-98.16623,30.53935],[-98.16626,30.54045],[-98.16798,30.54177],[-98.17272,30.54104],[-98.17484,30.53987],[-98.17783,30.53611],[-98.18005,30.5356]],[[-98.18048,30.53618],[-98.17918,30.53666],[-98.18005,30.53764],[-98.18366,30.53959],[-98.18522,30.53936],[-98.18334,30.53702],[-98.18048,30.53618]],[[-98.17884,30.53872],[-98.1778,30.53881],[-98.17741,30.53943],[-98.17871,30.54101],[-98.18318,30.54163],[-98.18305,30.54087],[-98.18172,30.53971],[-98.17884,30.53872]]]},"properties":{"region":"austin","name":null,"sqkm":1.21}},{"type":"Feature","geometry":{"type":"Polygon","coordinates":[[[-98.19143,30.52948],[-98.19167,30.52987],[-98.18961,30.53349],[-98.19104,30.53416],[-98.19165,30.53363],[-98.19181,30.53179],[-98.19218,30.53189],[-98.19223,30.53299],[-98.19408,30.53317],[-98.19673,30.53085],[-98.19763,30.53071],[-98.19845,30.53122],[-98.19901,30.52991],[-98.19938,30.5314],[-98.19718,30.53344],[-98.19771,30.53383],[-98.20388,30.53468],[-98.20981,30.53437],[-98.21246,30.53185],[-98.21275,30.53215],[-98.21092,30.53437],[-98.21227,30.53371],[-98.21513,30.53444],[-98.21145,30.53488],[-98.21074,30.53559],[-98.21069,30.53719],[-98.20968,30.53628],[-98.2086,30.53678],[-98.2091,30.53531],[-98.20483,30.53584],[-98.20028,30.53571],[-98.19853,30.53624],[-98.19583,30.53596],[-98.19652,30.53807],[-98.19597,30.54057],[-98.19711,30.54146],[-98.19515,30.54156],[-98.19502,30.54344],[-98.19576,30.54586],[-98.19666,30.54632],[-98.19666,30.54703],[-98.19481,30.54655],[-98.19415,30.54687],[-98.19243,30.55004],[-98.19304,30.55157],[-98.19267,30.55173],[-98.19145,30.55112],[-98.19216,30.54836],[-98.18975,30.55027],[-98.19174,30.54598],[-98.19126,30.54286],[-98.1899,30.53947],[-98.19152,30.53878],[-98.19353,30.53693],[-98.19446,30.537],[-98.19546,30.53816],[-98.19573,30.53743],[-98.19507,30.53638],[-98.1953,30.53585],[-98.19811,30.53518],[-98.19641,30.5347],[-98.19596,30.53273],[-98.19549,30.53243],[-98.19517,30.53418],[-98.19379,30.53502],[-98.19192,30.53755],[-98.18874,30.53885],[-98.18765,30.5367],[-98.18484,30.53478],[-98.18873,30.53246],[-98.18924,30.53141],[-98.19061,30.5309],[-98.19143,30.52948]],[[-98.19324,30.53979],[-98.19287,30.54367],[-98.19367,30.54307],[-98.1939,30.54172],[-98.19324,30.53979]]]},"properties":{"region":"austin","name":null,"sqkm":1.3}},{"type":"Feature","geometry":{"type":"Polygon","coordinates":[[[-98.14015,30.52333],[-98.14041,30.52237],[-98.14158,30.52177],[-98.14274,30.51955],[-98.1433,30.51959],[-98.14298,30.52131],[-98.15058,30.52092],[-98.15153,30.52067],[-98.15439,30.51803],[-98.15505,30.51792],[-98.15542,30.51803],[-98.15489,30.51955],[-98.15532,30.5201],[-98.15887,30.52042],[-98.16006,30.52113],[-98.1604,30.52069],[-98.16014,30.52007],[-98.16109,30.51957],[-98.16154,30.51849],[-98.16088,30.52259],[-98.1612,30.52312],[-98.16678,30.52582],[-98.1577,30.52292],[-98.15349,30.52312],[-98.14854,30.52441],[-98.14521,30.52411],[-98.14359,30.52319],[-98.14354,30.522],[-98.14224,30.52136],[-98.14248,30.52251],[-98.14118,30.52255],[-98.14015,30.52333]]]},"properties":{"region":"austin","name":null,"sqkm":0.67}},{"type":"Feature","geometry":{"type":"Polygon","coordinates":[[[-98.18863,30.54028],[-98.18916,30.54096],[-98.19004,30.54584],[-98.18801,30.55258],[-98.18811,30.55442],[-98.18997,30.55895],[-98.19198,30.56081],[-98.19495,30.56234],[-98.19988,30.56353],[-98.20147,30.56282],[-98.20223,30.56129],[-98.20147,30.56394],[-98.20298,30.56424],[-98.20655,30.56607],[-98.20716,30.56587],[-98.20708,30.56499],[-98.20756,30.5647],[-98.20851,30.56527],[-98.20799,30.56607],[-98.20841,30.56694],[-98.21244,30.56859],[-98.21651,30.56751],[-98.21892,30.56528],[-98.22059,30.56478],[-98.21665,30.56797],[-98.21344,30.569],[-98.21148,30.56893],[-98.20494,30.5658],[-98.19381,30.56223],[-98.19016,30.56015],[-98.18904,30.55861],[-98.18748,30.55433],[-98.18779,30.55011],[-98.18964,30.54575],[-98.18863,30.54028]]]},"properties":{"region":"austin","name":null,"sqkm":0.34}},{"type":"Feature","geometry":{"type":"Polygon","coordinates":[[[-98.12032,30.55572],[-98.12376,30.55239],[-98.12376,30.55134],[-98.12254,30.55125],[-98.12241,30.55086],[-98.12352,30.55063],[-98.12368,30.54969],[-98.1249,30.54912],[-98.12509,30.54845],[-98.12408,30.54719],[-98.12403,30.5452],[-98.12329,30.54325],[-98.12262,30.54286],[-98.12183,30.54327],[-98.1204,30.5419],[-98.1231,30.54251],[-98.12366,30.54247],[-98.12419,30.54162],[-98.12506,30.54213],[-98.12429,30.54391],[-98.12458,30.54497],[-98.1253,30.54549],[-98.12511,30.55086],[-98.1257,30.55083],[-98.12601,30.54925],[-98.12816,30.54969],[-98.12964,30.54886],[-98.12895,30.55097],[-98.13142,30.55255],[-98.13165,30.55478],[-98.13009,30.55473],[-98.13067,30.55356],[-98.12689,30.55262],[-98.12554,30.55125],[-98.12511,30.55145],[-98.12482,30.55308],[-98.12032,30.55572]]]},"properties":{"region":"austin","name":null,"sqkm":0.36}},{"type":"Feature","geometry":{"type":"Polygon","coordinates":[[[-98.14092,30.54063],[-98.14034,30.53949],[-98.13817,30.53809],[-98.13867,30.538],[-98.13917,30.53562],[-98.14126,30.53548],[-98.14277,30.53419],[-98.1392,30.53472],[-98.13756,30.53367],[-98.13552,30.53406],[-98.1379,30.52966],[-98.13999,30.52702],[-98.14113,30.52636],[-98.14301,30.52622],[-98.15241,30.52748],[-98.15688,30.52658],[-98.15985,30.52686],[-98.16199,30.5261],[-98.16088,30.52929],[-98.15882,30.5289],[-98.15826,30.52988],[-98.15665,30.53034],[-98.1559,30.53307],[-98.1549,30.53188],[-98.1536,30.53208],[-98.1527,30.53412],[-98.1523,30.53163],[-98.15463,30.52984],[-98.15569,30.52771],[-98.15479,30.52764],[-98.15355,30.52901],[-98.15286,30.5289],[-98.15275,30.52787],[-98.15193,30.52828],[-98.15058,30.52782],[-98.15061,30.52844],[-98.14944,30.52924],[-98.14894,30.52803],[-98.14785,30.52801],[-98.14801,30.52746],[-98.146,30.52707],[-98.14584,30.52798],[-98.14529,30.52833],[-98.14523,30.52766],[-98.14457,30.52796],[-98.14489,30.52727],[-98.14452,30.52681],[-98.14383,30.5273],[-98.1429,30.52718],[-98.14237,30.52785],[-98.14065,30.52849],[-98.14005,30.52986],[-98.13925,30.53009],[-98.13832,30.53174],[-98.1383,30.53215],[-98.13893,30.53238],[-98.13891,30.53314],[-98.14013,30.53305],[-98.14076,30.53358],[-98.14317,30.53341],[-98.14341,30.53218],[-98.1442,30.53323],[-98.14627,30.53314],[-98.14486,30.53371],[-98.14574,30.53447],[-98.14441,30.53442],[-98.14383,30.53488],[-98.14396,30.53545],[-98.14256,30.53527],[-98.1428,30.5371],[-98.14185,30.53612],[-98.14031,30.53708],[-98.14153,30.54038],[-98.14092,30.54063]]]},"properties":{"region":"austin","name":null,"sqkm":0.82}},{"type":"Feature","geometry":{"type":"Polygon","coordinates":[[[-98.12998,30.51957],[-98.12922,30.52058],[-98.1293,30.52166],[-98.12776,30.52157],[-98.12702,30.52448],[-98.12641,30.52423],[-98.1262,30.52258],[-98.12564,30.52303],[-98.12567,30.52468],[-98.12644,30.52546],[-98.12638,30.52606],[-98.12543,30.52663],[-98.12546,30.52741],[-98.12652,30.5275],[-98.12567,30.52883],[-98.12694,30.5295],[-98.1266,30.53012],[-98.12728,30.53039],[-98.12583,30.53103],[-98.12567,30.53156],[-98.12723,30.53232],[-98.12914,30.53197],[-98.12998,30.53023],[-98.13099,30.53128],[-98.13155,30.53126],[-98.13229,30.53071],[-98.13261,30.52885],[-98.1334,30.52947],[-98.13515,30.52867],[-98.13033,30.53543],[-98.12858,30.5363],[-98.12609,30.53646],[-98.12511,30.53497],[-98.12392,30.52945],[-98.12167,30.52322],[-98.12278,30.52132],[-98.12334,30.52148],[-98.12302,30.52283],[-98.12397,30.52326],[-98.12562,30.52086],[-98.12675,30.52106],[-98.1271,30.51983],[-98.12998,30.51957]]]},"properties":{"region":"austin","name":null,"sqkm":0.78}},{"type":"Feature","geometry":{"type":"Polygon","coordinates":[[[-97.88406,30.58011],[-97.88332,30.58178],[-97.88348,30.58244],[-97.88581,30.5826],[-97.88766,30.58217],[-97.88978,30.58281],[-97.88819,30.58345],[-97.88758,30.58563],[-97.89151,30.58852],[-97.89161,30.58888],[-97.89055,30.58907],[-97.89063,30.58964],[-97.89227,30.58987],[-97.89063,30.59026],[-97.89066,30.59065],[-97.88957,30.59046],[-97.8897,30.59152],[-97.8888,30.59097],[-97.8839,30.59104],[-97.88112,30.5849],[-97.87898,30.58444],[-97.88006,30.58345],[-97.88006,30.5818],[-97.88406,30.58011]],[[-97.88115,30.58332],[-97.88038,30.58432],[-97.8812,30.5846],[-97.88329,30.58893],[-97.88557,30.5884],[-97.88398,30.58485],[-97.88305,30.58412],[-97.88125,30.58373],[-97.88115,30.58332]]]},"properties":{"region":"austin","name":null,"sqkm":0.63}},{"type":"Feature","geometry":{"type":"Polygon","coordinates":[[[-97.80523,30.55685],[-97.80663,30.55777],[-97.8084,30.55784],[-97.81052,30.55759],[-97.81171,30.55699],[-97.81195,30.55614],[-97.81344,30.55594],[-97.81291,30.55562],[-97.81052,30.556],[-97.80645,30.55417],[-97.80666,30.5533],[-97.80772,30.55316],[-97.80812,30.55238],[-97.80986,30.55209],[-97.80904,30.55426],[-97.8105,30.55536],[-97.81709,30.55553],[-97.8173,30.55431],[-97.82053,30.55633],[-97.82268,30.55505],[-97.8245,30.555],[-97.82228,30.55619],[-97.82209,30.5572],[-97.81915,30.55748],[-97.816,30.55846],[-97.81767,30.55956],[-97.8151,30.56073],[-97.81481,30.56158],[-97.81351,30.56059],[-97.80925,30.56233],[-97.80819,30.56123],[-97.80644,30.56075],[-97.80496,30.55726],[-97.80523,30.55685]]]},"properties":{"region":"austin","name":null,"sqkm":0.74}},{"type":"Feature","geometry":{"type":"Polygon","coordinates":[[[-97.75568,30.53933],[-97.75814,30.53972],[-97.75978,30.54286],[-97.75948,30.54394],[-97.75985,30.54442],[-97.7593,30.5449],[-97.75858,30.54444],[-97.75795,30.54368],[-97.75827,30.54238],[-97.75792,30.5422],[-97.75488,30.5426],[-97.75324,30.54235],[-97.75548,30.54423],[-97.75577,30.54646],[-97.75538,30.54691],[-97.75342,30.54666],[-97.75159,30.54833],[-97.75145,30.54945],[-97.75203,30.55081],[-97.75137,30.55103],[-97.75,30.54857],[-97.75167,30.54693],[-97.75146,30.54478],[-97.74817,30.54552],[-97.74756,30.54497],[-97.74827,30.54417],[-97.74822,30.54316],[-97.74662,30.54142],[-97.74644,30.54062],[-97.74707,30.54032],[-97.74747,30.54133],[-97.75028,30.54007],[-97.75568,30.53933]],[[-97.75398,30.53985],[-97.74906,30.54094],[-97.7488,30.5427],[-97.74951,30.54396],[-97.75382,30.54373],[-97.75141,30.54272],[-97.75075,30.54171],[-97.75131,30.54097],[-97.75234,30.54079],[-97.75512,30.54171],[-97.75552,30.54107],[-97.75398,30.53985]]]},"properties":{"region":"austin","name":null,"sqkm":0.55}},{"type":"Feature","geometry":{"type":"Polygon","coordinates":[[[-97.7175,30.24348],[-97.72169,30.24464],[-97.72193,30.24524],[-97.7208,30.24581],[-97.72053,30.24655],[-97.72338,30.24551],[-97.72536,30.24563],[-97.7385,30.25083],[-97.74067,30.2522],[-97.74212,30.25415],[-97.74363,30.25964],[-97.75197,30.26376],[-97.75487,30.26399],[-97.76128,30.26674],[-97.76556,30.2643],[-97.76887,30.26343],[-97.77214,30.26334],[-97.77224,30.26375],[-97.77034,30.26439],[-97.76744,30.26476],[-97.76366,30.26606],[-97.76231,30.26702],[-97.76208,30.26773],[-97.7691,30.27019],[-97.77952,30.27989],[-97.78482,30.28384],[-97.78703,30.28695],[-97.78806,30.28932],[-97.7884,30.29229],[-97.78713,30.29332],[-97.78713,30.29417],[-97.78814,30.29465],[-97.78909,30.29688],[-97.78967,30.29722],[-97.7907,30.2969],[-97.79123,30.29605],[-97.79173,30.29617],[-97.79101,30.29805],[-97.7945,30.30266],[-97.79405,30.30293],[-97.78964,30.2991],[-97.78943,30.29835],[-97.78761,30.29789],[-97.78591,30.30153],[-97.78113,30.30609],[-97.78147,30.30684],[-97.77951,30.30879],[-97.78025,30.31069],[-97.77996,30.31122],[-97.77938,30.31065],[-97.77885,30.31087],[-97.77742,30.31642],[-97.77739,30.31999],[-97.77857,30.32357],[-97.77868,30.32593],[-97.7854,30.33703],[-97.78778,30.33827],[-97.78643,30.33884],[-97.78817,30.34157],[-97.78878,30.34196],[-97.78992,30.34122],[-97.7924,30.34132],[-97.79177,30.34345],[-97.79134,30.34343],[-97.7914,30.34219],[-97.78947,30.34223],[-97.78894,30.34299],[-97.79472,30.3476],[-97.79628,30.3471],[-97.7976,30.34462],[-97.79834,30.34485],[-97.79789,30.34675],[-97.79599,30.3484],[-97.80074,30.35111],[-97.80394,30.35159],[-97.80738,30.35015],[-97.81074,30.34575],[-97.81457,30.33931],[-97.81957,30.33469],[-97.82427,30.32919],[-97.82961,30.3252],[-97.83574,30.32339],[-97.83846,30.32317],[-97.84052,30.32367],[-97.84385,30.32642],[-97.84559,30.33194],[-97.84651,30.34042],[-97.84855,30.34721],[-97.85143,30.35099],[-97.85351,30.35289],[-97.85853,30.35443],[-97.86126,30.35413],[-97.86456,30.35273],[-97.87288,30.34643],[-97.87814,30.34389],[-97.88158,30.34318],[-97.89098,30.34256],[-97.8968,30.34088],[-97.90166,30.33777],[-97.90882,30.33052],[-97.91325,30.32791],[-97.91793,30.32589],[-97.92089,30.32527],[-97.92498,30.32545],[-97.92924,30.32676],[-97.93135,30.32797],[-97.93331,30.3296],[-97.93516,30.33221],[-97.9355,30.33404],[-97.93492,30.33673],[-97.9308,30.34163],[-97.9181,30.35303],[-97.91662,30.35472],[-97.91395,30.36004],[-97.91382,30.36433],[-97.91507,30.37191],[-97.9152,30.38502],[-97.91402,30.38798],[-97.91243,30.39011],[-97.9087,30.39279],[-97.90733,30.39078],[-97.91135,30.38947],[-97.91351,30.38752],[-97.91407,30.38578],[-97.9139,30.37175],[-97.91258,30.36279],[-97.91279,30.36016],[-97.91672,30.353],[-97.92837,30.34221],[-97.9345,30.33563],[-97.93434,30.33304],[-97.93199,30.33024],[-97.92644,30.3269],[-97.92144,30.32591],[-97.9193,30.32626],[-97.91484,30.32828],[-97.90964,30.33151],[-97.90633,30.33394],[-97.90092,30.33969],[-97.89777,30.34169],[-97.88958,30.34364],[-97.88256,30.34432],[-97.87714,30.34568],[-97.87222,30.34852],[-97.87011,30.35049],[-97.86488,30.3537],[-97.86363,30.35581],[-97.86374,30.35464],[-97.86017,30.35546],[-97.85491,30.35484],[-97.84942,30.35106],[-97.84678,30.34714],[-97.84459,30.34006],[-97.84374,30.33655],[-97.84351,30.33011],[-97.84216,30.32642],[-97.84052,30.32507],[-97.83862,30.32449],[-97.83294,30.32502],[-97.83265,30.32546],[-97.83434,30.32683],[-97.83479,30.32775],[-97.83458,30.32882],[-97.83582,30.3302],[-97.83584,30.33089],[-97.83378,30.32917],[-97.83368,30.32713],[-97.83143,30.3261],[-97.82808,30.32809],[-97.82726,30.32992],[-97.82583,30.33006],[-97.82514,30.3313],[-97.82396,30.33203],[-97.8238,30.33329],[-97.82292,30.33354],[-97.81766,30.33876],[-97.81491,30.34293],[-97.81354,30.34378],[-97.81026,30.34972],[-97.8115,30.35084],[-97.81303,30.35082],[-97.81269,30.35128],[-97.81105,30.3516],[-97.80939,30.35052],[-97.80708,30.35276],[-97.80568,30.35324],[-97.80251,30.35313],[-97.8,30.35253],[-97.79557,30.35056],[-97.793,30.34778],[-97.79237,30.34776],[-97.79094,30.35195],[-97.78483,30.35318],[-97.78378,30.35454],[-97.78462,30.35598],[-97.78813,30.35777],[-97.7879,30.35832],[-97.7837,30.35596],[-97.78322,30.35508],[-97.78349,30.35327],[-97.78536,30.35238],[-97.79007,30.35172],[-97.79097,30.35053],[-97.79118,30.34778],[-97.78857,30.34592],[-97.78047,30.33313],[-97.7797,30.33283],[-97.77782,30.33439],[-97.77856,30.33666],[-97.77758,30.33698],[-97.7779,30.33615],[-97.77687,30.33535],[-97.77679,30.33452],[-97.77923,30.33221],[-97.77939,30.33143],[-97.77804,30.32896],[-97.7773,30.32879],[-97.77793,30.33028],[-97.77764,30.3307],[-97.77651,30.32886],[-97.77651,30.32815],[-97.77746,30.32822],[-97.77519,30.32297],[-97.77473,30.31502],[-97.7756,30.31037],[-97.7751,30.3103],[-97.77404,30.31156],[-97.77256,30.31199],[-97.76995,30.31098],[-97.77138,30.31062],[-97.77362,30.31092],[-97.77375,30.30945],[-97.77666,30.30755],[-97.77468,30.30599],[-97.77775,30.30601],[-97.78124,30.30279],[-97.78301,30.30031],[-97.7833,30.29914],[-97.7824,30.29857],[-97.78409,30.29761],[-97.78552,30.29188],[-97.78508,30.28677],[-97.784,30.28491],[-97.77622,30.27826],[-97.77057,30.27404],[-97.76986,30.27392],[-97.76923,30.27209],[-97.7669,30.27032],[-97.76115,30.26837],[-97.75941,30.26823],[-97.75862,30.26725],[-97.75471,30.26571],[-97.74593,30.26315],[-97.74081,30.26004],[-97.74049,30.25708],[-97.73845,30.25344],[-97.73663,30.25195],[-97.73067,30.24899],[-97.72558,30.24753],[-97.72515,30.2481],[-97.72642,30.24886],[-97.72645,30.24936],[-97.72494,30.24959],[-97.72418,30.24923],[-97.72447,30.24684],[-97.72178,30.2473],[-97.71903,30.24907],[-97.71736,30.25093],[-97.71329,30.25101],[-97.71351,30.24983],[-97.7142,30.24983],[-97.7146,30.24777],[-97.7175,30.24348]],[[-97.786,30.2881],[-97.78561,30.28881],[-97.78584,30.29037],[-97.78674,30.29209],[-97.78719,30.29211],[-97.78761,30.29186],[-97.78748,30.29067],[-97.786,30.2881]]]},"properties":{"region":"austin","name":null,"sqkm":7.95}},{"type":"Feature","geometry":{"type":"Polygon","coordinates":[[[-97.81215,30.47721],[-97.8125,30.47902],[-97.8135,30.48025],[-97.81308,30.48204],[-97.81342,30.48323],[-97.81299,30.48388],[-97.81352,30.48422],[-97.82093,30.48276],[-97.82408,30.48328],[-97.8266,30.48301],[-97.82805,30.48418],[-97.82638,30.48427],[-97.82485,30.48542],[-97.8235,30.48539],[-97.82202,30.48652],[-97.81963,30.48649],[-97.81863,30.4878],[-97.81897,30.48899],[-97.81159,30.48899],[-97.80871,30.48594],[-97.80998,30.48504],[-97.81009,30.48227],[-97.81252,30.4808],[-97.81154,30.47863],[-97.81215,30.47721]],[[-97.8112,30.48252],[-97.81088,30.48523],[-97.80976,30.48651],[-97.8113,30.48795],[-97.81426,30.48665],[-97.81495,30.48587],[-97.81908,30.48546],[-97.81847,30.48486],[-97.81622,30.48466],[-97.81246,30.485],[-97.81178,30.48449],[-97.81157,30.48268],[-97.8112,30.48252]]]},"properties":{"region":"austin","name":null,"sqkm":0.67}},{"type":"Feature","geometry":{"type":"Polygon","coordinates":[[[-97.76206,30.46039],[-97.76309,30.46088],[-97.76219,30.46115],[-97.76039,30.46305],[-97.76174,30.46562],[-97.76004,30.46901],[-97.76223,30.47123],[-97.76205,30.4716],[-97.75911,30.47242],[-97.75681,30.47386],[-97.75466,30.47398],[-97.75323,30.47327],[-97.75199,30.4718],[-97.75029,30.47245],[-97.74388,30.4689],[-97.74491,30.46762],[-97.7519,30.4654],[-97.75615,30.46619],[-97.75695,30.46594],[-97.75825,30.46486],[-97.76143,30.46044],[-97.76206,30.46039]],[[-97.74806,30.46846],[-97.74615,30.46894],[-97.746,30.46968],[-97.74655,30.47004],[-97.74735,30.47046],[-97.74885,30.46995],[-97.75128,30.47026],[-97.75331,30.47235],[-97.75456,30.47279],[-97.75609,30.47265],[-97.75329,30.47113],[-97.75186,30.46948],[-97.74806,30.46846]]]},"properties":{"region":"austin","name":null,"sqkm":1.06}},{"type":"Feature","geometry":{"type":"Polygon","coordinates":[[[-96.53383,29.6965],[-96.53669,29.69912],[-96.53776,29.70306],[-96.53678,29.70658],[-96.53597,29.70771],[-96.53211,29.70793],[-96.5313,29.70885],[-96.53164,29.7105],[-96.53431,29.71611],[-96.53441,29.72021],[-96.53367,29.72223],[-96.53154,29.72337],[-96.52535,29.72091],[-96.52218,29.72052],[-96.5195,29.72118],[-96.51758,29.72233],[-96.51666,29.72327],[-96.51619,29.72471],[-96.51653,29.72748],[-96.52011,29.73415],[-96.52269,29.73594],[-96.52591,29.73718],[-96.5273,29.73711],[-96.53129,29.73567],[-96.5366,29.73185],[-96.53881,29.73135],[-96.54046,29.73002],[-96.54086,29.72812],[-96.53905,29.72427],[-96.53874,29.72141],[-96.53919,29.71916],[-96.54008,29.71701],[-96.54226,29.71431],[-96.54523,29.71284],[-96.55066,29.71289],[-96.55656,29.7156],[-96.57,29.71838],[-96.58396,29.71933],[-96.59377,29.72075],[-96.60136,29.72341],[-96.60734,29.72389],[-96.61427,29.72302],[-96.61771,29.72316],[-96.6333,29.72591],[-96.63629,29.72502],[-96.63852,29.72273],[-96.63944,29.71895],[-96.64017,29.71762],[-96.64164,29.71661],[-96.64385,29.7162],[-96.64684,29.71657],[-96.65227,29.71867],[-96.65755,29.72481],[-96.6622,29.73239],[-96.66808,29.7372],[-96.67737,29.74357],[-96.67979,29.74616],[-96.68155,29.74946],[-96.68168,29.75308],[-96.68008,29.75592],[-96.67302,29.75989],[-96.66895,29.76376],[-96.66916,29.76511],[-96.67139,29.76869],[-96.6726,29.77164],[-96.6731,29.77503],[-96.67463,29.77682],[-96.67634,29.77783],[-96.68818,29.77736],[-96.69559,29.78022],[-96.69879,29.7797],[-96.71163,29.77559],[-96.719,29.77173],[-96.72142,29.77148],[-96.72392,29.772],[-96.72807,29.77503],[-96.72854,29.77658],[-96.72802,29.77949],[-96.72508,29.78259],[-96.72472,29.78582],[-96.72832,29.7909],[-96.72824,29.7928],[-96.72945,29.79489],[-96.73292,29.79681],[-96.73366,29.79846],[-96.7366,29.80152],[-96.73724,29.80315],[-96.74084,29.80736],[-96.74147,29.80995],[-96.74087,29.8133],[-96.74129,29.81458],[-96.74329,29.81529],[-96.74631,29.81409],[-96.75116,29.80674],[-96.75253,29.80546],[-96.7565,29.80418],[-96.75915,29.80437],[-96.76002,29.8049],[-96.76177,29.80953],[-96.76182,29.81211],[-96.76027,29.81351],[-96.76045,29.81523],[-96.76142,29.81677],[-96.76163,29.82039],[-96.76123,29.82249],[-96.75868,29.82577],[-96.7582,29.82792],[-96.75878,29.83108],[-96.75972,29.83163],[-96.76374,29.83207],[-96.76829,29.83116],[-96.7762,29.83087],[-96.78011,29.83181],[-96.78524,29.83216],[-96.79601,29.83574],[-96.79763,29.8417],[-96.79666,29.84456],[-96.79524,29.84596],[-96.78964,29.8487],[-96.78422,29.84867],[-96.77888,29.85121],[-96.77678,29.85355],[-96.77588,29.85554],[-96.7707,29.86312],[-96.77056,29.86459],[-96.77198,29.86635],[-96.77616,29.86761],[-96.78751,29.86815],[-96.79379,29.87074],[-96.7996,29.87428],[-96.8072,29.87751],[-96.80998,29.87985],[-96.811,29.88209],[-96.81392,29.88585],[-96.81649,29.89035],[-96.83158,29.89755],[-96.83332,29.89794],[-96.83745,29.89741],[-96.83989,29.89782],[-96.84347,29.89748],[-96.86548,29.89762],[-96.87268,29.8946],[-96.87831,29.89082],[-96.88002,29.89048],[-96.88104,29.89105],[-96.88528,29.89577],[-96.88704,29.89905],[-96.88819,29.90283],[-96.8918,29.90654],[-96.89406,29.91023],[-96.89787,29.91449],[-96.89824,29.9155],[-96.89658,29.91962],[-96.89664,29.92198],[-96.89183,29.92613],[-96.89043,29.92801],[-96.89043,29.92938],[-96.88672,29.93708],[-96.88649,29.93852],[-96.88722,29.94035],[-96.89054,29.94271],[-96.89517,29.94416],[-96.90172,29.94445],[-96.90585,29.94368],[-96.90869,29.94198],[-96.90961,29.94054],[-96.90995,29.9385],[-96.90977,29.93719],[-96.909,29.93618],[-96.90898,29.93479],[-96.91021,29.93133],[-96.91155,29.92974],[-96.91363,29.92892],[-96.91642,29.92906],[-96.92097,29.93089],[-96.9225,29.93208],[-96.92463,29.93556],[-96.92608,29.94136],[-96.92619,29.94672],[-96.92066,29.9563],[-96.91669,29.96063],[-96.91106,29.96567],[-96.9108,29.96645],[-96.9109,29.96835],[-96.91185,29.96945],[-96.91772,29.97071],[-96.92219,29.97256],[-96.92351,29.97682],[-96.92409,29.97749],[-96.92646,29.97788],[-96.93156,29.97675],[-96.93736,29.97847],[-96.94338,29.97808],[-96.94643,29.97457],[-96.94646,29.97143],[-96.94859,29.96802],[-96.95364,29.96517],[-96.96271,29.96347],[-96.96705,29.96155],[-96.96861,29.96132],[-96.9709,29.96235],[-96.97177,29.96493],[-96.96985,29.96851],[-96.96825,29.97355],[-96.96828,29.97545],[-96.96654,29.97875],[-96.96752,29.9835],[-96.96836,29.98432],[-96.96918,29.9843],[-96.9731,29.98329],[-96.98068,29.98243],[-96.98333,29.98085],[-96.98423,29.97801],[-96.98496,29.97198],[-96.98756,29.96896],[-96.99058,29.9682],[-96.99369,29.97023],[-96.9979,29.97021],[-97.00094,29.96916],[-97.00434,29.9666],[-97.00515,29.96522],[-97.00508,29.96309],[-97.00869,29.95902],[-97.01137,29.95817],[-97.01905,29.96022],[-97.02248,29.95887],[-97.02519,29.95965],[-97.0264,29.96078],[-97.02716,29.96245],[-97.02707,29.96513],[-97.02478,29.9657],[-97.02291,29.96875],[-97.02246,29.9712],[-97.02077,29.97447],[-97.02091,29.9753],[-97.02201,29.97635],[-97.02469,29.9775],[-97.02914,29.98124],[-97.03145,29.9825],[-97.03885,29.98345],[-97.0434,29.9857],[-97.04511,29.98492],[-97.04627,29.98368],[-97.04496,29.97523],[-97.04396,29.9728],[-97.04583,29.97067],[-97.04844,29.96476],[-97.05318,29.96297],[-97.05431,29.96146],[-97.05642,29.9602],[-97.05989,29.95952],[-97.06155,29.9586],[-97.06339,29.95849],[-97.06737,29.95964],[-97.07018,29.95945],[-97.07195,29.95987],[-97.07244,29.96218],[-97.07041,29.96775],[-97.07078,29.97041],[-97.07194,29.97236],[-97.07388,29.97318],[-97.07446,29.97391],[-97.07693,29.97754],[-97.0777,29.97944],[-97.07912,29.98104],[-97.08014,29.98352],[-97.08677,29.99106],[-97.08711,29.99695],[-97.0879,29.99743],[-97.08934,30.00179],[-97.09205,30.00402],[-97.09363,30.00718],[-97.09647,30.01055],[-97.09649,30.01176],[-97.09478,30.01398],[-97.09473,30.01683],[-97.09531,30.01948],[-97.09825,30.02725],[-97.10623,30.02895],[-97.10965,30.03065],[-97.11539,30.03479],[-97.12243,30.03406],[-97.12356,30.0334],[-97.12527,30.03117],[-97.12961,30.02907],[-97.13217,30.02595],[-97.13501,30.02343],[-97.14591,30.01552],[-97.14715,30.0149],[-97.15731,30.01327],[-97.16063,30.01222],[-97.16405,30.01226],[-97.16642,30.01398],[-97.16858,30.01691],[-97.16885,30.02042],[-97.17001,30.02246],[-97.17159,30.02333],[-97.17651,30.0244],[-97.18028,30.02633],[-97.18597,30.03196],[-97.18884,30.03682],[-97.18913,30.03941],[-97.19177,30.04266],[-97.20123,30.05118],[-97.20236,30.05166],[-97.20308,30.05145],[-97.20452,30.0493],[-97.20465,30.04753],[-97.20222,30.0383],[-97.2019,30.03335],[-97.20338,30.03023],[-97.20809,30.02565],[-97.21011,30.02292],[-97.21237,30.02198],[-97.21303,30.02216],[-97.21822,30.02605],[-97.22173,30.02612],[-97.22618,30.02713],[-97.23036,30.02662],[-97.23263,30.02524],[-97.23146,30.01956],[-97.23217,30.01754],[-97.23435,30.01507],[-97.23633,30.01406],[-97.24193,30.01332],[-97.24772,30.01022],[-97.24925,30.01081],[-97.24938,30.01185],[-97.24691,30.01611],[-97.24597,30.01936],[-97.24674,30.02021],[-97.24608,30.02477],[-97.24645,30.0258],[-97.25588,30.02579],[-97.25836,30.02375],[-97.26581,30.0222],[-97.27421,30.02246],[-97.2756,30.02313],[-97.27658,30.02473],[-97.28063,30.02503],[-97.28229,30.02591],[-97.28316,30.02838],[-97.28313,30.03191],[-97.28017,30.0421],[-97.27716,30.04499],[-97.27489,30.04952],[-97.27268,30.05271],[-97.26753,30.05763],[-97.26927,30.06535],[-97.27079,30.06733],[-97.27216,30.06827],[-97.2809,30.07231],[-97.28235,30.07144],[-97.28652,30.06495],[-97.29213,30.06381],[-97.29419,30.06455],[-97.29737,30.06696],[-97.30369,30.06948],[-97.30593,30.07131],[-97.31131,30.0729],[-97.31365,30.07494],[-97.31636,30.07858],[-97.31939,30.08007],[-97.3231,30.0806],[-97.32769,30.08033],[-97.33256,30.07898],[-97.33636,30.07683],[-97.34168,30.07561],[-97.34619,30.07605],[-97.3489,30.07839],[-97.34987,30.08357],[-97.34977,30.08884],[-97.34911,30.09067],[-97.34652,30.09321],[-97.34275,30.09537],[-97.33857,30.09408],[-97.33688,30.09408],[-97.33098,30.09594],[-97.32317,30.09761],[-97.32212,30.09841],[-97.3208,30.10079],[-97.32022,30.104],[-97.32122,30.10695],[-97.3239,30.11064],[-97.32852,30.11188],[-97.32957,30.11289],[-97.33052,30.11569],[-97.33228,30.11848],[-97.3355,30.12103],[-97.33898,30.12234],[-97.34665,30.12071],[-97.351,30.12053],[-97.35368,30.12156],[-97.35624,30.1233],[-97.3594,30.12599],[-97.36156,30.1289],[-97.36154,30.13371],[-97.36562,30.14125],[-97.36757,30.14331],[-97.37237,30.14478],[-97.37322,30.14553],[-97.37419,30.14966],[-97.37335,30.15248],[-97.37213,30.15394],[-97.3695,30.1544],[-97.36726,30.15385],[-97.36449,30.15101],[-97.3594,30.14789],[-97.35423,30.14741],[-97.35175,30.14773],[-97.35017,30.14986],[-97.34745,30.15185],[-97.34627,30.15437],[-97.3464,30.15749],[-97.34879,30.16746],[-97.3494,30.16753],[-97.35185,30.16583],[-97.35365,30.16533],[-97.35467,30.16407],[-97.36214,30.16192],[-97.37527,30.16096],[-97.38149,30.16174],[-97.38463,30.16368],[-97.38503,30.16643],[-97.3835,30.17049],[-97.38012,30.17631],[-97.37828,30.18176],[-97.38075,30.18293],[-97.38672,30.18183],[-97.38835,30.18259],[-97.39191,30.18586],[-97.39429,30.18683],[-97.39998,30.18605],[-97.40154,30.18479],[-97.40149,30.18153],[-97.40009,30.17972],[-97.39666,30.17755],[-97.39647,30.17303],[-97.39705,30.17124],[-97.40159,30.16833],[-97.40697,30.16334],[-97.40742,30.16274],[-97.40721,30.16102],[-97.40773,30.15995],[-97.41098,30.15891],[-97.41812,30.15873],[-97.42171,30.15742],[-97.42896,30.1519],[-97.43059,30.14876],[-97.43431,30.14479],[-97.4386,30.14247],[-97.44071,30.14188],[-97.44277,30.14204],[-97.44604,30.14359],[-97.4529,30.14925],[-97.45366,30.1509],[-97.45322,30.152],[-97.44771,30.15681],[-97.44497,30.16147],[-97.44015,30.16635],[-97.43928,30.16958],[-97.43348,30.1763],[-97.42478,30.18237],[-97.42306,30.18593],[-97.42365,30.18778],[-97.42628,30.18934],[-97.43098,30.18817],[-97.43575,30.18858],[-97.4453,30.18603],[-97.45266,30.18305],[-97.45857,30.18158],[-97.46168,30.18169],[-97.46421,30.18369],[-97.46582,30.18362],[-97.46941,30.18231],[-97.47297,30.18297],[-97.47447,30.18453],[-97.48505,30.18844],[-97.48577,30.19022],[-97.48596,30.19495],[-97.48836,30.19744],[-97.48945,30.19941],[-97.48937,30.20063],[-97.48868,30.20147],[-97.48417,30.20354],[-97.48402,30.20542],[-97.48473,30.20652],[-97.48729,30.20801],[-97.48988,30.21075],[-97.49025,30.21034],[-97.48922,30.20938],[-97.48935,30.20901],[-97.49128,30.20979],[-97.49178,30.21055],[-97.4927,30.21036],[-97.49149,30.20908],[-97.49188,30.20803],[-97.49291,30.20896],[-97.49383,30.20805],[-97.49449,30.20818],[-97.4937,30.20944],[-97.49573,30.20892],[-97.49241,30.21171],[-97.49096,30.21094],[-97.4908,30.21139],[-97.49197,30.21254],[-97.49595,30.20965],[-97.49684,30.20848],[-97.50156,30.20808],[-97.50412,30.2073],[-97.50948,30.20302],[-97.51157,30.20032],[-97.5132,30.19901],[-97.52046,30.19767],[-97.52304,30.1979],[-97.52505,30.19914],[-97.52697,30.20175],[-97.529,30.20352],[-97.52921,30.20444],[-97.52847,30.20588],[-97.52612,30.20707],[-97.52256,30.20787],[-97.52008,30.20741],[-97.51781,30.20587],[-97.51686,30.20575],[-97.51493,30.20681],[-97.51382,30.20809],[-97.51364,30.21077],[-97.51485,30.2132],[-97.51669,30.21953],[-97.51705,30.22665],[-97.5175,30.22824],[-97.51826,30.22883],[-97.52061,30.22897],[-97.52238,30.22833],[-97.52373,30.22075],[-97.52521,30.21967],[-97.52901,30.21851],[-97.53753,30.22117],[-97.53837,30.22282],[-97.53866,30.22527],[-97.54075,30.22612],[-97.54143,30.22534],[-97.54233,30.22115],[-97.54215,30.22028],[-97.54738,30.21714],[-97.55464,30.20846],[-97.55678,30.20723],[-97.56055,30.20744],[-97.56519,30.2114],[-97.56907,30.2125],[-97.5735,30.21244],[-97.57306,30.21349],[-97.57556,30.21407],[-97.57762,30.21375],[-97.57994,30.21233],[-97.58213,30.20951],[-97.58757,30.20566],[-97.59111,30.20587],[-97.59467,30.20722],[-97.59591,30.20864],[-97.5949,30.21426],[-97.59659,30.21969],[-97.59316,30.22292],[-97.59258,30.2242],[-97.59263,30.22555],[-97.59397,30.22741],[-97.59653,30.2284],[-97.5978,30.22819],[-97.59838,30.2276],[-97.60168,30.22718],[-97.60332,30.22634],[-97.60488,30.21859],[-97.60688,30.2152],[-97.60891,30.21288],[-97.61147,30.21252],[-97.61411,30.21341],[-97.6214,30.20988],[-97.62527,30.2094],[-97.63258,30.20725],[-97.63778,30.20741],[-97.64501,30.20949],[-97.64881,30.21181],[-97.6562,30.21976],[-97.65797,30.22311],[-97.65895,30.22723],[-97.6566,30.23065],[-97.65512,30.2314],[-97.6538,30.23342],[-97.65151,30.2355],[-97.64491,30.23755],[-97.6353,30.23965],[-97.63245,30.24126],[-97.62971,30.24424],[-97.62664,30.24907],[-97.62623,30.25337],[-97.62755,30.25571],[-97.63328,30.25544],[-97.63988,30.25688],[-97.64139,30.25798],[-97.64263,30.26151],[-97.64548,30.26059],[-97.64527,30.26236],[-97.64564,30.26277],[-97.651,30.26151],[-97.65696,30.26183],[-97.66156,30.26084],[-97.66414,30.25846],[-97.669,30.25541],[-97.67339,30.24985],[-97.67978,30.24696],[-97.68762,30.24519],[-97.6925,30.24443],[-97.6958,30.24477],[-97.69939,30.24635],[-97.70179,30.24951],[-97.70436,30.24999],[-97.71243,30.24978],[-97.7126,30.25075],[-97.70458,30.25094],[-97.70226,30.25053],[-97.70026,30.24954],[-97.6996,30.24757],[-97.69868,30.24693],[-97.6972,30.24706],[-97.69828,30.24892],[-97.6977,30.24936],[-97.6967,30.2478],[-97.69522,30.24736],[-97.69522,30.24668],[-97.69641,30.24608],[-97.69593,30.24571],[-97.69466,30.24585],[-97.69424,30.24663],[-97.69023,30.24599],[-97.68683,30.24592],[-97.68456,30.2464],[-97.68234,30.24739],[-97.67944,30.24783],[-97.67362,30.25061],[-97.67251,30.25165],[-97.67135,30.25451],[-97.67045,30.25541],[-97.66108,30.26201],[-97.66219,30.26288],[-97.6618,30.26318],[-97.66024,30.26267],[-97.65063,30.26272],[-97.64698,30.26355],[-97.64353,30.26325],[-97.6417,30.26258],[-97.63983,30.26112],[-97.64102,30.26126],[-97.6398,30.25961],[-97.64078,30.2594],[-97.64086,30.25885],[-97.63891,30.2575],[-97.6351,30.2566],[-97.63054,30.25628],[-97.62856,30.25688],[-97.62708,30.25656],[-97.62615,30.25571],[-97.62555,30.25399],[-97.62564,30.24914],[-97.62728,30.246],[-97.63087,30.24172],[-97.63374,30.23945],[-97.63926,30.23734],[-97.64673,30.23661],[-97.65203,30.23461],[-97.65383,30.23179],[-97.65784,30.22776],[-97.65818,30.22641],[-97.65697,30.22246],[-97.65554,30.22013],[-97.64736,30.21204],[-97.64448,30.21057],[-97.64084,30.20984],[-97.6377,30.20846],[-97.63208,30.20814],[-97.62527,30.2106],[-97.61839,30.21218],[-97.61651,30.2135],[-97.61461,30.21405],[-97.61084,30.21298],[-97.60979,30.21311],[-97.60767,30.21481],[-97.60588,30.21751],[-97.60474,30.22439],[-97.60369,30.22695],[-97.59637,30.22895],[-97.59487,30.22879],[-97.59302,30.22787],[-97.59152,30.22565],[-97.59197,30.22338],[-97.59445,30.22081],[-97.59551,30.21879],[-97.5953,30.21648],[-97.59453,30.21547],[-97.59435,30.21992],[-97.59337,30.21994],[-97.59311,30.21937],[-97.59482,30.21015],[-97.59448,30.20837],[-97.59361,30.20747],[-97.58984,30.20628],[-97.58768,30.20667],[-97.58401,30.20896],[-97.58023,30.21304],[-97.57683,30.21487],[-97.56733,30.21296],[-97.56256,30.21101],[-97.56076,30.2087],[-97.55839,30.20792],[-97.55739,30.20803],[-97.55512,30.2092],[-97.55065,30.21529],[-97.54331,30.22026],[-97.54275,30.22505],[-97.54222,30.22617],[-97.54394,30.22803],[-97.54647,30.2333],[-97.54423,30.23149],[-97.54309,30.22846],[-97.54154,30.22722],[-97.53929,30.22665],[-97.53827,30.22562],[-97.53692,30.2219],[-97.52925,30.21926],[-97.52653,30.21967],[-97.52386,30.2221],[-97.52352,30.22357],[-97.52462,30.22726],[-97.52417,30.22806],[-97.52113,30.22973],[-97.51829,30.22975],[-97.51718,30.22918],[-97.51649,30.22773],[-97.51571,30.21877],[-97.51253,30.21024],[-97.51391,30.20623],[-97.5161,30.20491],[-97.51874,30.20495],[-97.52055,30.20672],[-97.52177,30.2072],[-97.5261,30.20643],[-97.52808,30.20521],[-97.52845,30.20405],[-97.52607,30.20212],[-97.52544,30.20086],[-97.52378,30.19934],[-97.52199,30.19845],[-97.51993,30.19836],[-97.51344,30.19968],[-97.50998,30.20339],[-97.50504,30.20755],[-97.50206,30.20881],[-97.49774,30.20928],[-97.49479,30.21107],[-97.49268,30.21302],[-97.49147,30.21332],[-97.48745,30.20917],[-97.48325,30.20595],[-97.48362,30.2029],[-97.48454,30.20212],[-97.48768,30.20097],[-97.48834,30.20001],[-97.48802,30.19875],[-97.48599,30.19662],[-97.48496,30.1943],[-97.485,30.19034],[-97.48437,30.18892],[-97.47864,30.18668],[-97.47455,30.18563],[-97.47147,30.18338],[-97.46964,30.18304],[-97.46521,30.18456],[-97.4611,30.18227],[-97.45696,30.1825],[-97.44316,30.18729],[-97.43728,30.18874],[-97.43227,30.1909],[-97.42861,30.19101],[-97.42671,30.1906],[-97.42412,30.18934],[-97.42293,30.18808],[-97.42248,30.18503],[-97.42372,30.18272],[-97.42583,30.1807],[-97.43416,30.17474],[-97.43743,30.17032],[-97.4398,30.16569],[-97.44402,30.16174],[-97.44707,30.15668],[-97.45237,30.15195],[-97.45261,30.15024],[-97.44567,30.14444],[-97.44224,30.14261],[-97.44061,30.14245],[-97.43913,30.14305],[-97.43441,30.14578],[-97.43088,30.14935],[-97.42861,30.1529],[-97.42366,30.15703],[-97.42005,30.15905],[-97.41802,30.15981],[-97.41116,30.15976],[-97.40813,30.16068],[-97.40794,30.16334],[-97.40726,30.16418],[-97.40262,30.16842],[-97.39771,30.17198],[-97.39724,30.1728],[-97.39684,30.1761],[-97.39729,30.17739],[-97.40085,30.17929],[-97.40249,30.18266],[-97.40207,30.18508],[-97.40062,30.1868],[-97.39793,30.18751],[-97.3945,30.18758],[-97.39183,30.18696],[-97.38946,30.1847],[-97.38751,30.18444],[-97.38519,30.18302],[-97.38115,30.18373],[-97.37825,30.18286],[-97.37748,30.18307],[-97.37712,30.18234],[-97.3783,30.17901],[-97.38442,30.166],[-97.38437,30.16474],[-97.38376,30.16382],[-97.38068,30.16219],[-97.37662,30.16155],[-97.36733,30.16217],[-97.361,30.16313],[-97.35549,30.16473],[-97.35423,30.16593],[-97.34858,30.16799],[-97.34676,30.16382],[-97.34595,30.1582],[-97.34566,30.1577],[-97.34529,30.15793],[-97.34563,30.1601],[-97.34492,30.15974],[-97.34511,30.15545],[-97.34748,30.15027],[-97.34883,30.14814],[-97.35178,30.14674],[-97.35679,30.14654],[-97.36283,30.14874],[-97.3648,30.14989],[-97.36733,30.15332],[-97.36865,30.15387],[-97.37145,30.15344],[-97.37261,30.15241],[-97.37327,30.15094],[-97.37332,30.14865],[-97.37256,30.14601],[-97.37203,30.14542],[-97.36676,30.14381],[-97.36167,30.13737],[-97.36056,30.13451],[-97.36067,30.12876],[-97.35495,30.12317],[-97.35134,30.12145],[-97.3492,30.12122],[-97.34032,30.12293],[-97.33697,30.12259],[-97.33099,30.11853],[-97.3288,30.1133],[-97.32722,30.11195],[-97.32477,30.11156],[-97.32243,30.11007],[-97.32035,30.10773],[-97.31914,30.10523],[-97.31911,30.10221],[-97.31988,30.10042],[-97.32101,30.09854],[-97.3237,30.09644],[-97.33206,30.09447],[-97.33638,30.09294],[-97.34276,30.09262],[-97.34523,30.09305],[-97.34729,30.09156],[-97.34884,30.08904],[-97.34895,30.08694],[-97.34829,30.08224],[-97.34703,30.07827],[-97.34476,30.07653],[-97.34221,30.07637],[-97.33839,30.07726],[-97.32858,30.08141],[-97.32484,30.08189],[-97.32023,30.08147],[-97.31715,30.0803],[-97.3156,30.07904],[-97.31252,30.07519],[-97.31017,30.07336],[-97.30085,30.07072],[-97.29666,30.06771],[-97.29529,30.06583],[-97.29303,30.06466],[-97.28839,30.06523],[-97.28557,30.068],[-97.2833,30.07162],[-97.28072,30.07299],[-97.27898,30.07249],[-97.27719,30.07127],[-97.27361,30.07051],[-97.27068,30.06861],[-97.2689,30.06625],[-97.26692,30.06123],[-97.26648,30.0582],[-97.26709,30.0569],[-97.2741,30.04916],[-97.27387,30.04781],[-97.27964,30.04075],[-97.28208,30.03024],[-97.28118,30.02618],[-97.28024,30.02572],[-97.27668,30.02551],[-97.27424,30.02317],[-97.27013,30.02276],[-97.26605,30.02301],[-97.26191,30.02415],[-97.25804,30.02678],[-97.24635,30.02688],[-97.24524,30.02649],[-97.24493,30.02587],[-97.24553,30.02205],[-97.24515,30.0181],[-97.24773,30.01297],[-97.24709,30.01178],[-97.24233,30.01414],[-97.2368,30.01493],[-97.23504,30.01587],[-97.23315,30.01795],[-97.23273,30.0191],[-97.23384,30.0241],[-97.23358,30.02552],[-97.23263,30.02646],[-97.22944,30.02799],[-97.22747,30.02848],[-97.22555,30.02823],[-97.21717,30.02638],[-97.21388,30.02427],[-97.21072,30.02407],[-97.20396,30.03101],[-97.20264,30.03344],[-97.2023,30.03564],[-97.20285,30.03853],[-97.20518,30.04653],[-97.2051,30.04909],[-97.2045,30.05104],[-97.20263,30.05242],[-97.20142,30.05205],[-97.19731,30.04889],[-97.18987,30.04168],[-97.18832,30.03952],[-97.18792,30.03707],[-97.18571,30.0327],[-97.1837,30.03047],[-97.17883,30.02642],[-97.16974,30.02322],[-97.16851,30.02129],[-97.1674,30.0162],[-97.1654,30.01385],[-97.16424,30.01316],[-97.161,30.01316],[-97.15321,30.01467],[-97.14415,30.01843],[-97.14215,30.01951],[-97.13593,30.02551],[-97.13062,30.02968],[-97.12614,30.03195],[-97.12448,30.03413],[-97.12214,30.03495],[-97.11613,30.03557],[-97.11458,30.03518],[-97.10984,30.0314],[-97.10668,30.02961],[-97.09828,30.0281],[-97.09696,30.0262],[-97.09433,30.01887],[-97.09396,30.01589],[-97.09442,30.0091],[-97.09158,30.00486],[-97.08842,30.00168],[-97.08632,29.9966],[-97.08601,29.99179],[-97.08548,29.99069],[-97.07627,29.98116],[-97.07488,29.97859],[-97.07491,29.976],[-97.07204,29.97329],[-97.07002,29.97043],[-97.06983,29.96802],[-97.0715,29.96175],[-97.07047,29.96021],[-97.06526,29.96005],[-97.06487,29.95961],[-97.06534,29.95952],[-97.06518,29.95922],[-97.06168,29.95927],[-97.05966,29.96034],[-97.05718,29.9605],[-97.05368,29.96355],[-97.04907,29.96526],[-97.0476,29.96751],[-97.04654,29.97078],[-97.04467,29.97261],[-97.04635,29.97681],[-97.04598,29.97958],[-97.04727,29.98329],[-97.04642,29.98485],[-97.04432,29.98581],[-97.04458,29.98636],[-97.04292,29.98638],[-97.03882,29.98404],[-97.03195,29.9834],[-97.02787,29.98119],[-97.02054,29.97569],[-97.02001,29.97362],[-97.02151,29.97145],[-97.0227,29.96742],[-97.02479,29.96476],[-97.02565,29.96451],[-97.02576,29.96499],[-97.02629,29.96488],[-97.02652,29.96291],[-97.0254,29.96084],[-97.02434,29.96013],[-97.02213,29.95965],[-97.01961,29.96079],[-97.01143,29.959],[-97.00879,29.95989],[-97.00695,29.96177],[-97.00526,29.96616],[-97.00407,29.96767],[-97.00026,29.97033],[-96.99656,29.97145],[-96.99454,29.97138],[-96.99024,29.96944],[-96.98885,29.96928],[-96.98696,29.97056],[-96.98588,29.97258],[-96.98541,29.97549],[-96.98675,29.97698],[-96.98715,29.97819],[-96.98581,29.97998],[-96.98126,29.98305],[-96.97626,29.98413],[-96.97305,29.98395],[-96.9697,29.9854],[-96.96784,29.98517],[-96.96699,29.98432],[-96.96541,29.98027],[-96.96586,29.97706],[-96.9673,29.97424],[-96.96877,29.96794],[-96.97053,29.96475],[-96.97055,29.96303],[-96.9689,29.96207],[-96.96148,29.96453],[-96.95343,29.96593],[-96.94961,29.96857],[-96.9479,29.97058],[-96.94725,29.97189],[-96.94743,29.97436],[-96.94528,29.97732],[-96.94338,29.97867],[-96.93691,29.97929],[-96.93212,29.97765],[-96.92593,29.97866],[-96.92364,29.97815],[-96.92235,29.97605],[-96.92135,29.97291],[-96.9174,29.97121],[-96.9108,29.97014],[-96.91025,29.96929],[-96.90996,29.96656],[-96.91061,29.96512],[-96.91969,29.95607],[-96.923,29.9499],[-96.92532,29.94699],[-96.92563,29.94479],[-96.924,29.9362],[-96.92252,29.93382],[-96.91897,29.93077],[-96.91716,29.93011],[-96.91382,29.92979],[-96.91224,29.93018],[-96.91037,29.93236],[-96.91008,29.93469],[-96.91092,29.93769],[-96.91069,29.94017],[-96.9094,29.94267],[-96.90695,29.94427],[-96.90248,29.94521],[-96.89214,29.94448],[-96.8867,29.94123],[-96.88564,29.93928],[-96.88564,29.93802],[-96.88848,29.93169],[-96.88883,29.92917],[-96.89083,29.92617],[-96.8959,29.922],[-96.89627,29.92115],[-96.89616,29.9187],[-96.89756,29.91586],[-96.8974,29.91499],[-96.89543,29.9133],[-96.89043,29.90583],[-96.88741,29.90299],[-96.88601,29.89847],[-96.8833,29.89462],[-96.88096,29.89233],[-96.87865,29.8916],[-96.87276,29.89561],[-96.86655,29.89824],[-96.85377,29.89872],[-96.8381,29.89817],[-96.83474,29.89846],[-96.83008,29.89782],[-96.8212,29.89408],[-96.81925,29.89213],[-96.81628,29.89094],[-96.81452,29.88888],[-96.80967,29.88049],[-96.80722,29.87847],[-96.79947,29.87542],[-96.7949,29.87278],[-96.79277,29.87086],[-96.78885,29.86927],[-96.78662,29.86879],[-96.77718,29.86844],[-96.77069,29.86644],[-96.76975,29.86523],[-96.7697,29.86335],[-96.77278,29.85898],[-96.77586,29.85316],[-96.7781,29.8511],[-96.78417,29.84764],[-96.78672,29.8471],[-96.78714,29.84758],[-96.78916,29.8479],[-96.79576,29.84467],[-96.79679,29.84227],[-96.79676,29.84115],[-96.79543,29.83624],[-96.78742,29.83392],[-96.7815,29.83316],[-96.77728,29.83183],[-96.76871,29.83198],[-96.763,29.83335],[-96.7598,29.83289],[-96.75872,29.83223],[-96.75775,29.83071],[-96.75734,29.82682],[-96.75855,29.82435],[-96.76071,29.82155],[-96.76055,29.81734],[-96.75938,29.81417],[-96.76117,29.81136],[-96.76085,29.80882],[-96.75957,29.80556],[-96.75707,29.80494],[-96.7524,29.80656],[-96.75098,29.80812],[-96.74639,29.8154],[-96.74285,29.8162],[-96.74053,29.81515],[-96.74001,29.81415],[-96.7404,29.81197],[-96.74016,29.80833],[-96.73698,29.8045],[-96.73516,29.80127],[-96.73327,29.7996],[-96.73082,29.79873],[-96.72782,29.79319],[-96.72764,29.79122],[-96.7244,29.78683],[-96.72432,29.78279],[-96.72765,29.77844],[-96.72781,29.77633],[-96.72702,29.77477],[-96.7236,29.77255],[-96.71953,29.77233],[-96.71205,29.77639],[-96.69669,29.78086],[-96.6949,29.78091],[-96.68855,29.77801],[-96.68455,29.77789],[-96.67899,29.77881],[-96.67581,29.77847],[-96.67358,29.7776],[-96.67229,29.7762],[-96.67097,29.76963],[-96.66871,29.76596],[-96.66829,29.76392],[-96.66913,29.7625],[-96.6731,29.75918],[-96.67688,29.75748],[-96.67966,29.75528],[-96.6806,29.75292],[-96.68026,29.74856],[-96.67748,29.74474],[-96.66679,29.73773],[-96.66149,29.73308],[-96.65408,29.72229],[-96.65114,29.71929],[-96.64674,29.71737],[-96.64175,29.71732],[-96.64033,29.71849],[-96.63873,29.72385],[-96.63577,29.72623],[-96.63361,29.72669],[-96.62088,29.72486],[-96.61619,29.72376],[-96.60815,29.72467],[-96.60254,29.72462],[-96.59474,29.72192],[-96.59068,29.721],[-96.57257,29.7193],[-96.56992,29.7195],[-96.56346,29.7181],[-96.56076,29.717],[-96.55622,29.71629],[-96.55011,29.71363],[-96.54591,29.71323],[-96.54384,29.71392],[-96.54031,29.71873],[-96.53997,29.72331],[-96.54165,29.72661],[-96.54199,29.72824],[-96.54198,29.72936],[-96.54122,29.73055],[-96.53668,29.73412],[-96.53368,29.73503],[-96.52872,29.73782],[-96.52434,29.73754],[-96.52114,29.73626],[-96.51938,29.73449],[-96.51624,29.72888],[-96.51509,29.72539],[-96.51514,29.72397],[-96.51774,29.72118],[-96.52184,29.71942],[-96.52473,29.71942],[-96.53147,29.72193],[-96.53302,29.72147],[-96.53328,29.71829],[-96.53263,29.71409],[-96.53009,29.71082],[-96.52975,29.7088],[-96.53017,29.70788],[-96.53112,29.70738],[-96.53461,29.70745],[-96.53594,29.70672],[-96.5366,29.70438],[-96.53621,29.70134],[-96.53475,29.69886],[-96.5321,29.69655],[-96.53383,29.6965]],[[-97.07583,29.97696],[-97.07541,29.97731],[-97.07577,29.9793],[-97.07896,29.98345],[-97.07943,29.98304],[-97.07912,29.98194],[-97.07738,29.9799],[-97.07583,29.97696]],[[-97.0799,29.98411],[-97.08004,29.98478],[-97.08146,29.98572],[-97.0799,29.98411]],[[-97.09531,30.00984],[-97.09497,30.0111],[-97.0957,30.01165],[-97.09597,30.01082],[-97.09531,30.00984]],[[-97.21206,30.02264],[-97.21087,30.02297],[-97.2109,30.02349],[-97.21359,30.02319],[-97.21206,30.02264]],[[-97.24772,30.01068],[-97.24712,30.01114],[-97.2487,30.01191],[-97.24849,30.01116],[-97.24772,30.01068]],[[-97.29874,30.06819],[-97.29882,30.06881],[-97.30056,30.07003],[-97.30475,30.07111],[-97.30369,30.06994],[-97.29874,30.06819]],[[-97.34199,30.09321],[-97.33922,30.09351],[-97.34286,30.09457],[-97.34426,30.09358],[-97.34199,30.09321]],[[-97.35038,30.14782],[-97.34917,30.14867],[-97.34861,30.1502],[-97.34996,30.14933],[-97.35038,30.14782]],[[-97.38635,30.18247],[-97.38582,30.18279],[-97.38769,30.18401],[-97.38838,30.18385],[-97.38811,30.1833],[-97.38635,30.18247]],[[-97.52344,30.22528],[-97.52346,30.22762],[-97.52396,30.22639],[-97.52344,30.22528]],[[-97.43098,30.18879],[-97.42802,30.18962],[-97.42861,30.19021],[-97.43127,30.1903],[-97.43425,30.18973],[-97.43293,30.18886],[-97.43098,30.18879]],[[-97.26302,30.02289],[-97.25796,30.02458],[-97.25725,30.02627],[-97.25991,30.02435],[-97.26312,30.02328],[-97.26302,30.02289]],[[-97.14702,30.01589],[-97.14504,30.01715],[-97.14725,30.01619],[-97.14702,30.01589]],[[-97.13783,30.02221],[-97.13401,30.02581],[-97.13504,30.0257],[-97.13591,30.02489],[-97.13746,30.02325],[-97.13783,30.02221]],[[-96.98496,29.97645],[-96.98465,29.97993],[-96.9862,29.97805],[-96.98496,29.97645]]]},"properties":{"region":"bastrop","name":null,"sqkm":23.85}},{"type":"Feature","geometry":{"type":"Polygon","coordinates":[[[-97.10611,30.00023],[-97.11288,29.99556],[-97.11736,29.9901],[-97.11933,29.98843],[-97.12075,29.98834],[-97.12038,29.98758],[-97.12181,29.98697],[-97.12117,29.98632],[-97.12462,29.98243],[-97.12626,29.97826],[-97.12691,29.97792],[-97.12744,29.97851],[-97.12828,29.97856],[-97.12749,29.98119],[-97.1217,29.98768],[-97.12217,29.98816],[-97.12196,29.98871],[-97.12094,29.98878],[-97.12138,29.98983],[-97.11733,29.99269],[-97.11551,29.99608],[-97.11341,29.99689],[-97.10785,30.0004],[-97.10432,30.00109],[-97.10279,30.00023],[-97.10611,30.00023]]]},"properties":{"region":"bastrop","name":null,"sqkm":0.54}},{"type":"Feature","geometry":{"type":"Polygon","coordinates":[[[-97.12768,29.97746],[-97.12705,29.97691],[-97.12783,29.97585],[-97.12768,29.97381],[-97.12844,29.97178],[-97.12805,29.96907],[-97.12955,29.966],[-97.13157,29.96715],[-97.13215,29.97049],[-97.13002,29.97446],[-97.13052,29.97443],[-97.13057,29.97494],[-97.12957,29.97666],[-97.12857,29.97659],[-97.12818,29.97695],[-97.12849,29.97753],[-97.12768,29.97746]]]},"properties":{"region":"bastrop","name":"Stagners Lake","sqkm":0.34}},{"type":"Feature","geometry":{"type":"Polygon","coordinates":[[[-97.26142,30.17036],[-97.26121,30.16972],[-97.26245,30.16674],[-97.26035,30.16463],[-97.26108,30.16443],[-97.26369,30.16633],[-97.26496,30.16654],[-97.26591,30.16585],[-97.26646,30.16446],[-97.26491,30.16248],[-97.26475,30.16132],[-97.26636,30.16285],[-97.26784,30.1626],[-97.26892,30.16295],[-97.27,30.16198],[-97.2699,30.15969],[-97.26824,30.15745],[-97.26771,30.15518],[-97.2678,30.15153],[-97.26936,30.14649],[-97.26965,30.14686],[-97.26854,30.15105],[-97.26835,30.15444],[-97.26958,30.15754],[-97.27172,30.15956],[-97.27354,30.15974],[-97.27683,30.16286],[-97.27625,30.1591],[-97.27504,30.15796],[-97.27576,30.15631],[-97.27504,30.15587],[-97.2752,30.15537],[-97.27816,30.15567],[-97.28011,30.15484],[-97.28142,30.1578],[-97.28203,30.15824],[-97.28356,30.15819],[-97.28337,30.15723],[-97.28393,30.1562],[-97.28161,30.15521],[-97.2828,30.15292],[-97.28146,30.14792],[-97.28109,30.14788],[-97.27988,30.1498],[-97.27887,30.15012],[-97.27666,30.14801],[-97.27513,30.14774],[-97.27642,30.14689],[-97.27585,30.14577],[-97.27395,30.14501],[-97.2715,30.14485],[-97.27405,30.14432],[-97.27403,30.14389],[-97.27247,30.14299],[-97.27287,30.14265],[-97.27593,30.14398],[-97.27783,30.14393],[-97.27939,30.13983],[-97.27889,30.13784],[-97.27997,30.13814],[-97.28171,30.13766],[-97.2815,30.13567],[-97.28181,30.13539],[-97.2826,30.13826],[-97.28142,30.13887],[-97.28076,30.14002],[-97.28136,30.14346],[-97.28239,30.14426],[-97.2832,30.14394],[-97.28421,30.13961],[-97.28468,30.13949],[-97.28468,30.14268],[-97.28531,30.14348],[-97.28534,30.1452],[-97.287,30.1452],[-97.28631,30.14699],[-97.28684,30.14779],[-97.28816,30.14717],[-97.289,30.14818],[-97.28892,30.15002],[-97.29063,30.15233],[-97.29189,30.15932],[-97.28817,30.16328],[-97.28661,30.1625],[-97.28743,30.1653],[-97.28571,30.16867],[-97.28416,30.16841],[-97.28326,30.16937],[-97.28252,30.16935],[-97.28302,30.16493],[-97.28266,30.1636],[-97.28192,30.16342],[-97.28078,30.16399],[-97.28047,30.16529],[-97.27957,30.16506],[-97.27844,30.16552],[-97.27724,30.16896],[-97.27497,30.172],[-97.275,30.16772],[-97.27382,30.16751],[-97.27302,30.16953],[-97.27266,30.16955],[-97.2729,30.16662],[-97.27361,30.16446],[-97.27311,30.16394],[-97.27216,30.16529],[-97.26847,30.1645],[-97.2672,30.16783],[-97.26604,30.16702],[-97.26298,30.16782],[-97.26142,30.17036]]]},"properties":{"region":"bastrop","name":null,"sqkm":3.78}},{"type":"Feature","geometry":{"type":"Polygon","coordinates":[[[-99.00035,32.44151],[-98.99872,32.4409],[-98.99686,32.44303],[-98.99216,32.44297],[-98.99148,32.44347],[-98.9907,32.44329],[-98.99029,32.4421],[-98.98805,32.4404],[-98.9881,32.4415],[-98.98735,32.44189],[-98.98551,32.44494],[-98.98654,32.44803],[-98.98589,32.44808],[-98.98533,32.44671],[-98.98424,32.44652],[-98.98443,32.44556],[-98.98335,32.44462],[-98.98467,32.44377],[-98.98502,32.44157],[-98.98424,32.44084],[-98.98435,32.44011],[-98.98224,32.43851],[-98.98278,32.43823],[-98.98507,32.43896],[-98.9871,32.43717],[-98.98761,32.43596],[-98.98899,32.43768],[-98.99067,32.4377],[-98.99069,32.43887],[-98.99291,32.43999],[-98.99367,32.43992],[-98.99453,32.43838],[-98.99601,32.43751],[-98.99861,32.43778],[-98.99877,32.43709],[-98.99701,32.43478],[-98.99614,32.43247],[-98.99668,32.4321],[-98.99665,32.43095],[-98.99592,32.42986],[-98.99581,32.42866],[-98.99606,32.42798],[-98.99733,32.42779],[-98.99836,32.43027],[-98.99803,32.43175],[-98.99841,32.43308],[-98.99949,32.43313],[-99.00035,32.43469],[-99.00035,32.44151]]]},"properties":{"region":"crossTimbers","name":"Lake Cisco","sqkm":1}},{"type":"Feature","geometry":{"type":"Polygon","coordinates":[[[-99.00035,32.43524],[-99.0017,32.4384],[-99.0053,32.43737],[-99.00671,32.43598],[-99.00728,32.43295],[-99.00911,32.43316],[-99.01006,32.43245],[-99.01085,32.43117],[-99.01101,32.42938],[-99.01517,32.42968],[-99.01655,32.42817],[-99.01763,32.42803],[-99.01777,32.42863],[-99.01844,32.42833],[-99.01677,32.42356],[-99.01785,32.42267],[-99.01737,32.42421],[-99.01809,32.42547],[-99.01885,32.42545],[-99.01839,32.4265],[-99.01925,32.4281],[-99.01898,32.42907],[-99.01712,32.42929],[-99.01784,32.4301],[-99.01747,32.43074],[-99.01282,32.43206],[-99.01227,32.43387],[-99.01319,32.43488],[-99.01125,32.43481],[-99.00989,32.43543],[-99.00984,32.43747],[-99.00865,32.43804],[-99.00846,32.44019],[-99.00421,32.44081],[-99.00381,32.44136],[-99.00642,32.44441],[-99.00604,32.44622],[-99.00642,32.4467],[-99.0091,32.4456],[-99.01248,32.44588],[-99.01318,32.44483],[-99.01534,32.44515],[-99.01648,32.44451],[-99.0168,32.44497],[-99.01575,32.4459],[-99.0158,32.44737],[-99.01634,32.44776],[-99.01036,32.44849],[-99.00936,32.44911],[-99.00915,32.45046],[-99.00853,32.44947],[-99.00774,32.44931],[-99.0072,32.44993],[-99.00706,32.45158],[-99.0065,32.44991],[-99.00366,32.45135],[-99.00526,32.44965],[-99.00526,32.44903],[-99.00412,32.44732],[-99.00307,32.44727],[-99.0035,32.44589],[-99.00321,32.44397],[-99.00137,32.4436],[-99.00156,32.44284],[-99.00105,32.44271],[-99.00162,32.4419],[-99.00035,32.44151],[-99.00035,32.43524]]]},"properties":{"region":"crossTimbers","name":null,"sqkm":1.29}},{"type":"Feature","geometry":{"type":"Polygon","coordinates":[[[-98.84941,32.42638],[-98.8486,32.42613],[-98.84681,32.42359],[-98.84519,32.42343],[-98.8433,32.42058],[-98.84246,32.42049],[-98.84009,32.42148],[-98.8376,32.42131],[-98.83633,32.42235],[-98.83585,32.42108],[-98.83163,32.41904],[-98.83269,32.41698],[-98.83258,32.41632],[-98.83658,32.41795],[-98.83871,32.41664],[-98.83893,32.4144],[-98.84001,32.41478],[-98.84095,32.41286],[-98.84293,32.41169],[-98.84498,32.41142],[-98.84528,32.41224],[-98.84457,32.41334],[-98.84493,32.41341],[-98.84595,32.4125],[-98.84714,32.41229],[-98.85071,32.4125],[-98.85181,32.41137],[-98.85503,32.41037],[-98.85576,32.40922],[-98.8556,32.41085],[-98.85316,32.41186],[-98.85103,32.41385],[-98.84676,32.41492],[-98.84133,32.41497],[-98.84093,32.41538],[-98.84179,32.41639],[-98.8409,32.41799],[-98.84117,32.41868],[-98.84309,32.41852],[-98.84544,32.41925],[-98.84565,32.42161],[-98.84841,32.42327],[-98.84949,32.42489],[-98.85151,32.42556],[-98.85157,32.42604],[-98.85022,32.42585],[-98.84941,32.42638]]]},"properties":{"region":"crossTimbers","name":"Lake Brelsford","sqkm":0.96}},{"type":"Feature","geometry":{"type":"Polygon","coordinates":[[[-98.69344,32.34855],[-98.69514,32.34848],[-98.69614,32.34789],[-98.69719,32.34539],[-98.69886,32.34365],[-98.70013,32.34135],[-98.7011,32.34154],[-98.70118,32.33952],[-98.70212,32.33954],[-98.70482,32.33548],[-98.70433,32.33363],[-98.70471,32.33234],[-98.70554,32.3317],[-98.7063,32.33175],[-98.70554,32.33253],[-98.70546,32.33386],[-98.70603,32.33445],[-98.7059,32.33553],[-98.70687,32.33592],[-98.70506,32.33789],[-98.70515,32.34055],[-98.70631,32.34098],[-98.7048,32.34119],[-98.70356,32.34218],[-98.7049,32.33963],[-98.70463,32.33929],[-98.70407,32.33984],[-98.70345,32.33963],[-98.70487,32.337],[-98.70493,32.33654],[-98.70452,32.33658],[-98.70312,32.33846],[-98.70264,32.3403],[-98.70196,32.3406],[-98.70129,32.34406],[-98.69943,32.34376],[-98.69767,32.34548],[-98.69733,32.34848],[-98.69654,32.34972],[-98.69511,32.35043],[-98.69344,32.34855]]]},"properties":{"region":"crossTimbers","name":null,"sqkm":0.31}},{"type":"Feature","geometry":{"type":"Polygon","coordinates":[[[-98.70476,32.36314],[-98.70338,32.36136],[-98.70244,32.3614],[-98.70141,32.35984],[-98.70041,32.35962],[-98.6992,32.3584],[-98.69909,32.35632],[-98.70103,32.35423],[-98.69725,32.35572],[-98.69612,32.35513],[-98.69587,32.35446],[-98.69752,32.35272],[-98.69922,32.34981],[-98.7014,32.34791],[-98.7044,32.34781],[-98.70329,32.34676],[-98.70269,32.34486],[-98.70191,32.34445],[-98.70213,32.34392],[-98.70294,32.34396],[-98.70464,32.34273],[-98.70515,32.3419],[-98.70536,32.34272],[-98.70402,32.34385],[-98.70491,32.34541],[-98.70448,32.34687],[-98.70634,32.34765],[-98.70907,32.34552],[-98.7092,32.34733],[-98.70783,32.34843],[-98.70753,32.34932],[-98.7088,32.34944],[-98.71004,32.35031],[-98.70842,32.35017],[-98.70834,32.35095],[-98.70688,32.35035],[-98.70408,32.35045],[-98.70138,32.35114],[-98.70035,32.35185],[-98.69857,32.35208],[-98.69668,32.35448],[-98.69698,32.35494],[-98.69844,32.35446],[-98.69984,32.35276],[-98.70103,32.3532],[-98.70184,32.35276],[-98.70265,32.35304],[-98.70343,32.35437],[-98.70195,32.35464],[-98.7006,32.35627],[-98.70049,32.3573],[-98.702,32.35909],[-98.70238,32.36035],[-98.70406,32.36135],[-98.70476,32.36314]]]},"properties":{"region":"crossTimbers","name":null,"sqkm":0.62}},{"type":"Feature","geometry":{"type":"Polygon","coordinates":[[[-98.77974,32.38565],[-98.78015,32.38455],[-98.78315,32.3833],[-98.78339,32.38226],[-98.78142,32.38148],[-98.77813,32.38205],[-98.77778,32.38329],[-98.77813,32.38421],[-98.77723,32.38373],[-98.77686,32.38182],[-98.77546,32.38086],[-98.773,32.37719],[-98.77373,32.37513],[-98.77511,32.37362],[-98.77525,32.37186],[-98.77339,32.37133],[-98.77125,32.37194],[-98.76901,32.37185],[-98.76855,32.37171],[-98.76918,32.37091],[-98.77258,32.36949],[-98.77469,32.36947],[-98.7756,32.36998],[-98.77695,32.37172],[-98.77671,32.37433],[-98.77603,32.37511],[-98.77635,32.37584],[-98.77519,32.37603],[-98.77495,32.37749],[-98.77605,32.37949],[-98.77686,32.38027],[-98.77886,32.38079],[-98.78232,32.38052],[-98.78585,32.3824],[-98.78639,32.38344],[-98.78215,32.38494],[-98.78107,32.38476],[-98.77974,32.38565]]]},"properties":{"region":"crossTimbers","name":"Lake Olden","sqkm":0.53}},{"type":"Feature","geometry":{"type":"Polygon","coordinates":[[[-98.69441,32.34942],[-98.69511,32.35043],[-98.69654,32.34972],[-98.69733,32.34848],[-98.69767,32.34548],[-98.69943,32.34376],[-98.70129,32.34406],[-98.70196,32.3406],[-98.70264,32.3403],[-98.70312,32.33846],[-98.70493,32.33654],[-98.70345,32.33924],[-98.70366,32.33993],[-98.70463,32.33929],[-98.7049,32.33963],[-98.70356,32.34218],[-98.7048,32.34119],[-98.70674,32.34101],[-98.70696,32.34137],[-98.70526,32.34158],[-98.70464,32.34273],[-98.70294,32.34396],[-98.70213,32.34392],[-98.70191,32.34445],[-98.70269,32.34486],[-98.70329,32.34676],[-98.7044,32.34781],[-98.7014,32.34791],[-98.69922,32.34981],[-98.69587,32.3549],[-98.69725,32.35572],[-98.70103,32.35423],[-98.69909,32.35632],[-98.6992,32.3584],[-98.70041,32.35962],[-98.70141,32.35984],[-98.70244,32.3614],[-98.70338,32.36136],[-98.70571,32.36458],[-98.70765,32.36461],[-98.70787,32.36559],[-98.71346,32.36522],[-98.71302,32.36442],[-98.71335,32.36405],[-98.71624,32.36471],[-98.72136,32.36118],[-98.72182,32.36072],[-98.72155,32.35953],[-98.72263,32.3601],[-98.72352,32.36166],[-98.72425,32.3615],[-98.72414,32.36065],[-98.72789,32.35827],[-98.72819,32.359],[-98.73108,32.35936],[-98.73229,32.35856],[-98.73238,32.3592],[-98.73108,32.36042],[-98.73106,32.36097],[-98.73149,32.36127],[-98.73286,32.36094],[-98.73281,32.362],[-98.73338,32.36264],[-98.73727,32.36456],[-98.73946,32.36923],[-98.74043,32.36951],[-98.7413,32.36811],[-98.74319,32.36753],[-98.74143,32.36891],[-98.74162,32.36985],[-98.74721,32.37026],[-98.74757,32.37255],[-98.746,32.37294],[-98.74514,32.37379],[-98.74527,32.37512],[-98.74625,32.37615],[-98.74568,32.37622],[-98.74395,32.37507],[-98.7426,32.37507],[-98.74298,32.37599],[-98.7463,32.37706],[-98.75019,32.37665],[-98.75033,32.37578],[-98.75178,32.3741],[-98.75103,32.3711],[-98.75176,32.37016],[-98.75141,32.36872],[-98.7519,32.36863],[-98.75254,32.37021],[-98.75176,32.37112],[-98.75184,32.37296],[-98.75257,32.37394],[-98.75033,32.37754],[-98.7463,32.37761],[-98.74285,32.37659],[-98.74212,32.37597],[-98.74187,32.37464],[-98.74449,32.37438],[-98.74446,32.3739],[-98.74384,32.3737],[-98.74506,32.37246],[-98.74451,32.3715],[-98.74284,32.3712],[-98.74068,32.37189],[-98.73874,32.37331],[-98.73884,32.37233],[-98.73701,32.37263],[-98.73501,32.37201],[-98.73474,32.3699],[-98.73552,32.36775],[-98.73508,32.36667],[-98.73363,32.36539],[-98.73244,32.3656],[-98.72822,32.36347],[-98.72506,32.36306],[-98.72447,32.36228],[-98.72377,32.36258],[-98.7239,32.36322],[-98.72326,32.3634],[-98.7231,32.36478],[-98.7252,32.36794],[-98.72548,32.36947],[-98.72497,32.37151],[-98.72448,32.37149],[-98.72426,32.36998],[-98.72356,32.36902],[-98.72102,32.36657],[-98.72002,32.36618],[-98.71943,32.36675],[-98.71962,32.36771],[-98.71845,32.36737],[-98.71754,32.36817],[-98.7173,32.36907],[-98.71894,32.3693],[-98.71732,32.37031],[-98.71679,32.37244],[-98.71476,32.37363],[-98.71225,32.37329],[-98.71087,32.37432],[-98.71055,32.37618],[-98.70998,32.37448],[-98.71095,32.37299],[-98.70831,32.3713],[-98.70501,32.37189],[-98.70482,32.37247],[-98.70561,32.37327],[-98.70404,32.37364],[-98.70361,32.37519],[-98.70307,32.37446],[-98.70291,32.37258],[-98.70218,32.37281],[-98.70196,32.37428],[-98.7015,32.37428],[-98.70091,32.37258],[-98.69991,32.37185],[-98.69942,32.37197],[-98.69964,32.37314],[-98.69772,32.37254],[-98.69762,32.37348],[-98.69664,32.37376],[-98.69683,32.37185],[-98.69753,32.37062],[-98.69696,32.36986],[-98.69656,32.37082],[-98.69543,32.37124],[-98.69535,32.37316],[-98.69308,32.37252],[-98.694,32.37133],[-98.6944,32.36949],[-98.69248,32.36952],[-98.69191,32.36837],[-98.69321,32.36785],[-98.69037,32.36629],[-98.69037,32.36583],[-98.69137,32.36521],[-98.69388,32.36507],[-98.6938,32.36271],[-98.69175,32.36161],[-98.69137,32.36175],[-98.69161,32.36326],[-98.6911,32.36443],[-98.68981,32.36503],[-98.68837,32.36187],[-98.68756,32.36118],[-98.68692,32.36134],[-98.68511,32.36647],[-98.68392,32.36689],[-98.68322,32.36826],[-98.68114,32.36616],[-98.67831,32.36545],[-98.67782,32.36703],[-98.67831,32.36808],[-98.67747,32.36788],[-98.67596,32.36565],[-98.67604,32.36469],[-98.67679,32.36416],[-98.67582,32.36284],[-98.6773,32.36075],[-98.67957,32.36153],[-98.67901,32.36235],[-98.6813,32.36382],[-98.68262,32.36366],[-98.68354,32.36233],[-98.68373,32.3596],[-98.68178,32.3599],[-98.68486,32.3547],[-98.68389,32.35435],[-98.68181,32.35477],[-98.68132,32.35431],[-98.68011,32.35452],[-98.68027,32.35342],[-98.68175,32.35303],[-98.68378,32.35151],[-98.68496,32.35151],[-98.68545,32.35007],[-98.68612,32.35],[-98.68756,32.35098],[-98.68917,32.34961],[-98.68963,32.35105],[-98.68888,32.35211],[-98.68869,32.35337],[-98.68947,32.35366],[-98.69104,32.35167],[-98.69355,32.35126],[-98.69298,32.34864],[-98.69441,32.34942]]]},"properties":{"region":"crossTimbers","name":"Lake Leon","sqkm":6.78}},{"type":"Feature","geometry":{"type":"Polygon","coordinates":[[[-98.55255,33.00014],[-98.55198,32.99898],[-98.55046,32.99795],[-98.54396,32.99528],[-98.53866,32.99397],[-98.533,32.99363],[-98.53156,32.99454],[-98.53118,32.99539],[-98.53077,33.00211],[-98.52924,33.00642],[-98.52733,33.00983],[-98.52453,33.0129],[-98.52257,33.01386],[-98.52053,33.01383],[-98.51871,33.01209],[-98.51801,33.009],[-98.51905,33.00095],[-98.51837,32.99948],[-98.51954,32.99907],[-98.52046,33.00109],[-98.52043,33.004],[-98.51915,33.00886],[-98.51926,33.01101],[-98.52064,33.01253],[-98.52173,33.01285],[-98.52369,33.012],[-98.52649,33.00813],[-98.52957,33.00099],[-98.53047,32.99543],[-98.53203,32.9933],[-98.53404,32.99273],[-98.54187,32.99354],[-98.55029,32.99659],[-98.55247,32.99818],[-98.55353,32.9996],[-98.55347,33.00409],[-98.55115,33.01981],[-98.55109,33.02203],[-98.55185,33.02554],[-98.5547,33.03404],[-98.5607,33.04245],[-98.56437,33.04571],[-98.56663,33.04575],[-98.56954,33.04383],[-98.57474,33.03854],[-98.57828,33.03618],[-98.5816,33.0354],[-98.58576,33.03699],[-98.59019,33.03976],[-98.59201,33.04246],[-98.59215,33.04366],[-98.59114,33.04482],[-98.58268,33.04752],[-98.58001,33.0492],[-98.57854,33.05078],[-98.57833,33.0525],[-98.57933,33.05401],[-98.58072,33.05504],[-98.58608,33.05653],[-98.59038,33.05738],[-98.59418,33.05743],[-98.59533,33.05704],[-98.59756,33.05546],[-98.59873,33.05369],[-98.59919,33.04416],[-98.60077,33.0407],[-98.60358,33.03117],[-98.60886,33.01875],[-98.61239,33.0142],[-98.61851,33.00909],[-98.62493,33.00279],[-98.62642,33.00012],[-98.62634,32.99714],[-98.62476,32.98958],[-98.62452,32.98445],[-98.6224,32.98051],[-98.62115,32.97529],[-98.62205,32.96983],[-98.62379,32.96706],[-98.62615,32.96454],[-98.6286,32.96328],[-98.63197,32.96232],[-98.63808,32.96227],[-98.64034,32.9628],[-98.64433,32.96591],[-98.64406,32.96772],[-98.6427,32.96974],[-98.64276,32.97052],[-98.63759,32.97877],[-98.63466,32.98972],[-98.63531,32.99135],[-98.64067,32.99426],[-98.64178,32.99533],[-98.642,33.00013],[-98.64149,33.00013],[-98.64102,32.99852],[-98.64132,32.99565],[-98.64015,32.99465],[-98.63564,32.99245],[-98.63409,32.99087],[-98.63387,32.98913],[-98.63607,32.98076],[-98.63827,32.97639],[-98.64164,32.97148],[-98.64273,32.96841],[-98.64376,32.96697],[-98.64355,32.96605],[-98.64028,32.96333],[-98.63632,32.96271],[-98.63289,32.96289],[-98.62879,32.96395],[-98.62661,32.96523],[-98.62466,32.96711],[-98.62251,32.9702],[-98.62172,32.97542],[-98.6252,32.98431],[-98.6252,32.98693],[-98.62743,32.99751],[-98.62718,33.00012],[-98.62357,33.00574],[-98.61266,33.01523],[-98.61014,33.01818],[-98.60415,33.03152],[-98.6023,33.03791],[-98.59993,33.04345],[-98.59941,33.05195],[-98.59884,33.05468],[-98.59797,33.05582],[-98.595,33.05791],[-98.58921,33.05793],[-98.58159,33.05593],[-98.57879,33.05437],[-98.57759,33.05266],[-98.57773,33.05112],[-98.58018,33.0483],[-98.5844,33.0462],[-98.59106,33.04407],[-98.59147,33.04343],[-98.59114,33.04233],[-98.58943,33.03987],[-98.58815,33.03891],[-98.5822,33.03634],[-98.57983,33.03623],[-98.57542,33.03893],[-98.56919,33.0453],[-98.56728,33.04642],[-98.56549,33.04672],[-98.5619,33.04468],[-98.55448,33.03551],[-98.55301,33.03273],[-98.55006,33.02364],[-98.55132,33.00849],[-98.5526,33.00201],[-98.55255,33.00014]]]},"properties":{"region":"possumKingdom","name":null,"sqkm":3.04}},{"type":"Feature","geometry":{"type":"Polygon","coordinates":[[[-98.55817,32.82499],[-98.55893,32.82508],[-98.55939,32.82607],[-98.56029,32.82643],[-98.55928,32.82774],[-98.55657,32.82877],[-98.55603,32.83007],[-98.55833,32.83718],[-98.56039,32.8381],[-98.56351,32.83851],[-98.56242,32.84117],[-98.56389,32.84277],[-98.56524,32.84582],[-98.56598,32.84628],[-98.56755,32.84561],[-98.56839,32.84612],[-98.56744,32.84681],[-98.56725,32.84756],[-98.56595,32.84754],[-98.565,32.8482],[-98.56478,32.84905],[-98.56242,32.85141],[-98.56223,32.85246],[-98.56312,32.85333],[-98.56209,32.85379],[-98.56258,32.85528],[-98.55975,32.8526],[-98.55644,32.85267],[-98.55498,32.85333],[-98.55462,32.85425],[-98.55329,32.8539],[-98.55101,32.85472],[-98.54925,32.85472],[-98.5474,32.85607],[-98.54667,32.85747],[-98.54854,32.8591],[-98.54921,32.86242],[-98.54995,32.86341],[-98.54881,32.86357],[-98.5472,32.86501],[-98.54617,32.86703],[-98.54218,32.86794],[-98.54182,32.86904],[-98.53865,32.86929],[-98.53892,32.87041],[-98.53669,32.87227],[-98.53623,32.87387],[-98.5365,32.87467],[-98.53473,32.87476],[-98.53427,32.87529],[-98.53443,32.87646],[-98.5331,32.8774],[-98.53405,32.88035],[-98.53516,32.88095],[-98.53926,32.88068],[-98.54268,32.87699],[-98.54562,32.87514],[-98.54554,32.87411],[-98.54627,32.87367],[-98.5463,32.87445],[-98.54741,32.8761],[-98.54888,32.87642],[-98.55059,32.87541],[-98.54985,32.87777],[-98.55208,32.87874],[-98.553,32.87865],[-98.55325,32.87959],[-98.55466,32.88085],[-98.55639,32.88172],[-98.55816,32.8819],[-98.56014,32.88057],[-98.56112,32.87925],[-98.56093,32.88069],[-98.55965,32.88307],[-98.56258,32.88344],[-98.56383,32.88262],[-98.5663,32.88207],[-98.56571,32.88333],[-98.56633,32.88434],[-98.56701,32.88456],[-98.56932,32.88379],[-98.57331,32.88118],[-98.57551,32.87808],[-98.5763,32.87534],[-98.57711,32.87717],[-98.58146,32.87767],[-98.58477,32.88013],[-98.58683,32.88079],[-98.58947,32.88088],[-98.59319,32.87871],[-98.59539,32.87527],[-98.59672,32.88022],[-98.59938,32.88249],[-98.60022,32.88494],[-98.60139,32.88487],[-98.60263,32.88648],[-98.60258,32.88774],[-98.60606,32.88794],[-98.60858,32.88877],[-98.60931,32.88957],[-98.60967,32.88776],[-98.60902,32.88426],[-98.60948,32.88268],[-98.61152,32.88052],[-98.61192,32.88055],[-98.61203,32.88178],[-98.6126,32.88148],[-98.61247,32.87995],[-98.61293,32.87878],[-98.61399,32.87929],[-98.61328,32.88153],[-98.61168,32.88332],[-98.61255,32.88449],[-98.61219,32.88744],[-98.6164,32.88813],[-98.61809,32.89015],[-98.61703,32.89003],[-98.61453,32.88838],[-98.61298,32.88893],[-98.61257,32.89065],[-98.6104,32.89234],[-98.6079,32.89234],[-98.60627,32.8914],[-98.60747,32.89562],[-98.60652,32.895],[-98.60527,32.89278],[-98.60272,32.89085],[-98.60244,32.89019],[-98.60011,32.88989],[-98.59631,32.88581],[-98.59509,32.88762],[-98.59457,32.88746],[-98.59389,32.88586],[-98.59278,32.88632],[-98.59009,32.88629],[-98.58493,32.88833],[-98.58425,32.89021],[-98.58324,32.88996],[-98.58278,32.88851],[-98.57963,32.88677],[-98.57936,32.88581],[-98.57822,32.885],[-98.57635,32.88471],[-98.57238,32.88617],[-98.57151,32.887],[-98.57048,32.88709],[-98.56929,32.88887],[-98.57002,32.89018],[-98.5692,32.89105],[-98.56738,32.89112],[-98.56708,32.89197],[-98.5663,32.89215],[-98.56391,32.89132],[-98.56334,32.89162],[-98.55747,32.89056],[-98.55756,32.8874],[-98.55633,32.88701],[-98.55598,32.8874],[-98.55674,32.89024],[-98.55627,32.89375],[-98.55747,32.89581],[-98.55855,32.90003],[-98.55915,32.90046],[-98.56083,32.90012],[-98.55991,32.90092],[-98.55844,32.90119],[-98.55575,32.89934],[-98.55548,32.89792],[-98.55391,32.89604],[-98.55185,32.89613],[-98.55277,32.89507],[-98.55253,32.89347],[-98.55296,32.89134],[-98.55261,32.89111],[-98.55076,32.89088],[-98.54935,32.89198],[-98.54854,32.89143],[-98.54579,32.89145],[-98.54498,32.89296],[-98.54547,32.8939],[-98.54519,32.89486],[-98.54438,32.89527],[-98.54356,32.89697],[-98.54302,32.89718],[-98.54248,32.89608],[-98.54346,32.89374],[-98.54338,32.89236],[-98.54449,32.89081],[-98.54452,32.88998],[-98.55022,32.8896],[-98.55161,32.88863],[-98.55096,32.88424],[-98.54982,32.88272],[-98.54944,32.88263],[-98.54903,32.88332],[-98.54719,32.88245],[-98.54433,32.884],[-98.54336,32.88574],[-98.54132,32.88647],[-98.53874,32.88716],[-98.53284,32.88755],[-98.53173,32.89096],[-98.53088,32.8924],[-98.52966,32.89329],[-98.52971,32.89382],[-98.53072,32.89444],[-98.52996,32.89478],[-98.52846,32.89455],[-98.52917,32.89538],[-98.53159,32.89575],[-98.53235,32.89728],[-98.53357,32.89781],[-98.53251,32.89806],[-98.53207,32.89873],[-98.53297,32.89921],[-98.53291,32.90065],[-98.53443,32.90361],[-98.5337,32.90517],[-98.53304,32.90519],[-98.53226,32.90388],[-98.53098,32.90296],[-98.53055,32.90367],[-98.52941,32.90402],[-98.52976,32.90237],[-98.52938,32.90111],[-98.52675,32.89978],[-98.52539,32.89801],[-98.52539,32.89751],[-98.52667,32.89666],[-98.52664,32.89551],[-98.52578,32.89531],[-98.52583,32.89455],[-98.52007,32.89514],[-98.5188,32.89583],[-98.51752,32.89512],[-98.51518,32.89562],[-98.51008,32.89445],[-98.50639,32.89442],[-98.505,32.89566],[-98.50581,32.89799],[-98.50543,32.89834],[-98.50196,32.89412],[-98.49927,32.89254],[-98.49851,32.89259],[-98.49748,32.89327],[-98.49396,32.89857],[-98.4942,32.89988],[-98.49505,32.90077],[-98.49755,32.9031],[-98.49888,32.90338],[-98.4978,32.9051],[-98.49785,32.90576],[-98.49693,32.90659],[-98.49699,32.90966],[-98.4956,32.90881],[-98.49433,32.90996],[-98.49142,32.90822],[-98.49085,32.90868],[-98.4909,32.91005],[-98.48987,32.90982],[-98.48683,32.912],[-98.48604,32.91063],[-98.48672,32.90898],[-98.48645,32.90831],[-98.48463,32.90786],[-98.48341,32.90965],[-98.48319,32.90841],[-98.48131,32.90781],[-98.48384,32.90699],[-98.48411,32.90658],[-98.48351,32.90619],[-98.48427,32.90554],[-98.48576,32.90513],[-98.48945,32.90265],[-98.49019,32.9016],[-98.49032,32.90034],[-98.48915,32.8999],[-98.4844,32.90053],[-98.47937,32.89938],[-98.47617,32.90017],[-98.47519,32.89973],[-98.47536,32.9012],[-98.47438,32.90195],[-98.4746,32.90354],[-98.47185,32.90177],[-98.47109,32.9029],[-98.47004,32.90347],[-98.4696,32.90549],[-98.46743,32.90643],[-98.46664,32.90721],[-98.46651,32.90806],[-98.46738,32.90952],[-98.4704,32.91055],[-98.47189,32.91034],[-98.47347,32.91112],[-98.4739,32.91197],[-98.47534,32.91226],[-98.47561,32.91371],[-98.47415,32.91346],[-98.47347,32.91394],[-98.47304,32.91589],[-98.47214,32.91554],[-98.47089,32.91591],[-98.46981,32.91816],[-98.46997,32.91919],[-98.46821,32.91981],[-98.46794,32.92166],[-98.46655,32.92263],[-98.46655,32.92359],[-98.46547,32.92354],[-98.46509,32.92529],[-98.4646,32.92519],[-98.46413,32.92325],[-98.46313,32.92348],[-98.46275,32.92217],[-98.45946,32.92366],[-98.45908,32.92472],[-98.45954,32.9254],[-98.45936,32.92721],[-98.46207,32.92959],[-98.46115,32.92973],[-98.45968,32.92916],[-98.45795,32.92971],[-98.45797,32.93008],[-98.45901,32.93033],[-98.45906,32.93253],[-98.45735,32.93267],[-98.45732,32.93326],[-98.45618,32.93425],[-98.45681,32.93551],[-98.45515,32.93544],[-98.45358,32.93654],[-98.45268,32.93808],[-98.45276,32.93897],[-98.45067,32.94026],[-98.45203,32.94106],[-98.44929,32.94069],[-98.4485,32.94264],[-98.44907,32.94395],[-98.44712,32.94273],[-98.44554,32.94273],[-98.44462,32.94191],[-98.44279,32.94198],[-98.44263,32.94237],[-98.44369,32.94305],[-98.44299,32.94418],[-98.4435,32.94498],[-98.44144,32.94512],[-98.43945,32.94379],[-98.43845,32.94379],[-98.43818,32.9443],[-98.43924,32.94459],[-98.43891,32.94526],[-98.43516,32.94661],[-98.43508,32.94911],[-98.43658,32.94966],[-98.43756,32.95149],[-98.43802,32.95488],[-98.4377,32.95541],[-98.43702,32.95522],[-98.43636,32.95362],[-98.43525,32.9525],[-98.43307,32.9517],[-98.43334,32.95035],[-98.4328,32.95021],[-98.43027,32.95227],[-98.43079,32.95259],[-98.43063,32.95342],[-98.42889,32.95317],[-98.42468,32.95605],[-98.42446,32.95683],[-98.42441,32.96004],[-98.42512,32.96061],[-98.42615,32.96027],[-98.42555,32.95759],[-98.42639,32.95617],[-98.42742,32.95642],[-98.42884,32.95887],[-98.42984,32.95972],[-98.43781,32.95903],[-98.4402,32.95843],[-98.4387,32.95527],[-98.43903,32.95486],[-98.4402,32.95495],[-98.44166,32.95277],[-98.4428,32.95341],[-98.44185,32.9544],[-98.44158,32.95547],[-98.44397,32.9577],[-98.44865,32.95586],[-98.4493,32.95469],[-98.45055,32.95494],[-98.45702,32.95317],[-98.46052,32.95301],[-98.46117,32.95134],[-98.46191,32.95306],[-98.46411,32.95328],[-98.46976,32.95594],[-98.47324,32.95834],[-98.47452,32.9579],[-98.4746,32.95589],[-98.47495,32.95584],[-98.47528,32.95701],[-98.47623,32.95614],[-98.47498,32.95873],[-98.47371,32.95967],[-98.47439,32.96219],[-98.47415,32.96583],[-98.47279,32.96796],[-98.46731,32.97083],[-98.46799,32.97227],[-98.46549,32.97189],[-98.46258,32.97297],[-98.46114,32.97249],[-98.461,32.97343],[-98.46057,32.97354],[-98.46008,32.97283],[-98.45956,32.97288],[-98.45989,32.97336],[-98.45943,32.97425],[-98.45828,32.97345],[-98.45818,32.97418],[-98.45693,32.97412],[-98.45636,32.97503],[-98.45462,32.97547],[-98.45464,32.97622],[-98.45372,32.97632],[-98.45244,32.97753],[-98.45171,32.97895],[-98.4519,32.98049],[-98.45255,32.98092],[-98.45234,32.98179],[-98.45373,32.98321],[-98.45362,32.98408],[-98.45432,32.98417],[-98.45465,32.98482],[-98.45585,32.98449],[-98.45604,32.98605],[-98.45734,32.98566],[-98.45772,32.98651],[-98.45843,32.98566],[-98.4599,32.98621],[-98.46205,32.98532],[-98.4637,32.98417],[-98.46403,32.98341],[-98.46528,32.98298],[-98.46539,32.98245],[-98.46677,32.98206],[-98.47294,32.97775],[-98.47682,32.97312],[-98.48038,32.97075],[-98.48622,32.96919],[-98.49302,32.96884],[-98.49432,32.96691],[-98.49459,32.9674],[-98.49418,32.96866],[-98.49823,32.96778],[-98.50221,32.96849],[-98.5039,32.96457],[-98.5054,32.9626],[-98.50534,32.96153],[-98.5057,32.96153],[-98.50689,32.96311],[-98.50577,32.96462],[-98.50596,32.96588],[-98.50767,32.9671],[-98.5087,32.96866],[-98.50849,32.96937],[-98.50612,32.96874],[-98.50414,32.97039],[-98.50854,32.97248],[-98.50862,32.97301],[-98.51177,32.9756],[-98.51315,32.97739],[-98.5125,32.97904],[-98.51287,32.98048],[-98.51135,32.98048],[-98.50768,32.9819],[-98.49303,32.98108],[-98.48906,32.98131],[-98.4864,32.98209],[-98.4842,32.98326],[-98.48243,32.98491],[-98.48072,32.98782],[-98.47997,32.99124],[-98.48027,32.99447],[-98.48196,32.99625],[-98.48634,32.99813],[-98.48897,32.9979],[-98.49433,32.99569],[-98.49819,32.99509],[-98.51163,32.99666],[-98.51726,32.99776],[-98.51935,32.999],[-98.51837,32.99948],[-98.51519,32.9984],[-98.50225,32.99708],[-98.49824,32.99599],[-98.49528,32.99624],[-98.4893,32.99874],[-98.48623,32.999],[-98.48169,32.99717],[-98.47935,32.99522],[-98.47869,32.9936],[-98.47901,32.98915],[-98.48118,32.98432],[-98.48447,32.98145],[-98.4902,32.98012],[-98.49431,32.97981],[-98.50782,32.98055],[-98.50964,32.97997],[-98.51051,32.97915],[-98.51119,32.9772],[-98.50992,32.97555],[-98.5094,32.97569],[-98.51027,32.97729],[-98.50953,32.97805],[-98.50964,32.97668],[-98.50766,32.97507],[-98.50237,32.97277],[-98.49973,32.9711],[-98.49737,32.97035],[-98.49027,32.9707],[-98.48998,32.97159],[-98.48468,32.97219],[-98.47978,32.97348],[-98.4768,32.97655],[-98.47528,32.9791],[-98.46993,32.98366],[-98.47004,32.98435],[-98.46895,32.98433],[-98.46756,32.98501],[-98.46708,32.98572],[-98.46232,32.98845],[-98.45784,32.98903],[-98.45503,32.98857],[-98.45604,32.98956],[-98.45604,32.99002],[-98.45558,32.99006],[-98.45066,32.98585],[-98.44935,32.98356],[-98.44859,32.98315],[-98.44823,32.97845],[-98.44986,32.97538],[-98.45494,32.97171],[-98.46287,32.96848],[-98.46284,32.96772],[-98.4641,32.9682],[-98.4663,32.96733],[-98.47026,32.96487],[-98.47064,32.96446],[-98.47031,32.96336],[-98.47097,32.96283],[-98.46901,32.96151],[-98.46936,32.96075],[-98.46868,32.9602],[-98.46887,32.95938],[-98.468,32.95903],[-98.46754,32.95814],[-98.46705,32.95816],[-98.46661,32.95901],[-98.46392,32.9578],[-98.46047,32.95791],[-98.45919,32.95684],[-98.4586,32.95739],[-98.45571,32.95723],[-98.45585,32.95899],[-98.45379,32.9587],[-98.45322,32.95961],[-98.45156,32.96021],[-98.45036,32.9601],[-98.4511,32.96115],[-98.45088,32.9623],[-98.4502,32.96223],[-98.44979,32.96131],[-98.44843,32.9612],[-98.44789,32.9615],[-98.44786,32.96232],[-98.44648,32.96253],[-98.44471,32.96365],[-98.44433,32.96496],[-98.44466,32.96645],[-98.44401,32.96647],[-98.44327,32.964],[-98.43835,32.96592],[-98.43841,32.9675],[-98.43735,32.96817],[-98.43626,32.96982],[-98.43591,32.96975],[-98.43648,32.9678],[-98.43621,32.96744],[-98.43436,32.96792],[-98.43295,32.9695],[-98.43145,32.96893],[-98.42814,32.96934],[-98.42697,32.97058],[-98.42422,32.96978],[-98.42069,32.96994],[-98.41922,32.97063],[-98.41727,32.97049],[-98.41621,32.9709],[-98.41569,32.97056],[-98.41449,32.97141],[-98.41433,32.97347],[-98.41392,32.97347],[-98.41023,32.97054],[-98.4065,32.96981],[-98.4058,32.97246],[-98.40705,32.97661],[-98.40873,32.97851],[-98.40914,32.9808],[-98.41121,32.98488],[-98.41121,32.98593],[-98.41366,32.99049],[-98.41458,32.99141],[-98.41616,32.99196],[-98.41719,32.99107],[-98.41817,32.99175],[-98.4219,32.99136],[-98.42402,32.99248],[-98.4254,32.99397],[-98.42609,32.99718],[-98.42698,32.99787],[-98.42701,32.99871],[-98.42565,32.99853],[-98.42253,33.00014],[-98.41699,33.00097],[-98.4191,32.99989],[-98.41821,32.99922],[-98.42234,32.99894],[-98.42473,32.9978],[-98.42486,32.99576],[-98.42315,32.99367],[-98.42073,32.99285],[-98.41768,32.99388],[-98.41733,32.99475],[-98.41619,32.99423],[-98.41317,32.99524],[-98.41176,32.99494],[-98.40909,32.99224],[-98.40637,32.99217],[-98.40722,32.99082],[-98.40683,32.9891],[-98.4061,32.98788],[-98.40354,32.98658],[-98.40406,32.98555],[-98.40349,32.98294],[-98.40392,32.97952],[-98.40156,32.97604],[-98.39963,32.97563],[-98.39876,32.97453],[-98.39601,32.97437],[-98.39316,32.97725],[-98.39128,32.97808],[-98.39533,32.97366],[-98.3978,32.97295],[-98.39783,32.9726],[-98.39571,32.96946],[-98.39362,32.96848],[-98.39351,32.96782],[-98.39264,32.96722],[-98.39264,32.96685],[-98.39525,32.96626],[-98.39123,32.96493],[-98.38864,32.96333],[-98.39033,32.96319],[-98.39389,32.96475],[-98.39854,32.96461],[-98.40085,32.96241],[-98.40047,32.96037],[-98.40221,32.96092],[-98.40359,32.95977],[-98.40946,32.95743],[-98.41172,32.95803],[-98.41234,32.95697],[-98.40987,32.95569],[-98.40995,32.95517],[-98.4109,32.95496],[-98.41147,32.95407],[-98.41326,32.95388],[-98.41424,32.95283],[-98.41484,32.95292],[-98.41527,32.95429],[-98.41576,32.95445],[-98.4165,32.95358],[-98.41663,32.95205],[-98.41949,32.95076],[-98.41984,32.94982],[-98.41921,32.94918],[-98.41772,32.94982],[-98.41742,32.94772],[-98.41546,32.94845],[-98.41478,32.94644],[-98.41345,32.94618],[-98.41364,32.94483],[-98.41609,32.94472],[-98.41655,32.94426],[-98.41636,32.94341],[-98.41456,32.94378],[-98.40951,32.94295],[-98.41329,32.94183],[-98.41388,32.94123],[-98.41551,32.94162],[-98.41723,32.94041],[-98.4178,32.94162],[-98.41867,32.94203],[-98.41864,32.94272],[-98.41937,32.94281],[-98.41973,32.94355],[-98.42136,32.94442],[-98.4219,32.94449],[-98.42293,32.94325],[-98.42388,32.94322],[-98.42454,32.94228],[-98.42405,32.94102],[-98.42519,32.93972],[-98.42576,32.93988],[-98.42603,32.94128],[-98.42739,32.94063],[-98.42788,32.93875],[-98.42717,32.93779],[-98.42747,32.93674],[-98.42847,32.93594],[-98.42812,32.93376],[-98.42937,32.93337],[-98.42986,32.9325],[-98.42999,32.93126],[-98.42918,32.93055],[-98.42964,32.93014],[-98.43216,32.93023],[-98.43265,32.92938],[-98.4345,32.92954],[-98.43572,32.92853],[-98.43597,32.92734],[-98.43811,32.92471],[-98.43979,32.92354],[-98.44283,32.91996],[-98.44259,32.91515],[-98.44199,32.91323],[-98.44217,32.90935],[-98.44434,32.90667],[-98.44391,32.90573],[-98.4466,32.90429],[-98.44654,32.9031],[-98.44266,32.90537],[-98.43929,32.90486],[-98.43717,32.90537],[-98.4366,32.90594],[-98.43571,32.90509],[-98.43864,32.90399],[-98.43877,32.90335],[-98.43804,32.90218],[-98.44043,32.90399],[-98.44236,32.90381],[-98.44342,32.90314],[-98.44244,32.90195],[-98.44271,32.89955],[-98.44426,32.89897],[-98.44453,32.89984],[-98.44534,32.89996],[-98.44537,32.89792],[-98.4464,32.89629],[-98.44816,32.89482],[-98.4486,32.89363],[-98.44811,32.89285],[-98.44824,32.89118],[-98.44914,32.89141],[-98.44952,32.8931],[-98.44996,32.89331],[-98.45547,32.89099],[-98.45932,32.89019],[-98.4631,32.89048],[-98.46595,32.8914],[-98.46717,32.89144],[-98.46801,32.89076],[-98.46902,32.89195],[-98.46929,32.89075],[-98.47013,32.8911],[-98.47271,32.89048],[-98.47423,32.89061],[-98.47589,32.88992],[-98.47654,32.89038],[-98.47651,32.89118],[-98.47741,32.89244],[-98.47939,32.89185],[-98.48246,32.89182],[-98.48453,32.8926],[-98.48724,32.8923],[-98.48852,32.89282],[-98.48977,32.89122],[-98.49036,32.89122],[-98.49063,32.88966],[-98.48743,32.88721],[-98.48756,32.88691],[-98.48884,32.88744],[-98.49049,32.88732],[-98.48905,32.88515],[-98.4894,32.88439],[-98.49291,32.88427],[-98.49475,32.88514],[-98.49519,32.88459],[-98.49633,32.88475],[-98.50035,32.88326],[-98.50352,32.88296],[-98.5133,32.88473],[-98.51786,32.88742],[-98.52,32.8866],[-98.5213,32.88783],[-98.52274,32.8879],[-98.52366,32.88868],[-98.52567,32.88894],[-98.52671,32.88784],[-98.52484,32.88408],[-98.52313,32.88284],[-98.52153,32.88277],[-98.5215,32.88229],[-98.52278,32.88195],[-98.52359,32.88099],[-98.52381,32.87991],[-98.5234,32.87879],[-98.52134,32.8783],[-98.52161,32.87768],[-98.52123,32.87723],[-98.52227,32.87672],[-98.52172,32.87601],[-98.52219,32.87565],[-98.52213,32.87443],[-98.52377,32.87189],[-98.52412,32.86997],[-98.52559,32.86832],[-98.52559,32.86726],[-98.52486,32.86664],[-98.52586,32.86575],[-98.52402,32.86584],[-98.52655,32.86213],[-98.52614,32.8608],[-98.52462,32.86124],[-98.5231,32.86048],[-98.52215,32.86078],[-98.52101,32.86204],[-98.51682,32.86464],[-98.51663,32.86515],[-98.51726,32.8662],[-98.51655,32.86657],[-98.51633,32.86732],[-98.51506,32.86645],[-98.51261,32.86801],[-98.51256,32.86941],[-98.51128,32.8692],[-98.50775,32.87139],[-98.50617,32.87288],[-98.50628,32.87439],[-98.5031,32.87728],[-98.50034,32.87849],[-98.49871,32.88024],[-98.49543,32.88132],[-98.48777,32.88121],[-98.48723,32.88194],[-98.48769,32.88327],[-98.48685,32.88293],[-98.48631,32.88382],[-98.48538,32.88199],[-98.48468,32.88178],[-98.48492,32.88089],[-98.48323,32.87807],[-98.48269,32.87613],[-98.48282,32.87244],[-98.48303,32.87129],[-98.48534,32.86723],[-98.49101,32.86251],[-98.49146,32.8599],[-98.49059,32.85921],[-98.49081,32.85859],[-98.48986,32.85788],[-98.49078,32.85733],[-98.48747,32.85472],[-98.487,32.85456],[-98.48622,32.85557],[-98.48592,32.85424],[-98.4847,32.85347],[-98.48394,32.85376],[-98.4835,32.85592],[-98.48272,32.85596],[-98.48269,32.8547],[-98.48158,32.85484],[-98.48242,32.85381],[-98.48214,32.85283],[-98.48111,32.85303],[-98.48073,32.8526],[-98.47902,32.85253],[-98.47881,32.85342],[-98.47788,32.85365],[-98.47709,32.85283],[-98.47482,32.85423],[-98.47468,32.8556],[-98.47354,32.8556],[-98.47086,32.8584],[-98.47091,32.85939],[-98.47004,32.85975],[-98.47015,32.86053],[-98.46923,32.86069],[-98.46872,32.86276],[-98.46872,32.86319],[-98.46959,32.86338],[-98.46945,32.86445],[-98.4713,32.86548],[-98.47149,32.86619],[-98.47271,32.86665],[-98.47415,32.8647],[-98.47548,32.86559],[-98.47494,32.86724],[-98.47703,32.86742],[-98.47687,32.8682],[-98.47757,32.86859],[-98.47749,32.86944],[-98.47825,32.87038],[-98.47785,32.87226],[-98.47821,32.87512],[-98.47775,32.87705],[-98.47628,32.87895],[-98.47148,32.88168],[-98.47113,32.8823],[-98.46803,32.88363],[-98.46719,32.88462],[-98.46809,32.88517],[-98.46703,32.88558],[-98.46614,32.88711],[-98.4654,32.88473],[-98.46035,32.88471],[-98.45766,32.88405],[-98.45302,32.88224],[-98.45087,32.88055],[-98.44986,32.88073],[-98.44959,32.88266],[-98.45174,32.88444],[-98.44862,32.88609],[-98.4484,32.88396],[-98.4475,32.88332],[-98.44867,32.88128],[-98.44802,32.88112],[-98.4471,32.88215],[-98.44593,32.88238],[-98.444,32.88206],[-98.44343,32.88147],[-98.44671,32.88101],[-98.44707,32.88021],[-98.44549,32.87938],[-98.44878,32.87911],[-98.44495,32.87622],[-98.44535,32.87597],[-98.44644,32.87682],[-98.44696,32.87672],[-98.44595,32.87512],[-98.44502,32.86898],[-98.44421,32.868],[-98.44323,32.86802],[-98.44328,32.86703],[-98.44119,32.86259],[-98.43904,32.85925],[-98.43714,32.85971],[-98.43722,32.85824],[-98.43663,32.85801],[-98.43492,32.85797],[-98.4344,32.85847],[-98.43543,32.85897],[-98.43535,32.86037],[-98.43592,32.8606],[-98.43671,32.86003],[-98.4379,32.8612],[-98.43793,32.86239],[-98.43658,32.86516],[-98.43671,32.86635],[-98.43549,32.86624],[-98.43357,32.87055],[-98.43387,32.87144],[-98.43617,32.8735],[-98.43487,32.8732],[-98.43411,32.87391],[-98.43389,32.87254],[-98.43248,32.87167],[-98.42876,32.87291],[-98.42616,32.87252],[-98.42775,32.86887],[-98.42849,32.86816],[-98.42737,32.86285],[-98.42715,32.85701],[-98.42967,32.85412],[-98.43236,32.85183],[-98.43988,32.85134],[-98.4464,32.85571],[-98.44857,32.85438],[-98.45014,32.85459],[-98.45177,32.8531],[-98.45209,32.85195],[-98.44579,32.84644],[-98.44867,32.84726],[-98.45092,32.84483],[-98.4507,32.84403],[-98.45138,32.84311],[-98.45152,32.84421],[-98.45222,32.84487],[-98.45526,32.84515],[-98.4573,32.84478],[-98.45516,32.84593],[-98.45138,32.84584],[-98.45019,32.84788],[-98.45016,32.84868],[-98.45269,32.85019],[-98.45348,32.8512],[-98.45348,32.85431],[-98.45221,32.85631],[-98.44868,32.85759],[-98.44721,32.85979],[-98.44822,32.86515],[-98.44961,32.86408],[-98.44852,32.86687],[-98.44934,32.86804],[-98.45143,32.86772],[-98.45303,32.86843],[-98.45281,32.86898],[-98.45124,32.86971],[-98.45333,32.87143],[-98.4552,32.86946],[-98.45781,32.87017],[-98.45654,32.87113],[-98.45681,32.87227],[-98.45502,32.87292],[-98.45542,32.87353],[-98.45972,32.87486],[-98.46037,32.87552],[-98.46088,32.87514],[-98.46077,32.8741],[-98.46156,32.87399],[-98.46142,32.87287],[-98.46186,32.87284],[-98.46292,32.87385],[-98.46251,32.87635],[-98.46523,32.87513],[-98.46433,32.87752],[-98.46588,32.87726],[-98.46724,32.87781],[-98.46898,32.87737],[-98.46946,32.87682],[-98.4687,32.876],[-98.47134,32.87604],[-98.47275,32.87377],[-98.46764,32.8711],[-98.46424,32.86762],[-98.46364,32.86423],[-98.46489,32.85868],[-98.46472,32.8577],[-98.46562,32.85543],[-98.4623,32.85522],[-98.46616,32.85398],[-98.46613,32.85362],[-98.46366,32.85275],[-98.46328,32.85199],[-98.46352,32.85103],[-98.46458,32.84954],[-98.46591,32.84975],[-98.46751,32.84926],[-98.46786,32.84984],[-98.46838,32.84977],[-98.468,32.84871],[-98.46843,32.84782],[-98.47285,32.84479],[-98.47214,32.8428],[-98.47233,32.84181],[-98.47399,32.84431],[-98.47402,32.84518],[-98.47296,32.84646],[-98.47106,32.8474],[-98.46979,32.85098],[-98.47014,32.85137],[-98.47581,32.8485],[-98.48282,32.84733],[-98.48314,32.84687],[-98.48265,32.84549],[-98.48325,32.84428],[-98.48254,32.84323],[-98.48324,32.84238],[-98.48381,32.84238],[-98.48325,32.84339],[-98.48507,32.8446],[-98.48558,32.84437],[-98.48574,32.84283],[-98.48666,32.84214],[-98.49209,32.84271],[-98.49239,32.84212],[-98.49146,32.8393],[-98.49152,32.83701],[-98.49214,32.83627],[-98.49491,32.83531],[-98.49255,32.83698],[-98.49323,32.8374],[-98.49258,32.83996],[-98.49356,32.84246],[-98.49231,32.84363],[-98.48952,32.84347],[-98.48881,32.84496],[-98.48917,32.84617],[-98.4889,32.84728],[-98.48762,32.84748],[-98.487,32.84817],[-98.49341,32.8524],[-98.49572,32.8549],[-98.49686,32.85689],[-98.49686,32.85937],[-98.49798,32.8592],[-98.49871,32.85655],[-98.49911,32.85652],[-98.49844,32.85817],[-98.49928,32.85826],[-98.50074,32.85732],[-98.5009,32.85782],[-98.49866,32.85897],[-98.49809,32.86017],[-98.49643,32.86081],[-98.49538,32.8628],[-98.49549,32.86367],[-98.49389,32.86569],[-98.49514,32.86764],[-98.49525,32.86887],[-98.4931,32.86817],[-98.49188,32.86858],[-98.49023,32.87275],[-98.49053,32.87385],[-98.49167,32.87465],[-98.49197,32.87456],[-98.49154,32.87342],[-98.49254,32.87277],[-98.49335,32.8714],[-98.49495,32.87153],[-98.49753,32.87059],[-98.49653,32.86997],[-98.49655,32.86867],[-98.49908,32.86919],[-98.50124,32.86816],[-98.50213,32.8683],[-98.5027,32.86617],[-98.50444,32.86456],[-98.50447,32.86378],[-98.50512,32.86374],[-98.50634,32.86617],[-98.50738,32.86557],[-98.50754,32.86461],[-98.50911,32.86473],[-98.50857,32.86395],[-98.50868,32.8618],[-98.51018,32.86205],[-98.51042,32.86352],[-98.51093,32.86363],[-98.51221,32.86271],[-98.51191,32.8612],[-98.51387,32.86127],[-98.5146,32.86079],[-98.51404,32.85855],[-98.5165,32.85956],[-98.51737,32.85917],[-98.51754,32.85637],[-98.51534,32.85456],[-98.5173,32.85525],[-98.51917,32.85523],[-98.51873,32.85702],[-98.51941,32.85743],[-98.52457,32.85441],[-98.5281,32.85437],[-98.52984,32.85379],[-98.53063,32.85244],[-98.52884,32.85207],[-98.52764,32.85244],[-98.52827,32.85132],[-98.5267,32.84974],[-98.52683,32.8482],[-98.52746,32.84834],[-98.52792,32.84949],[-98.52954,32.85072],[-98.53033,32.85086],[-98.5309,32.85038],[-98.5325,32.85137],[-98.53413,32.85132],[-98.53451,32.85093],[-98.53424,32.85047],[-98.53636,32.84958],[-98.53783,32.84775],[-98.53777,32.84521],[-98.53848,32.84454],[-98.5385,32.84796],[-98.53752,32.85229],[-98.53969,32.85607],[-98.54091,32.85644],[-98.54208,32.85518],[-98.54317,32.85103],[-98.5461,32.8506],[-98.54974,32.84858],[-98.55002,32.84634],[-98.55126,32.84808],[-98.55238,32.84829],[-98.55341,32.84769],[-98.55384,32.84847],[-98.55444,32.84859],[-98.5587,32.84687],[-98.55897,32.84609],[-98.55857,32.84511],[-98.55743,32.84419],[-98.55819,32.84341],[-98.55813,32.84279],[-98.5561,32.8402],[-98.55486,32.83557],[-98.55334,32.83289],[-98.55347,32.83191],[-98.55266,32.83145],[-98.55405,32.82673],[-98.55622,32.82595],[-98.55825,32.82616],[-98.55817,32.82499]],[[-98.45675,32.89468],[-98.45639,32.89567],[-98.45691,32.89663],[-98.45471,32.89592],[-98.45411,32.89672],[-98.45425,32.90071],[-98.45499,32.90176],[-98.45491,32.90307],[-98.45632,32.90373],[-98.45776,32.90268],[-98.45887,32.9046],[-98.46031,32.90462],[-98.46113,32.90595],[-98.46216,32.90547],[-98.46216,32.90442],[-98.46352,32.90258],[-98.46523,32.90276],[-98.4662,32.90219],[-98.4677,32.8999],[-98.46748,32.89758],[-98.4691,32.89632],[-98.46383,32.895],[-98.45781,32.89532],[-98.45675,32.89468]],[[-98.45499,32.91033],[-98.45424,32.91134],[-98.45486,32.91242],[-98.45616,32.9128],[-98.45513,32.91143],[-98.45535,32.91061],[-98.45499,32.91033]],[[-98.43388,32.93575],[-98.43298,32.93603],[-98.43306,32.93678],[-98.43423,32.93644],[-98.43388,32.93575]],[[-98.42191,32.95713],[-98.42041,32.95736],[-98.42036,32.95848],[-98.42308,32.96167],[-98.42362,32.96144],[-98.42354,32.96002],[-98.42316,32.95869],[-98.42191,32.95713]],[[-98.41427,32.96211],[-98.41384,32.96229],[-98.4137,32.9638],[-98.41414,32.96373],[-98.41427,32.96211]],[[-98.46743,32.85112],[-98.4661,32.85194],[-98.4686,32.85254],[-98.46911,32.85176],[-98.46743,32.85112]]]},"properties":{"region":"possumKingdom","name":"Possum Kingdom Lake","sqkm":67.54}},{"type":"Feature","geometry":{"type":"Polygon","coordinates":[[[-97.8278,32.53306],[-97.82858,32.53343],[-97.82314,32.54168],[-97.82346,32.54269],[-97.82244,32.5428],[-97.8193,32.54573],[-97.81589,32.54807],[-97.81513,32.54914],[-97.80926,32.55058],[-97.80574,32.55205],[-97.79962,32.55679],[-97.79737,32.5607],[-97.79688,32.56256],[-97.79707,32.5662],[-97.79872,32.56968],[-97.80039,32.57149],[-97.80305,32.57262],[-97.82217,32.57545],[-97.82913,32.57772],[-97.83061,32.57749],[-97.83603,32.57511],[-97.83843,32.57483],[-97.83922,32.57577],[-97.83922,32.57699],[-97.83876,32.57763],[-97.83865,32.5758],[-97.83808,32.57548],[-97.83833,32.5782],[-97.83738,32.57614],[-97.83673,32.57575],[-97.83023,32.5784],[-97.83405,32.57939],[-97.83518,32.5804],[-97.83586,32.58214],[-97.83648,32.58617],[-97.83553,32.58966],[-97.83569,32.59273],[-97.83732,32.59488],[-97.8397,32.59626],[-97.84297,32.5969],[-97.85004,32.59731],[-97.85328,32.59704],[-97.85894,32.5955],[-97.86281,32.5953],[-97.86581,32.59376],[-97.86695,32.59202],[-97.8672,32.5906],[-97.86536,32.58497],[-97.86536,32.57681],[-97.8662,32.57275],[-97.86752,32.5692],[-97.87015,32.56563],[-97.87342,32.5629],[-97.87707,32.56286],[-97.88248,32.56508],[-97.88606,32.5679],[-97.88914,32.57152],[-97.89085,32.57724],[-97.89269,32.58084],[-97.89304,32.58352],[-97.89285,32.58435],[-97.88917,32.58826],[-97.88487,32.58989],[-97.88119,32.59239],[-97.87475,32.60226],[-97.87312,32.60593],[-97.87318,32.60827],[-97.87472,32.61571],[-97.87545,32.6169],[-97.87675,32.61775],[-97.88823,32.61857],[-97.90257,32.61828],[-97.91405,32.61651],[-97.92499,32.61561],[-97.92851,32.61456],[-97.93013,32.61497],[-97.93411,32.61762],[-97.94386,32.62197],[-97.95158,32.62339],[-97.95699,32.62378],[-97.96752,32.62074],[-97.97353,32.61843],[-97.97694,32.6165],[-97.98443,32.61402],[-97.9886,32.60856],[-97.9903,32.6076],[-97.99295,32.60734],[-97.99807,32.60846],[-98.00032,32.60967],[-98.00032,32.61042],[-98.00191,32.61219],[-98.00269,32.61462],[-98.00377,32.61883],[-98.00473,32.62681],[-98.00366,32.63964],[-98.00251,32.64573],[-98.00005,32.64841],[-97.99943,32.64975],[-97.99972,32.65032],[-98.00032,32.64965],[-98.00032,32.65082],[-97.99886,32.65423],[-97.99876,32.65662],[-97.99935,32.65755],[-98.00087,32.6581],[-98.00418,32.65822],[-98.01095,32.65761],[-98.01255,32.65708],[-98.01512,32.65351],[-98.01976,32.64884],[-98.02109,32.6463],[-98.02556,32.64266],[-98.02708,32.64211],[-98.0283,32.64202],[-98.0335,32.64324],[-98.03658,32.64523],[-98.03847,32.64801],[-98.03888,32.64982],[-98.03825,32.65202],[-98.03489,32.65669],[-98.03296,32.66106],[-98.03263,32.66335],[-98.03315,32.6645],[-98.03333,32.66887],[-98.03436,32.67222],[-98.04236,32.68474],[-98.04144,32.6878],[-98.03826,32.69424],[-98.03926,32.70203],[-98.04018,32.70357],[-98.04535,32.70421],[-98.04801,32.70408],[-98.05841,32.70738],[-98.06421,32.71032],[-98.06594,32.71052],[-98.06665,32.70972],[-98.06744,32.70757],[-98.06768,32.7029],[-98.05891,32.69419],[-98.05664,32.69137],[-98.05667,32.68935],[-98.05884,32.68422],[-98.06131,32.68094],[-98.06632,32.67155],[-98.06993,32.66803],[-98.07307,32.66402],[-98.0783,32.66008],[-98.07844,32.659],[-98.07993,32.6571],[-98.08397,32.65323],[-98.08459,32.65142],[-98.07782,32.64468],[-98.07436,32.63909],[-98.07485,32.63694],[-98.07786,32.63433],[-98.08081,32.63268],[-98.08395,32.63218],[-98.08847,32.63353],[-98.09838,32.63894],[-98.10333,32.64338],[-98.10322,32.64405],[-98.10931,32.65468],[-98.11102,32.66018],[-98.11343,32.66437],[-98.11522,32.66976],[-98.11619,32.67675],[-98.11606,32.6805],[-98.11676,32.6825],[-98.11855,32.6858],[-98.12123,32.68914],[-98.12537,32.69253],[-98.12651,32.69304],[-98.12865,32.6931],[-98.13269,32.69198],[-98.1341,32.68974],[-98.13616,32.68777],[-98.13692,32.6852],[-98.13673,32.68428],[-98.1377,32.68291],[-98.13786,32.68064],[-98.13971,32.67723],[-98.14176,32.67569],[-98.14547,32.67409],[-98.14696,32.67418],[-98.14821,32.67509],[-98.15192,32.67947],[-98.15572,32.68197],[-98.15729,32.6843],[-98.15951,32.68529],[-98.16493,32.68267],[-98.17137,32.67655],[-98.17969,32.67332],[-98.18107,32.67337],[-98.18267,32.67453],[-98.18365,32.67715],[-98.18492,32.67884],[-98.18503,32.68539],[-98.18455,32.68819],[-98.1833,32.69048],[-98.18122,32.69259],[-98.17843,32.69401],[-98.17277,32.69839],[-98.17225,32.70027],[-98.17236,32.70089],[-98.17287,32.70082],[-98.17336,32.70407],[-98.17559,32.70721],[-98.17692,32.70737],[-98.18082,32.70586],[-98.18626,32.69996],[-98.19057,32.6963],[-98.19352,32.69467],[-98.19525,32.69462],[-98.20008,32.69622],[-98.20192,32.6984],[-98.20117,32.70296],[-98.19816,32.70931],[-98.19863,32.71091],[-98.20017,32.7118],[-98.21039,32.71503],[-98.23294,32.71849],[-98.23707,32.72241],[-98.23929,32.72362],[-98.25032,32.721],[-98.2549,32.72038],[-98.25769,32.72086],[-98.26178,32.72375],[-98.26401,32.72437],[-98.26707,32.72616],[-98.27021,32.72921],[-98.27175,32.73338],[-98.27315,32.7352],[-98.27272,32.73655],[-98.2706,32.73893],[-98.26838,32.73961],[-98.26477,32.73963],[-98.26306,32.73908],[-98.2551,32.73846],[-98.25031,32.73759],[-98.24788,32.73802],[-98.2476,32.73759],[-98.23898,32.7365],[-98.23248,32.73613],[-98.22537,32.73772],[-98.21854,32.73796],[-98.20632,32.73757],[-98.20534,32.73703],[-98.20306,32.73721],[-98.19818,32.73611],[-98.19539,32.73623],[-98.18943,32.73511],[-98.1833,32.73559],[-98.17804,32.73658],[-98.17325,32.74016],[-98.17051,32.74295],[-98.17019,32.74719],[-98.17144,32.75123],[-98.16971,32.75291],[-98.16461,32.75511],[-98.16399,32.7558],[-98.16415,32.75651],[-98.16028,32.76198],[-98.1567,32.77009],[-98.1561,32.77046],[-98.1564,32.77149],[-98.16161,32.77543],[-98.16313,32.7757],[-98.16554,32.77504],[-98.1695,32.77195],[-98.17031,32.76897],[-98.17343,32.76409],[-98.17798,32.76209],[-98.17972,32.76232],[-98.18072,32.76301],[-98.18406,32.76862],[-98.18553,32.76937],[-98.19033,32.76923],[-98.19583,32.77015],[-98.20212,32.76879],[-98.20402,32.76792],[-98.20383,32.76709],[-98.20451,32.76675],[-98.2102,32.76597],[-98.21386,32.76693],[-98.2146,32.77002],[-98.21444,32.77123],[-98.21341,32.77259],[-98.20419,32.7815],[-98.20175,32.78194],[-98.19576,32.78469],[-98.18977,32.79001],[-98.18828,32.79072],[-98.18666,32.79439],[-98.18652,32.79652],[-98.18786,32.80307],[-98.18891,32.80426],[-98.19168,32.80568],[-98.19713,32.80458],[-98.20286,32.80247],[-98.2092,32.79772],[-98.21395,32.79557],[-98.22027,32.79655],[-98.22635,32.80028],[-98.22746,32.80504],[-98.22752,32.80761],[-98.22568,32.8123],[-98.22484,32.81315],[-98.22064,32.81554],[-98.21847,32.81533],[-98.2132,32.81371],[-98.21054,32.81376],[-98.2097,32.81424],[-98.2106,32.8144],[-98.21022,32.81481],[-98.20469,32.81642],[-98.20366,32.81821],[-98.20393,32.82013],[-98.20464,32.821],[-98.21291,32.82327],[-98.21663,32.82512],[-98.22044,32.82848],[-98.22057,32.83013],[-98.22014,32.83128],[-98.21732,32.83408],[-98.21049,32.83885],[-98.20929,32.84093],[-98.20954,32.84309],[-98.21169,32.84503],[-98.21549,32.84982],[-98.21495,32.85525],[-98.21544,32.85809],[-98.21398,32.86412],[-98.21491,32.86625],[-98.21602,32.86631],[-98.21757,32.86734],[-98.21822,32.86865],[-98.22308,32.86679],[-98.2246,32.86518],[-98.23421,32.86211],[-98.23722,32.86057],[-98.24075,32.86098],[-98.24623,32.86285],[-98.24854,32.86216],[-98.25022,32.86051],[-98.25008,32.85772],[-98.25114,32.8576],[-98.25112,32.85258],[-98.2505,32.8515],[-98.2515,32.84841],[-98.25281,32.84649],[-98.25422,32.84514],[-98.25694,32.8439],[-98.26221,32.84363],[-98.26611,32.84528],[-98.26784,32.84868],[-98.26773,32.85326],[-98.26716,32.85381],[-98.26577,32.85818],[-98.26535,32.86671],[-98.26603,32.8703],[-98.26789,32.87447],[-98.26982,32.87647],[-98.27582,32.88],[-98.27972,32.88138],[-98.28103,32.88118],[-98.28252,32.87971],[-98.28233,32.87856],[-98.2816,32.87808],[-98.28155,32.87513],[-98.28248,32.87178],[-98.28473,32.86887],[-98.28769,32.86659],[-98.28995,32.86521],[-98.29636,32.86373],[-98.30301,32.86247],[-98.30559,32.86266],[-98.31335,32.86186],[-98.31553,32.86101],[-98.32278,32.85549],[-98.32652,32.85355],[-98.33823,32.84576],[-98.342,32.84228],[-98.3429,32.84068],[-98.34268,32.83859],[-98.33712,32.83474],[-98.33245,32.83291],[-98.33044,32.83091],[-98.32914,32.82757],[-98.32912,32.82443],[-98.3301,32.82248],[-98.33227,32.82015],[-98.3339,32.81944],[-98.33501,32.81831],[-98.33767,32.81426],[-98.33726,32.81362],[-98.33849,32.81323],[-98.34106,32.81112],[-98.34614,32.81078],[-98.35031,32.81355],[-98.35297,32.81765],[-98.35278,32.81992],[-98.35123,32.8237],[-98.35189,32.82444],[-98.35286,32.82922],[-98.35443,32.83158],[-98.35888,32.83257],[-98.36081,32.83234],[-98.36391,32.83062],[-98.37492,32.82187],[-98.38057,32.81527],[-98.38814,32.81014],[-98.394,32.80748],[-98.39636,32.80702],[-98.40089,32.8078],[-98.40162,32.80867],[-98.403,32.80888],[-98.40374,32.80698],[-98.40422,32.80812],[-98.40971,32.8108],[-98.4128,32.81369],[-98.41397,32.81614],[-98.41435,32.81996],[-98.41432,32.82175],[-98.41313,32.82542],[-98.41205,32.8256],[-98.40941,32.82885],[-98.40529,32.83234],[-98.3994,32.83539],[-98.39536,32.83619],[-98.38963,32.83592],[-98.38263,32.83676],[-98.37943,32.83793],[-98.3769,32.83949],[-98.37294,32.84219],[-98.37207,32.84355],[-98.37148,32.84643],[-98.37253,32.84657],[-98.37251,32.85074],[-98.37438,32.85255],[-98.37623,32.85317],[-98.37913,32.85367],[-98.38635,32.85365],[-98.39164,32.85502],[-98.39555,32.85521],[-98.39734,32.85486],[-98.39851,32.8533],[-98.39862,32.85159],[-98.39965,32.85003],[-98.40207,32.84817],[-98.40421,32.84792],[-98.40633,32.84961],[-98.40991,32.85699],[-98.41138,32.85791],[-98.41238,32.8577],[-98.41214,32.85866],[-98.41358,32.85923],[-98.4164,32.86189],[-98.41676,32.8632],[-98.41904,32.86634],[-98.42572,32.86993],[-98.42621,32.87078],[-98.42596,32.87144],[-98.42553,32.87185],[-98.42341,32.87073],[-98.42311,32.87037],[-98.42409,32.87034],[-98.4233,32.86993],[-98.42292,32.8689],[-98.41907,32.86721],[-98.41524,32.86194],[-98.40932,32.85722],[-98.40543,32.84913],[-98.40293,32.84863],[-98.40155,32.84929],[-98.39933,32.852],[-98.39933,32.85287],[-98.39813,32.85502],[-98.39702,32.85571],[-98.39441,32.85617],[-98.38879,32.85534],[-98.38809,32.85463],[-98.38611,32.85413],[-98.37669,32.85415],[-98.37384,32.85315],[-98.37243,32.85202],[-98.37158,32.852],[-98.37115,32.84478],[-98.37278,32.8418],[-98.37582,32.8394],[-98.37791,32.83798],[-98.38195,32.83626],[-98.38708,32.83523],[-98.39514,32.83484],[-98.39528,32.83523],[-98.39446,32.83566],[-98.39528,32.8358],[-98.39818,32.83509],[-98.40591,32.8306],[-98.41253,32.82409],[-98.41318,32.8204],[-98.41302,32.81699],[-98.41147,32.81339],[-98.40764,32.8105],[-98.40439,32.80917],[-98.40143,32.80936],[-98.39649,32.80739],[-98.39193,32.80899],[-98.38385,32.81481],[-98.38027,32.81649],[-98.37899,32.81766],[-98.3778,32.82052],[-98.37663,32.82183],[-98.37191,32.8257],[-98.3635,32.83193],[-98.3594,32.83328],[-98.35598,32.83298],[-98.35422,32.83234],[-98.35207,32.82948],[-98.35042,32.82496],[-98.35134,32.8196],[-98.35219,32.81733],[-98.35153,32.81642],[-98.34785,32.81325],[-98.34261,32.8116],[-98.34147,32.81195],[-98.3396,32.81339],[-98.33892,32.81545],[-98.33656,32.81715],[-98.3355,32.81944],[-98.33322,32.82047],[-98.33001,32.82383],[-98.32993,32.8275],[-98.33053,32.82938],[-98.33294,32.83215],[-98.33877,32.8349],[-98.3436,32.83804],[-98.34423,32.84015],[-98.34301,32.84249],[-98.33817,32.8473],[-98.32351,32.85655],[-98.32202,32.85666],[-98.31992,32.85888],[-98.31634,32.86149],[-98.3038,32.86458],[-98.30276,32.86304],[-98.28922,32.86643],[-98.28596,32.86878],[-98.28291,32.87201],[-98.28242,32.87531],[-98.28317,32.88005],[-98.28249,32.88102],[-98.28097,32.88184],[-98.27826,32.88172],[-98.27158,32.8789],[-98.26928,32.87741],[-98.26643,32.87383],[-98.26475,32.86845],[-98.26419,32.86375],[-98.26506,32.85752],[-98.26681,32.85298],[-98.26722,32.84994],[-98.26608,32.84677],[-98.26505,32.84554],[-98.2606,32.84404],[-98.25759,32.84436],[-98.25569,32.84516],[-98.25419,32.84621],[-98.25265,32.84823],[-98.25161,32.85111],[-98.25135,32.86025],[-98.24854,32.86347],[-98.24366,32.86327],[-98.24202,32.86194],[-98.23803,32.861],[-98.2351,32.86277],[-98.22626,32.86548],[-98.22306,32.86748],[-98.21782,32.86927],[-98.21651,32.86782],[-98.21391,32.86611],[-98.21312,32.86421],[-98.213,32.8591],[-98.21395,32.85568],[-98.21376,32.85179],[-98.21416,32.85039],[-98.21495,32.84982],[-98.20976,32.84441],[-98.20862,32.84167],[-98.20935,32.83926],[-98.21306,32.83566],[-98.21813,32.83252],[-98.22011,32.82906],[-98.2171,32.82658],[-98.21216,32.82402],[-98.21145,32.82407],[-98.21066,32.82297],[-98.20466,32.82181],[-98.20312,32.81988],[-98.20298,32.81761],[-98.20441,32.8161],[-98.21025,32.81346],[-98.21318,32.8133],[-98.21662,32.81389],[-98.21887,32.81492],[-98.22061,32.8149],[-98.22446,32.81244],[-98.22557,32.81107],[-98.22711,32.80644],[-98.2254,32.80023],[-98.21994,32.7968],[-98.21403,32.79634],[-98.20991,32.7982],[-98.2056,32.80084],[-98.20473,32.80199],[-98.20085,32.80403],[-98.19418,32.80609],[-98.19092,32.80603],[-98.18845,32.8047],[-98.1871,32.80305],[-98.18574,32.79677],[-98.18609,32.79396],[-98.18804,32.79011],[-98.19625,32.78376],[-98.20479,32.77997],[-98.2127,32.77206],[-98.21373,32.77066],[-98.21308,32.76727],[-98.21036,32.76659],[-98.20749,32.76691],[-98.20245,32.76932],[-98.19876,32.77001],[-98.19738,32.77125],[-98.19464,32.77054],[-98.18629,32.77015],[-98.18382,32.7693],[-98.18013,32.76337],[-98.17752,32.76287],[-98.17573,32.7634],[-98.17422,32.76454],[-98.1701,32.77238],[-98.16695,32.77502],[-98.16337,32.77641],[-98.16148,32.77612],[-98.1573,32.77351],[-98.15532,32.77064],[-98.15719,32.76657],[-98.15689,32.76535],[-98.15759,32.76508],[-98.15881,32.76203],[-98.1616,32.75767],[-98.16364,32.75543],[-98.17082,32.75103],[-98.16962,32.74733],[-98.16975,32.74307],[-98.17522,32.73754],[-98.17867,32.73569],[-98.18333,32.73461],[-98.19024,32.73428],[-98.19954,32.73531],[-98.20108,32.7362],[-98.20325,32.73657],[-98.22085,32.73711],[-98.23288,32.73561],[-98.23773,32.73551],[-98.24622,32.73681],[-98.2554,32.73722],[-98.26824,32.73922],[-98.27033,32.73829],[-98.27242,32.73538],[-98.27028,32.73226],[-98.27026,32.73047],[-98.26888,32.72848],[-98.26455,32.72547],[-98.26148,32.72437],[-98.25856,32.72217],[-98.25528,32.72104],[-98.25198,32.72131],[-98.2394,32.72435],[-98.23742,32.72339],[-98.23452,32.7211],[-98.23384,32.71989],[-98.23216,32.71886],[-98.21316,32.71647],[-98.19917,32.71215],[-98.19811,32.71135],[-98.19735,32.70944],[-98.19919,32.70413],[-98.20027,32.70273],[-98.20103,32.69977],[-98.19975,32.69689],[-98.19683,32.69611],[-98.19531,32.69499],[-98.19379,32.69513],[-98.19049,32.69714],[-98.18131,32.70659],[-98.17713,32.7078],[-98.17464,32.70732],[-98.17204,32.70302],[-98.17168,32.70036],[-98.17195,32.69839],[-98.17585,32.6942],[-98.18008,32.69188],[-98.183,32.68956],[-98.18452,32.684],[-98.18351,32.67818],[-98.18243,32.67554],[-98.18099,32.67415],[-98.17882,32.67419],[-98.17194,32.67704],[-98.16796,32.6813],[-98.16246,32.68513],[-98.16051,32.68595],[-98.15748,32.68554],[-98.15444,32.68185],[-98.1513,32.67965],[-98.14648,32.67505],[-98.14507,32.67493],[-98.14174,32.67663],[-98.13989,32.67851],[-98.13773,32.68497],[-98.13765,32.68662],[-98.137,32.68678],[-98.13654,32.68834],[-98.13413,32.69191],[-98.13242,32.69299],[-98.12879,32.69377],[-98.12532,32.69315],[-98.12136,32.69045],[-98.11922,32.68806],[-98.11543,32.68234],[-98.11489,32.68011],[-98.11573,32.6792],[-98.11573,32.67821],[-98.1144,32.66976],[-98.11275,32.66554],[-98.11121,32.66311],[-98.10861,32.65649],[-98.10877,32.65562],[-98.10823,32.65431],[-98.1039,32.64854],[-98.10176,32.64467],[-98.10141,32.64302],[-98.09889,32.64027],[-98.09575,32.63818],[-98.08698,32.63417],[-98.08403,32.6333],[-98.08083,32.63362],[-98.07959,32.63424],[-98.07645,32.63659],[-98.07509,32.63886],[-98.08102,32.64677],[-98.08492,32.65007],[-98.08532,32.65172],[-98.08077,32.65832],[-98.07183,32.66649],[-98.06651,32.67258],[-98.06464,32.67721],[-98.06079,32.68342],[-98.05821,32.68667],[-98.05732,32.69017],[-98.05794,32.69176],[-98.0617,32.69579],[-98.06679,32.69992],[-98.06812,32.70159],[-98.06869,32.70296],[-98.06847,32.7072],[-98.06757,32.71018],[-98.06689,32.71085],[-98.06499,32.71139],[-98.0638,32.71059],[-98.04909,32.70502],[-98.0459,32.70458],[-98.04516,32.7052],[-98.03923,32.70425],[-98.0385,32.70178],[-98.03759,32.69399],[-98.04133,32.68595],[-98.04144,32.6848],[-98.04001,32.68249],[-98.03787,32.68015],[-98.03722,32.68013],[-98.03636,32.67632],[-98.03303,32.67229],[-98.03179,32.66374],[-98.03218,32.66056],[-98.03294,32.65859],[-98.03576,32.65341],[-98.03806,32.65032],[-98.03796,32.64862],[-98.03647,32.64649],[-98.03385,32.64427],[-98.03157,32.64324],[-98.02689,32.64273],[-98.02139,32.64715],[-98.01282,32.65752],[-98.00737,32.6587],[-98.00247,32.659],[-98.00009,32.65877],[-97.99876,32.65813],[-97.998,32.65653],[-97.99827,32.65353],[-97.99902,32.65023],[-98.00032,32.64697],[-98.00146,32.64539],[-98.00269,32.63854],[-98.00338,32.62942],[-98.00303,32.62408],[-98.00341,32.62232],[-98.00131,32.61386],[-97.99951,32.61013],[-97.99818,32.60908],[-97.99309,32.60847],[-97.99349,32.60803],[-97.99306,32.60769],[-97.99109,32.60799],[-97.98887,32.60925],[-97.98557,32.61395],[-97.98406,32.61498],[-97.97864,32.61652],[-97.97172,32.62008],[-97.95919,32.62428],[-97.95726,32.62455],[-97.95012,32.62396],[-97.94126,32.62188],[-97.93977,32.62076],[-97.93436,32.61882],[-97.92872,32.61575],[-97.92707,32.6157],[-97.92453,32.61655],[-97.916,32.61687],[-97.91107,32.61827],[-97.90756,32.6183],[-97.8993,32.61956],[-97.88582,32.61938],[-97.87775,32.61867],[-97.87531,32.61782],[-97.87412,32.6158],[-97.8725,32.60987],[-97.87228,32.60707],[-97.87345,32.60343],[-97.87751,32.59658],[-97.88167,32.59124],[-97.88522,32.58888],[-97.88895,32.58753],[-97.89155,32.58508],[-97.89271,32.58297],[-97.88898,32.57369],[-97.88863,32.57184],[-97.88427,32.56737],[-97.88035,32.56467],[-97.87697,32.56354],[-97.87364,32.56352],[-97.87139,32.56513],[-97.86831,32.57044],[-97.86587,32.57928],[-97.86603,32.58549],[-97.86771,32.58898],[-97.86768,32.59223],[-97.86663,32.59399],[-97.86362,32.59585],[-97.85981,32.59614],[-97.85669,32.59729],[-97.85288,32.59795],[-97.84143,32.59761],[-97.83859,32.5968],[-97.83672,32.59561],[-97.83456,32.5927],[-97.83439,32.59183],[-97.83534,32.58638],[-97.82861,32.5787],[-97.81887,32.57572],[-97.80101,32.57335],[-97.79969,32.57264],[-97.79726,32.56975],[-97.79596,32.56693],[-97.79594,32.56187],[-97.79683,32.55905],[-97.79586,32.55868],[-97.79467,32.5571],[-97.79683,32.55836],[-97.80398,32.55152],[-97.81437,32.54788],[-97.81756,32.54575],[-97.82195,32.54163],[-97.82463,32.53829],[-97.8278,32.53306]],[[-97.83034,32.57918],[-97.83237,32.58175],[-97.83475,32.58294],[-97.83353,32.58058],[-97.83034,32.57918]]]},"properties":{"region":"possumKingdom","name":null,"sqkm":16.75}},{"type":"Feature","geometry":{"type":"Polygon","coordinates":[[[-101.14948,34.02517],[-101.15174,34.02565],[-101.15276,34.02643],[-101.15375,34.02787],[-101.15383,34.02897],[-101.15339,34.02947],[-101.15149,34.03014],[-101.14973,34.03018],[-101.14852,34.0297],[-101.14753,34.02837],[-101.14745,34.02727],[-101.14789,34.02595],[-101.14948,34.02517]]]},"properties":{"region":"rollingPlains","name":null,"sqkm":0.26}},{"type":"Feature","geometry":{"type":"Polygon","coordinates":[[[-101.11587,34.06634],[-101.11678,34.06652],[-101.11835,34.06808],[-101.11832,34.07067],[-101.11673,34.07234],[-101.11535,34.07257],[-101.11268,34.07144],[-101.11235,34.07003],[-101.11345,34.06737],[-101.11587,34.06634]]]},"properties":{"region":"rollingPlains","name":null,"sqkm":0.3}},{"type":"Feature","geometry":{"type":"Polygon","coordinates":[[[-101.12809,34.04717],[-101.13158,34.04811],[-101.13332,34.04958],[-101.1337,34.05049],[-101.13332,34.05226],[-101.13255,34.05235],[-101.13191,34.05168],[-101.13079,34.05343],[-101.13076,34.05448],[-101.1301,34.05487],[-101.1285,34.05494],[-101.12795,34.05441],[-101.12809,34.05146],[-101.12889,34.05061],[-101.12916,34.04901],[-101.12823,34.04905],[-101.12671,34.05061],[-101.12586,34.05061],[-101.12556,34.04995],[-101.12693,34.04848],[-101.12589,34.04784],[-101.12603,34.04745],[-101.12809,34.04717]]]},"properties":{"region":"rollingPlains","name":null,"sqkm":0.35}},{"type":"Feature","geometry":{"type":"Polygon","coordinates":[[[-101.04957,33.94613],[-101.05342,33.9479],[-101.05306,33.94989],[-101.05053,33.95124],[-101.04756,33.95064],[-101.04674,33.94911],[-101.04765,33.94675],[-101.04957,33.94613]]]},"properties":{"region":"rollingPlains","name":null,"sqkm":0.26}},{"type":"Feature","geometry":{"type":"Polygon","coordinates":[[[-100.81272,32.32716],[-100.81545,32.32253],[-100.81833,32.32176],[-100.81995,32.32084],[-100.82038,32.31988],[-100.82095,32.3205],[-100.8216,32.32034],[-100.82125,32.31825],[-100.82036,32.3172],[-100.81982,32.31834],[-100.81855,32.31756],[-100.81216,32.31706],[-100.80879,32.31454],[-100.80987,32.31376],[-100.80887,32.31319],[-100.80804,32.31099],[-100.80825,32.31012],[-100.80949,32.30959],[-100.81001,32.3067],[-100.80815,32.3067],[-100.80825,32.30638],[-100.81001,32.30583],[-100.81055,32.30629],[-100.81073,32.3097],[-100.80898,32.31085],[-100.80884,32.3114],[-100.80922,32.31206],[-100.81027,32.31209],[-100.81095,32.31273],[-100.81157,32.31541],[-100.81294,32.31607],[-100.81807,32.31559],[-100.8195,32.31589],[-100.82098,32.31713],[-100.82262,32.31768],[-100.82403,32.31672],[-100.82465,32.31553],[-100.82414,32.31525],[-100.82422,32.31438],[-100.82497,32.31411],[-100.82284,32.31342],[-100.82292,32.31303],[-100.82451,32.3126],[-100.82387,32.31113],[-100.82646,32.31079],[-100.82751,32.30967],[-100.82802,32.30822],[-100.83091,32.3079],[-100.83099,32.30877],[-100.83239,32.30898],[-100.83784,32.30807],[-100.83924,32.30726],[-100.83938,32.30836],[-100.84105,32.30802],[-100.84156,32.30722],[-100.84132,32.30557],[-100.84011,32.30509],[-100.84019,32.30385],[-100.83965,32.30355],[-100.83884,32.30142],[-100.83714,32.30012],[-100.83601,32.30028],[-100.83464,32.2989],[-100.83194,32.29789],[-100.83464,32.29689],[-100.83609,32.29723],[-100.8369,32.29609],[-100.83763,32.29599],[-100.83723,32.29531],[-100.83825,32.2951],[-100.83804,32.29423],[-100.83895,32.29228],[-100.8375,32.29153],[-100.83841,32.29036],[-100.83833,32.2896],[-100.84111,32.29018],[-100.84273,32.28828],[-100.84486,32.28922],[-100.8458,32.28915],[-100.84586,32.28828],[-100.84764,32.28702],[-100.84672,32.2856],[-100.84742,32.28418],[-100.84497,32.28347],[-100.84591,32.28273],[-100.84341,32.28101],[-100.84497,32.28044],[-100.8461,32.28102],[-100.84656,32.27996],[-100.84626,32.27873],[-100.84778,32.2768],[-100.85012,32.27593],[-100.854,32.2757],[-100.85546,32.27467],[-100.85716,32.27598],[-100.85886,32.28526],[-100.85651,32.2856],[-100.85637,32.28645],[-100.85708,32.28704],[-100.8557,32.28761],[-100.8564,32.28821],[-100.85632,32.28883],[-100.85794,32.28869],[-100.85821,32.29075],[-100.85575,32.29297],[-100.85516,32.29504],[-100.85335,32.29428],[-100.85467,32.29659],[-100.85478,32.29726],[-100.85343,32.29843],[-100.85494,32.30191],[-100.85243,32.30301],[-100.85257,32.30127],[-100.8499,32.29829],[-100.84842,32.2979],[-100.84674,32.29847],[-100.84558,32.29975],[-100.8468,32.30101],[-100.84653,32.30209],[-100.84885,32.30312],[-100.84639,32.30509],[-100.84507,32.30541],[-100.84639,32.30619],[-100.84607,32.30738],[-100.84688,32.30914],[-100.8458,32.31139],[-100.84194,32.31205],[-100.84126,32.31299],[-100.84035,32.31194],[-100.83895,32.3121],[-100.83881,32.31322],[-100.83719,32.31171],[-100.83363,32.31265],[-100.83298,32.31379],[-100.8346,32.31539],[-100.83339,32.31514],[-100.83325,32.3162],[-100.83134,32.31938],[-100.82953,32.32151],[-100.82591,32.3232],[-100.82357,32.32361],[-100.82257,32.32325],[-100.822,32.32098],[-100.82133,32.32096],[-100.82092,32.32118],[-100.82114,32.32361],[-100.82011,32.32366],[-100.81952,32.32485],[-100.81841,32.32451],[-100.81874,32.32343],[-100.81669,32.32377],[-100.81377,32.32668],[-100.81272,32.32716]]]},"properties":{"region":"permian","name":"Champion Creek Reservoir","sqkm":6.51}},{"type":"Feature","geometry":{"type":"Polygon","coordinates":[[[-100.95225,32.39417],[-100.95025,32.39112],[-100.94941,32.38622],[-100.94644,32.38407],[-100.94676,32.38276],[-100.94622,32.3802],[-100.94357,32.37979],[-100.94233,32.38077],[-100.94139,32.3807],[-100.94133,32.3778],[-100.94171,32.37722],[-100.94279,32.3761],[-100.94535,32.37587],[-100.947,32.37513],[-100.94794,32.3741],[-100.94794,32.37284],[-100.94451,32.37191],[-100.94273,32.3709],[-100.94189,32.3725],[-100.94025,32.37338],[-100.93992,32.37278],[-100.94038,32.37097],[-100.94,32.37042],[-100.94057,32.3696],[-100.93919,32.36836],[-100.93887,32.36683],[-100.93822,32.36669],[-100.93679,32.36449],[-100.93476,32.3644],[-100.93368,32.3633],[-100.93311,32.36117],[-100.93187,32.36099],[-100.93106,32.36007],[-100.93246,32.35867],[-100.93238,32.35801],[-100.93314,32.35721],[-100.93357,32.35558],[-100.93208,32.35352],[-100.93078,32.34761],[-100.92814,32.34635],[-100.9277,32.34377],[-100.9252,32.34397],[-100.9249,32.34571],[-100.92347,32.34599],[-100.92279,32.34496],[-100.92169,32.3451],[-100.9215,32.34455],[-100.91939,32.34469],[-100.91824,32.34615],[-100.91618,32.34512],[-100.91729,32.34377],[-100.91616,32.34347],[-100.91562,32.34052],[-100.9137,32.33887],[-100.9182,32.33633],[-100.91944,32.33497],[-100.91904,32.33232],[-100.91985,32.33145],[-100.92057,32.32909],[-100.91933,32.32826],[-100.91836,32.3262],[-100.91588,32.32451],[-100.91588,32.32364],[-100.91485,32.32297],[-100.91485,32.3216],[-100.91949,32.31871],[-100.9213,32.3185],[-100.9224,32.3194],[-100.9237,32.31956],[-100.92497,32.32095],[-100.92648,32.32011],[-100.92707,32.31887],[-100.9265,32.31811],[-100.92672,32.31759],[-100.92888,32.31871],[-100.92968,32.31832],[-100.92982,32.31894],[-100.93085,32.31919],[-100.93022,32.31971],[-100.9295,32.32219],[-100.92872,32.32292],[-100.92926,32.3237],[-100.92901,32.32425],[-100.93004,32.32423],[-100.93028,32.32523],[-100.92996,32.32585],[-100.92891,32.32627],[-100.92872,32.3292],[-100.92678,32.33048],[-100.92635,32.33135],[-100.92786,32.33268],[-100.93466,32.33094],[-100.93226,32.3332],[-100.92781,32.33454],[-100.92775,32.33776],[-100.92236,32.33861],[-100.9216,32.33912],[-100.92198,32.33987],[-100.92287,32.33992],[-100.92468,32.33889],[-100.92638,32.33907],[-100.92708,32.33967],[-100.93294,32.33943],[-100.93601,32.34001],[-100.93836,32.34117],[-100.94157,32.33948],[-100.94049,32.34106],[-100.94065,32.342],[-100.94233,32.34275],[-100.94481,32.34252],[-100.94495,32.34328],[-100.94311,32.34399],[-100.9389,32.34339],[-100.93691,32.3444],[-100.93397,32.34718],[-100.93472,32.35084],[-100.93626,32.35324],[-100.93818,32.35501],[-100.93835,32.35814],[-100.93899,32.35904],[-100.93999,32.35901],[-100.94091,32.36007],[-100.94161,32.36002],[-100.94229,32.35707],[-100.94312,32.35787],[-100.94838,32.35725],[-100.94909,32.35663],[-100.95262,32.35662],[-100.95321,32.35745],[-100.95373,32.35736],[-100.95424,32.35381],[-100.95545,32.35168],[-100.95691,32.35204],[-100.95672,32.3536],[-100.95842,32.35385],[-100.9581,32.3549],[-100.95974,32.35719],[-100.95999,32.35857],[-100.95859,32.35841],[-100.95575,32.3552],[-100.9551,32.35571],[-100.95524,32.35758],[-100.9435,32.35931],[-100.94245,32.36098],[-100.94126,32.36135],[-100.9394,32.36289],[-100.93959,32.36469],[-100.94138,32.36827],[-100.94675,32.37069],[-100.94877,32.3709],[-100.9505,32.37259],[-100.95053,32.37458],[-100.94924,32.37577],[-100.95002,32.37752],[-100.94721,32.37674],[-100.94586,32.37749],[-100.94611,32.37818],[-100.94811,32.37981],[-100.9487,32.38326],[-100.95027,32.38361],[-100.95062,32.38491],[-100.95184,32.38617],[-100.95125,32.38757],[-100.95192,32.3891],[-100.95519,32.39011],[-100.95724,32.3883],[-100.95826,32.38864],[-100.9581,32.38953],[-100.95702,32.38992],[-100.95735,32.39098],[-100.95613,32.39109],[-100.95605,32.39194],[-100.95208,32.39052],[-100.95138,32.39075],[-100.95225,32.39417]]]},"properties":{"region":"permian","name":"Lake Colorado City","sqkm":6.24}},{"type":"Feature","geometry":{"type":"Polygon","coordinates":[[[-100.90151,32.43198],[-100.89976,32.4282],[-100.89975,32.42685],[-100.90118,32.4233],[-100.90477,32.41968],[-100.90718,32.41941],[-100.9105,32.42078],[-100.9102,32.42224],[-100.90891,32.4219],[-100.90621,32.42293],[-100.90653,32.42353],[-100.90869,32.42422],[-100.90937,32.42538],[-100.90926,32.42621],[-100.90991,32.4266],[-100.90969,32.42689],[-100.90829,32.42678],[-100.90589,32.42836],[-100.90418,32.42873],[-100.90394,32.43173],[-100.90246,32.43219],[-100.90151,32.43198]]]},"properties":{"region":"permian","name":null,"sqkm":0.79}},{"type":"Feature","geometry":{"type":"Polygon","coordinates":[[[-100.65375,32.49107],[-100.65613,32.4923],[-100.65986,32.49599],[-100.66048,32.49777],[-100.6594,32.49936],[-100.65792,32.49977],[-100.65243,32.4997],[-100.65016,32.49853],[-100.64891,32.49629],[-100.64916,32.4943],[-100.65224,32.49141],[-100.65375,32.49107]]]},"properties":{"region":"permian","name":null,"sqkm":0.76}},{"type":"Feature","geometry":{"type":"Polygon","coordinates":[[[-100.31902,32.41792],[-100.31812,32.41985],[-100.3165,32.42111],[-100.31628,32.42276],[-100.31631,32.42312],[-100.31674,32.42303],[-100.31766,32.42152],[-100.31869,32.42111],[-100.3178,32.42317],[-100.31769,32.42468],[-100.31861,32.42574],[-100.31766,32.42647],[-100.31758,32.4291],[-100.31871,32.43036],[-100.31644,32.42988],[-100.31569,32.43206],[-100.31398,32.43336],[-100.31385,32.43417],[-100.31414,32.43478],[-100.31544,32.4341],[-100.31663,32.43414],[-100.31747,32.43534],[-100.32017,32.43598],[-100.32068,32.43683],[-100.31957,32.43644],[-100.31611,32.43749],[-100.31536,32.43614],[-100.31482,32.43655],[-100.31417,32.43616],[-100.31287,32.43717],[-100.31163,32.43524],[-100.31033,32.43588],[-100.30809,32.436],[-100.30798,32.43764],[-100.30717,32.43906],[-100.30061,32.43803],[-100.29961,32.43695],[-100.30018,32.43622],[-100.29991,32.43507],[-100.30191,32.43219],[-100.3001,32.43249],[-100.29967,32.43079],[-100.29815,32.43143],[-100.29878,32.42926],[-100.29829,32.42818],[-100.29916,32.4279],[-100.30186,32.4301],[-100.30421,32.431],[-100.30493,32.43068],[-100.30567,32.42933],[-100.30669,32.42937],[-100.30556,32.42775],[-100.30745,32.4283],[-100.30748,32.42754],[-100.30699,32.42621],[-100.30613,32.42555],[-100.30624,32.42493],[-100.3041,32.42275],[-100.30435,32.42051],[-100.30284,32.42009],[-100.30284,32.41948],[-100.30489,32.41819],[-100.30497,32.4159],[-100.30422,32.41329],[-100.30516,32.41166],[-100.30384,32.4104],[-100.3036,32.40864],[-100.30044,32.40804],[-100.29979,32.40658],[-100.30122,32.40768],[-100.30236,32.40738],[-100.30247,32.40619],[-100.30185,32.40465],[-100.30352,32.40369],[-100.30371,32.40406],[-100.30263,32.40506],[-100.30479,32.41022],[-100.30584,32.40995],[-100.30673,32.41091],[-100.3076,32.41098],[-100.30768,32.41041],[-100.30843,32.41004],[-100.30808,32.40791],[-100.30914,32.4088],[-100.30916,32.41082],[-100.30754,32.41501],[-100.3094,32.41492],[-100.30935,32.41714],[-100.31059,32.41897],[-100.30942,32.42207],[-100.31056,32.42234],[-100.31077,32.42337],[-100.31194,32.42337],[-100.31229,32.42622],[-100.31166,32.43002],[-100.30971,32.43267],[-100.31001,32.43311],[-100.31196,32.43284],[-100.31282,32.42949],[-100.3145,32.42734],[-100.31574,32.42459],[-100.31526,32.42326],[-100.31531,32.42129],[-100.31669,32.42015],[-100.31715,32.41912],[-100.31777,32.41907],[-100.31758,32.41822],[-100.31902,32.41792]]]},"properties":{"region":"permian","name":"Lake Sweetwater","sqkm":2.73}},{"type":"Feature","geometry":{"type":"Polygon","coordinates":[[[-100.39121,32.50013],[-100.39081,32.49949],[-100.38908,32.49958],[-100.3887,32.49903],[-100.38929,32.49594],[-100.39137,32.49486],[-100.3921,32.49184],[-100.39334,32.49273],[-100.39305,32.49355],[-100.39359,32.49426],[-100.39351,32.4961],[-100.39462,32.49761],[-100.39683,32.49813],[-100.39877,32.49653],[-100.4004,32.49642],[-100.39932,32.49749],[-100.40032,32.4977],[-100.40034,32.49806],[-100.39934,32.49832],[-100.3987,32.49921],[-100.39689,32.49953],[-100.39543,32.49912],[-100.39581,32.50013],[-100.39121,32.50013]]]},"properties":{"region":"permian","name":"Santa Fe Lake","sqkm":0.4}},{"type":"Feature","geometry":{"type":"Polygon","coordinates":[[[-100.43376,32.365],[-100.43258,32.36589],[-100.43179,32.36591],[-100.43093,32.3634],[-100.43144,32.36252],[-100.43152,32.36017],[-100.43201,32.35975],[-100.43319,32.35982],[-100.43346,32.35929],[-100.42966,32.35776],[-100.42941,32.3573],[-100.43009,32.35574],[-100.43044,32.35572],[-100.4306,32.35732],[-100.43106,32.3571],[-100.4313,32.35398],[-100.42995,32.35343],[-100.43176,32.35286],[-100.43316,32.35169],[-100.43321,32.34988],[-100.43456,32.35063],[-100.43491,32.35134],[-100.43354,32.35219],[-100.43276,32.3538],[-100.43306,32.35451],[-100.43254,32.35533],[-100.43273,32.35641],[-100.4333,32.35705],[-100.435,32.3573],[-100.43616,32.35934],[-100.43608,32.3611],[-100.43654,32.36147],[-100.43517,32.36245],[-100.43376,32.365]]]},"properties":{"region":"permian","name":"Lake Trammell","sqkm":0.47}},{"type":"Feature","geometry":{"type":"Polygon","coordinates":[[[-100.2211,32.29031],[-100.22458,32.29045],[-100.22671,32.2912],[-100.2279,32.29244],[-100.22792,32.29383],[-100.22736,32.2945],[-100.22598,32.29475],[-100.22234,32.29416],[-100.22026,32.29102],[-100.22026,32.29052],[-100.2211,32.29031]]]},"properties":{"region":"permian","name":null,"sqkm":0.27}},{"type":"Feature","geometry":{"type":"Polygon","coordinates":[[[-96.40264,36.65721],[-96.40111,36.65748],[-96.399,36.65655],[-96.3969,36.65195],[-96.39608,36.65188],[-96.39525,36.65112],[-96.39594,36.65041],[-96.39514,36.64833],[-96.39406,36.64776],[-96.3927,36.64874],[-96.39332,36.64673],[-96.39307,36.64554],[-96.3969,36.64462],[-96.39829,36.64492],[-96.39787,36.64629],[-96.39892,36.64719],[-96.39841,36.64838],[-96.40068,36.65133],[-96.39954,36.6519],[-96.40014,36.6551],[-96.40096,36.65643],[-96.40264,36.65721]]]},"properties":{"region":"osage","name":"Lake Pawhuska","sqkm":0.42}},{"type":"Feature","geometry":{"type":"Polygon","coordinates":[[[-96.64685,36.7464],[-96.63718,36.74737],[-96.63285,36.74599],[-96.6378,36.74613],[-96.63846,36.74569],[-96.63789,36.74425],[-96.63965,36.74519],[-96.64247,36.74423],[-96.64491,36.74448],[-96.64497,36.74336],[-96.64406,36.74263],[-96.64426,36.74215],[-96.64628,36.74325],[-96.64744,36.74281],[-96.64847,36.74347],[-96.64685,36.7464]]]},"properties":{"region":"osage","name":"Phillips Lake","sqkm":0.3}},{"type":"Feature","geometry":{"type":"Polygon","coordinates":[[[-96.55875,36.94426],[-96.55929,36.94667],[-96.55897,36.94676],[-96.55404,36.94685],[-96.55002,36.94764],[-96.54817,36.94687],[-96.54848,36.94639],[-96.55059,36.94609],[-96.55085,36.94501],[-96.55333,36.94433],[-96.55373,36.94323],[-96.55547,36.94396],[-96.55838,36.94353],[-96.55875,36.94426]]]},"properties":{"region":"osage","name":"Adams Lake","sqkm":0.26}},{"type":"Feature","geometry":{"type":"Polygon","coordinates":[[[-96.44438,36.72849],[-96.4445,36.72881],[-96.44402,36.72891],[-96.44194,36.72802],[-96.44259,36.72348],[-96.4416,36.72298],[-96.44128,36.72154],[-96.4398,36.72186],[-96.43833,36.72056],[-96.43764,36.72065],[-96.43739,36.72179],[-96.43648,36.72189],[-96.43617,36.72301],[-96.43534,36.72369],[-96.43563,36.72186],[-96.43523,36.72083],[-96.43199,36.72022],[-96.43139,36.72138],[-96.43096,36.72052],[-96.43142,36.71928],[-96.42946,36.71926],[-96.42664,36.7172],[-96.42602,36.71729],[-96.42599,36.71667],[-96.42431,36.71461],[-96.42303,36.71427],[-96.42201,36.71294],[-96.42078,36.71381],[-96.42064,36.71688],[-96.42013,36.71716],[-96.41951,36.71587],[-96.41891,36.71571],[-96.41919,36.7126],[-96.41823,36.7124],[-96.41837,36.71132],[-96.41712,36.71043],[-96.41592,36.70814],[-96.41464,36.70874],[-96.4139,36.7097],[-96.41402,36.70846],[-96.41507,36.7067],[-96.41396,36.70537],[-96.41302,36.7048],[-96.41152,36.70547],[-96.412,36.70377],[-96.4097,36.70164],[-96.40791,36.70261],[-96.40762,36.70007],[-96.40586,36.69954],[-96.40469,36.70098],[-96.40407,36.70023],[-96.40216,36.7],[-96.40012,36.69732],[-96.39844,36.69627],[-96.39776,36.6965],[-96.39799,36.69858],[-96.39745,36.69979],[-96.39728,36.6984],[-96.39642,36.69771],[-96.39591,36.6962],[-96.39588,36.69435],[-96.40037,36.69336],[-96.40086,36.6924],[-96.40216,36.69183],[-96.40299,36.6895],[-96.40347,36.68936],[-96.40319,36.69322],[-96.4079,36.69478],[-96.40972,36.6946],[-96.41143,36.69098],[-96.41126,36.69272],[-96.41174,36.69432],[-96.41066,36.69622],[-96.41066,36.69739],[-96.4108,36.69801],[-96.4122,36.69885],[-96.41225,36.69963],[-96.41828,36.70054],[-96.4195,36.69912],[-96.4212,36.69905],[-96.42427,36.69711],[-96.4251,36.6945],[-96.42555,36.69452],[-96.42595,36.69512],[-96.42527,36.69656],[-96.42538,36.69793],[-96.42064,36.70121],[-96.42058,36.70235],[-96.42229,36.70153],[-96.42726,36.70287],[-96.42894,36.7029],[-96.43158,36.70006],[-96.43646,36.69873],[-96.43627,36.70227],[-96.43706,36.70296],[-96.43672,36.70379],[-96.43519,36.70303],[-96.43439,36.70147],[-96.43183,36.70152],[-96.43166,36.70273],[-96.43243,36.70404],[-96.43155,36.70388],[-96.43107,36.70468],[-96.43007,36.70468],[-96.42968,36.70592],[-96.42862,36.70555],[-96.42823,36.70644],[-96.42558,36.70523],[-96.42408,36.70574],[-96.42121,36.70567],[-96.42013,36.70681],[-96.42323,36.71015],[-96.42687,36.71143],[-96.42934,36.71351],[-96.43258,36.71802],[-96.43548,36.71877],[-96.4375,36.71891],[-96.43867,36.7185],[-96.43867,36.71937],[-96.44063,36.72062],[-96.44287,36.72058],[-96.4439,36.72428],[-96.44293,36.72447],[-96.44276,36.72758],[-96.44438,36.72849]]]},"properties":{"region":"osage","name":"Bluestem Lake","sqkm":3.25}},{"type":"Feature","geometry":{"type":"Polygon","coordinates":[[[-96.16045,36.9024],[-96.16102,36.90503],[-96.16185,36.90583],[-96.16116,36.90695],[-96.16162,36.90929],[-96.16247,36.90986],[-96.16695,36.90794],[-96.16564,36.91052],[-96.16458,36.91135],[-96.16455,36.91208],[-96.1629,36.91283],[-96.16256,36.9137],[-96.16253,36.91521],[-96.16396,36.91629],[-96.16347,36.91693],[-96.16399,36.91736],[-96.16345,36.91821],[-96.1635,36.91993],[-96.16262,36.91983],[-96.16162,36.92061],[-96.16111,36.92217],[-96.16219,36.92528],[-96.16396,36.924],[-96.16536,36.92464],[-96.16883,36.92194],[-96.16994,36.9218],[-96.17108,36.92024],[-96.17208,36.92068],[-96.17294,36.92011],[-96.17219,36.91866],[-96.17128,36.91818],[-96.17094,36.91734],[-96.17128,36.91642],[-96.17333,36.9167],[-96.1737,36.9177],[-96.17499,36.91823],[-96.1751,36.91745],[-96.17427,36.91697],[-96.17416,36.91633],[-96.17453,36.9156],[-96.17581,36.91539],[-96.17584,36.91663],[-96.17684,36.91615],[-96.17729,36.91722],[-96.17926,36.91651],[-96.18003,36.91566],[-96.17926,36.91347],[-96.17988,36.91226],[-96.17863,36.91104],[-96.17985,36.91084],[-96.18048,36.91139],[-96.18131,36.91054],[-96.18125,36.90976],[-96.18193,36.90935],[-96.18079,36.90871],[-96.18065,36.90599],[-96.1819,36.90477],[-96.1819,36.90416],[-96.18122,36.90331],[-96.18313,36.9047],[-96.18313,36.9037],[-96.18372,36.90299],[-96.18398,36.9047],[-96.1829,36.90612],[-96.18304,36.90736],[-96.18518,36.90713],[-96.18521,36.90836],[-96.18598,36.90905],[-96.18618,36.91049],[-96.18846,36.90999],[-96.18746,36.91143],[-96.19091,36.91431],[-96.19402,36.91417],[-96.19433,36.91358],[-96.19595,36.91309],[-96.19701,36.91145],[-96.19758,36.91147],[-96.19732,36.91291],[-96.19832,36.91479],[-96.19715,36.91465],[-96.19288,36.91678],[-96.19265,36.91726],[-96.1914,36.91726],[-96.19083,36.91804],[-96.18881,36.91806],[-96.18698,36.91559],[-96.18607,36.91601],[-96.18556,36.91541],[-96.1851,36.91553],[-96.18408,36.91694],[-96.18331,36.91937],[-96.18468,36.92019],[-96.18391,36.92081],[-96.18368,36.92186],[-96.18217,36.92191],[-96.18177,36.92248],[-96.18274,36.92422],[-96.18599,36.92365],[-96.1865,36.92403],[-96.18662,36.92436],[-96.18508,36.92454],[-96.18451,36.92591],[-96.18628,36.92687],[-96.18807,36.92758],[-96.18901,36.92742],[-96.1899,36.92868],[-96.19084,36.92897],[-96.19317,36.92847],[-96.19289,36.92948],[-96.19343,36.93009],[-96.19209,36.93028],[-96.19169,36.9309],[-96.19238,36.93174],[-96.1944,36.93286],[-96.19543,36.93293],[-96.19645,36.93396],[-96.19805,36.93405],[-96.20155,36.93043],[-96.20175,36.93197],[-96.1995,36.93439],[-96.1999,36.93531],[-96.20335,36.93677],[-96.20392,36.93654],[-96.20623,36.93828],[-96.20971,36.93693],[-96.20832,36.93887],[-96.2088,36.94004],[-96.21026,36.94038],[-96.21302,36.9423],[-96.21391,36.94216],[-96.21604,36.94319],[-96.21716,36.94326],[-96.21798,36.94236],[-96.21872,36.94339],[-96.22004,36.9439],[-96.21981,36.94481],[-96.22172,36.94465],[-96.2218,36.94524],[-96.22257,36.9454],[-96.22397,36.94417],[-96.22299,36.93847],[-96.22414,36.93934],[-96.22738,36.93902],[-96.22818,36.93703],[-96.22997,36.93565],[-96.22983,36.93458],[-96.23054,36.93373],[-96.23146,36.9365],[-96.23391,36.93473],[-96.23468,36.93469],[-96.23664,36.931],[-96.23755,36.9313],[-96.23661,36.92963],[-96.23798,36.92972],[-96.23971,36.92834],[-96.23954,36.9272],[-96.23994,36.92709],[-96.24065,36.92779],[-96.24057,36.9283],[-96.23855,36.93079],[-96.24071,36.92978],[-96.24117,36.93029],[-96.23843,36.93169],[-96.23647,36.93359],[-96.23761,36.93349],[-96.23753,36.93432],[-96.23861,36.93393],[-96.23898,36.93422],[-96.23764,36.93548],[-96.23716,36.93521],[-96.23525,36.93578],[-96.23442,36.93647],[-96.23363,36.93819],[-96.23234,36.93785],[-96.22964,36.93988],[-96.22947,36.94263],[-96.22998,36.94341],[-96.23107,36.94398],[-96.23241,36.94382],[-96.2342,36.94285],[-96.23742,36.94297],[-96.23922,36.9415],[-96.24252,36.9412],[-96.24318,36.94175],[-96.24198,36.94216],[-96.24056,36.94351],[-96.24327,36.94397],[-96.2437,36.94454],[-96.24318,36.94564],[-96.24358,36.94591],[-96.24427,36.94529],[-96.24355,36.94301],[-96.24469,36.94259],[-96.24603,36.94339],[-96.24758,36.94586],[-96.24797,36.94518],[-96.24717,36.94373],[-96.24737,36.94309],[-96.24794,36.9427],[-96.25098,36.94262],[-96.2507,36.94328],[-96.24808,36.94362],[-96.24848,36.94421],[-96.25017,36.94437],[-96.24883,36.94458],[-96.25017,36.94545],[-96.24928,36.94559],[-96.24909,36.94627],[-96.25183,36.94868],[-96.25077,36.94866],[-96.24995,36.9492],[-96.24966,36.94787],[-96.24837,36.94675],[-96.24661,36.94712],[-96.24498,36.94339],[-96.24527,36.94552],[-96.2447,36.94664],[-96.24333,36.94706],[-96.2435,36.94751],[-96.24305,36.94783],[-96.24176,36.94566],[-96.24128,36.94619],[-96.23959,36.94431],[-96.23777,36.94514],[-96.23794,36.94596],[-96.24014,36.94713],[-96.23928,36.94779],[-96.23692,36.94768],[-96.23634,36.94635],[-96.23509,36.94526],[-96.23375,36.94553],[-96.23315,36.94777],[-96.23221,36.9459],[-96.2291,36.94641],[-96.22822,36.94574],[-96.22713,36.94336],[-96.22625,36.94304],[-96.22591,36.94325],[-96.22585,36.94613],[-96.22241,36.94826],[-96.22266,36.94925],[-96.22403,36.95071],[-96.22481,36.95327],[-96.22452,36.95481],[-96.22507,36.95517],[-96.22469,36.95542],[-96.22247,36.9549],[-96.2229,36.95407],[-96.22218,36.95257],[-96.22096,36.95302],[-96.22075,36.94975],[-96.22024,36.94886],[-96.21069,36.9442],[-96.20778,36.94491],[-96.20772,36.94585],[-96.20935,36.94809],[-96.20855,36.94811],[-96.20547,36.94542],[-96.20319,36.94443],[-96.20282,36.9426],[-96.20111,36.94185],[-96.20116,36.94125],[-96.19823,36.93874],[-96.19737,36.93872],[-96.19558,36.94174],[-96.19415,36.94169],[-96.19287,36.94259],[-96.19304,36.94554],[-96.19453,36.94826],[-96.19262,36.94771],[-96.19136,36.94879],[-96.19136,36.94966],[-96.19191,36.95016],[-96.19384,36.9503],[-96.19336,36.95151],[-96.1943,36.95487],[-96.19413,36.95764],[-96.19585,36.95981],[-96.19559,36.96073],[-96.19465,36.96153],[-96.19434,36.96297],[-96.1924,36.96279],[-96.19374,36.9648],[-96.19423,36.9651],[-96.19494,36.96478],[-96.19491,36.9691],[-96.19545,36.96899],[-96.19545,36.96533],[-96.19682,36.96283],[-96.19767,36.96324],[-96.20004,36.96171],[-96.19964,36.96258],[-96.20047,36.96235],[-96.19967,36.96516],[-96.2011,36.96509],[-96.20064,36.96686],[-96.20101,36.96807],[-96.20204,36.96761],[-96.20372,36.96841],[-96.20438,36.96608],[-96.20532,36.96726],[-96.20643,36.96692],[-96.20714,36.96754],[-96.20714,36.96841],[-96.2064,36.96898],[-96.20874,36.96905],[-96.20951,36.96886],[-96.20994,36.9679],[-96.21113,36.96715],[-96.21256,36.96804],[-96.21544,36.96657],[-96.21533,36.96762],[-96.21681,36.96797],[-96.21499,36.96852],[-96.21242,36.97085],[-96.21262,36.97142],[-96.21342,36.97138],[-96.21402,36.9736],[-96.2155,36.97456],[-96.21787,36.97492],[-96.21827,36.97595],[-96.22021,36.97691],[-96.22127,36.97668],[-96.22172,36.97467],[-96.22263,36.97524],[-96.22218,36.97599],[-96.22235,36.97689],[-96.22372,36.97775],[-96.2223,36.97803],[-96.2227,36.97908],[-96.22843,36.98104],[-96.23342,36.9842],[-96.23457,36.9855],[-96.23953,36.98788],[-96.24102,36.98787],[-96.24216,36.9868],[-96.24298,36.98707],[-96.24238,36.98746],[-96.24239,36.98803],[-96.24056,36.9889],[-96.23891,36.98827],[-96.23854,36.99051],[-96.24005,36.99051],[-96.24179,36.99121],[-96.25229,36.99078],[-96.25598,36.98909],[-96.25852,36.98896],[-96.25949,36.98797],[-96.2598,36.98813],[-96.25883,36.98969],[-96.26428,36.98979],[-96.26727,36.98892],[-96.26959,36.98734],[-96.26993,36.98837],[-96.26858,36.98871],[-96.26884,36.99071],[-96.26544,36.99059],[-96.26584,36.99242],[-96.26456,36.99219],[-96.26456,36.99271],[-96.26575,36.99425],[-96.27068,36.99597],[-96.27168,36.99512],[-96.27274,36.99126],[-96.27389,36.98993],[-96.27432,36.99009],[-96.27326,36.99167],[-96.27534,36.99163],[-96.27822,36.99257],[-96.27902,36.99179],[-96.27999,36.99168],[-96.28307,36.99246],[-96.28301,36.99346],[-96.28432,36.99385],[-96.28512,36.99253],[-96.2872,36.99285],[-96.28812,36.99242],[-96.28932,36.99123],[-96.28915,36.99029],[-96.28952,36.98981],[-96.29223,36.98938],[-96.29237,36.98999],[-96.29026,36.99017],[-96.29032,36.99152],[-96.28814,36.99347],[-96.28883,36.99381],[-96.28886,36.99491],[-96.28806,36.99491],[-96.28561,36.99308],[-96.28546,36.99408],[-96.28458,36.99481],[-96.28181,36.99387],[-96.28056,36.9941],[-96.28013,36.99465],[-96.27882,36.99449],[-96.27904,36.99518],[-96.28178,36.9955],[-96.2842,36.99696],[-96.28443,36.9979],[-96.28565,36.9988],[-96.28634,37.00006],[-96.28522,37.00006],[-96.28466,36.99882],[-96.28192,36.99664],[-96.28061,36.99602],[-96.27844,36.99609],[-96.27768,36.99341],[-96.27348,36.99304],[-96.27245,36.99597],[-96.26988,36.99707],[-96.26281,36.99553],[-96.26224,36.99495],[-96.26213,36.99223],[-96.25646,36.98982],[-96.25366,36.99115],[-96.24969,36.9921],[-96.24299,36.99256],[-96.23877,36.99195],[-96.24496,36.9938],[-96.2469,36.99281],[-96.24724,36.99311],[-96.24559,36.99416],[-96.24108,36.99364],[-96.24117,36.99476],[-96.24043,36.99648],[-96.2418,36.99693],[-96.24439,36.99682],[-96.24462,36.99723],[-96.24311,36.99739],[-96.24331,36.99833],[-96.24151,36.99863],[-96.24166,36.99959],[-96.24046,36.99961],[-96.2402,37.00006],[-96.23855,37.00006],[-96.23835,36.99954],[-96.24054,36.99801],[-96.23943,36.99762],[-96.23866,36.99808],[-96.23778,36.99792],[-96.2402,36.99426],[-96.23945,36.99396],[-96.23863,36.99463],[-96.23823,36.99618],[-96.23772,36.99616],[-96.23783,36.99307],[-96.23737,36.99252],[-96.23261,36.99074],[-96.23198,36.99145],[-96.23189,36.99264],[-96.22996,36.99333],[-96.22805,36.99544],[-96.22759,36.9972],[-96.22622,36.99795],[-96.22546,37.00007],[-96.22503,37.00007],[-96.22742,36.99422],[-96.23007,36.99214],[-96.22933,36.99214],[-96.2293,36.99143],[-96.22864,36.99173],[-96.22915,36.99026],[-96.22813,36.98981],[-96.22753,36.99049],[-96.22465,36.99089],[-96.22641,36.98972],[-96.2251,36.98887],[-96.22613,36.98862],[-96.22641,36.98727],[-96.22578,36.98548],[-96.22444,36.98439],[-96.22227,36.98352],[-96.22167,36.98409],[-96.22065,36.98357],[-96.21414,36.98323],[-96.21303,36.98364],[-96.21232,36.98495],[-96.21212,36.98328],[-96.20858,36.98287],[-96.20818,36.98312],[-96.20821,36.98483],[-96.20773,36.98493],[-96.20756,36.9836],[-96.20613,36.98346],[-96.20747,36.98255],[-96.2059,36.98184],[-96.20576,36.98081],[-96.20516,36.98042],[-96.20427,36.98092],[-96.20222,36.9774],[-96.19919,36.97539],[-96.19529,36.97516],[-96.1956,36.97068],[-96.19508,36.97068],[-96.1946,36.97523],[-96.19403,36.97569],[-96.194,36.97521],[-96.19341,36.97512],[-96.19261,36.977],[-96.19264,36.978],[-96.19366,36.97931],[-96.19153,36.97979],[-96.19147,36.98077],[-96.19044,36.98052],[-96.1901,36.98109],[-96.18984,36.97983],[-96.18902,36.97945],[-96.18856,36.97851],[-96.18711,36.97922],[-96.18676,36.97892],[-96.18776,36.97803],[-96.18784,36.97601],[-96.18862,36.97617],[-96.19007,36.97521],[-96.18984,36.97384],[-96.19144,36.97302],[-96.19129,36.97244],[-96.1867,36.97142],[-96.18211,36.97217],[-96.1822,36.97165],[-96.18473,36.97094],[-96.18239,36.96881],[-96.18023,36.9651],[-96.17957,36.96494],[-96.17874,36.96581],[-96.17877,36.96657],[-96.17977,36.96753],[-96.17949,36.96803],[-96.17832,36.96739],[-96.17837,36.96993],[-96.17732,36.96927],[-96.17732,36.96799],[-96.17564,36.96794],[-96.17404,36.96678],[-96.17435,36.96643],[-96.17658,36.96687],[-96.17709,36.96591],[-96.17612,36.96508],[-96.17763,36.96495],[-96.17754,36.96424],[-96.17928,36.96366],[-96.17877,36.96085],[-96.17806,36.96003],[-96.17566,36.96044],[-96.17543,36.96003],[-96.17666,36.95948],[-96.17797,36.95618],[-96.17974,36.95531],[-96.18008,36.95433],[-96.17857,36.95243],[-96.17765,36.95298],[-96.1776,36.95206],[-96.17588,36.95053],[-96.17449,36.95026],[-96.17321,36.95099],[-96.16987,36.95067],[-96.16876,36.95202],[-96.16844,36.95086],[-96.16716,36.94999],[-96.17072,36.94939],[-96.17218,36.94994],[-96.17298,36.94971],[-96.17386,36.94818],[-96.17363,36.94701],[-96.17181,36.94616],[-96.17332,36.94605],[-96.17403,36.94534],[-96.17446,36.94582],[-96.17557,36.94561],[-96.17759,36.9444],[-96.1791,36.94255],[-96.17582,36.93706],[-96.17508,36.93347],[-96.17448,36.93283],[-96.17186,36.93274],[-96.17177,36.93596],[-96.17055,36.93614],[-96.16995,36.93692],[-96.16978,36.93775],[-96.17024,36.93834],[-96.16967,36.93852],[-96.16935,36.93951],[-96.16881,36.93946],[-96.16793,36.93756],[-96.16981,36.93502],[-96.16966,36.93452],[-96.16721,36.93676],[-96.16297,36.93823],[-96.16263,36.93892],[-96.16174,36.93912],[-96.16151,36.9385],[-96.15906,36.93825],[-96.15886,36.94342],[-96.15852,36.94347],[-96.1571,36.94345],[-96.1577,36.94232],[-96.15678,36.9383],[-96.15482,36.93793],[-96.1553,36.93697],[-96.15253,36.93347],[-96.15191,36.93343],[-96.1514,36.93432],[-96.14934,36.93372],[-96.14906,36.93439],[-96.14988,36.93535],[-96.14849,36.93512],[-96.14789,36.9356],[-96.14721,36.93475],[-96.14615,36.93626],[-96.14498,36.93427],[-96.1431,36.93446],[-96.14245,36.93551],[-96.14099,36.93572],[-96.14148,36.93476],[-96.14131,36.93382],[-96.13683,36.93247],[-96.1364,36.93329],[-96.137,36.93464],[-96.13806,36.9354],[-96.137,36.93567],[-96.13663,36.93633],[-96.13618,36.93796],[-96.13655,36.94048],[-96.13937,36.94073],[-96.14133,36.94251],[-96.14225,36.94265],[-96.14213,36.94311],[-96.14085,36.94343],[-96.14125,36.94565],[-96.14447,36.94731],[-96.14567,36.94736],[-96.14618,36.94885],[-96.14744,36.94965],[-96.14701,36.95011],[-96.14709,36.95203],[-96.14926,36.95317],[-96.15191,36.95322],[-96.15499,36.95589],[-96.15704,36.95491],[-96.15662,36.95665],[-96.15542,36.95747],[-96.15416,36.95683],[-96.15257,36.95479],[-96.15177,36.95443],[-96.14761,36.95425],[-96.14692,36.95605],[-96.14704,36.95827],[-96.14949,36.96218],[-96.15069,36.9626],[-96.15106,36.96374],[-96.1518,36.96422],[-96.1516,36.9653],[-96.15208,36.96703],[-96.15385,36.9698],[-96.15283,36.97067],[-96.15505,36.97152],[-96.15608,36.97074],[-96.15548,36.9717],[-96.15582,36.97236],[-96.1536,36.97149],[-96.15351,36.97266],[-96.15263,36.97301],[-96.15217,36.97175],[-96.15094,36.97118],[-96.15017,36.96951],[-96.14912,36.96854],[-96.14721,36.9682],[-96.14661,36.96319],[-96.14541,36.96205],[-96.14424,36.9617],[-96.14359,36.96077],[-96.14265,36.96095],[-96.14176,36.95734],[-96.14079,36.95631],[-96.14253,36.95475],[-96.14225,36.94995],[-96.14014,36.94947],[-96.13438,36.95404],[-96.13381,36.95379],[-96.13535,36.95223],[-96.13566,36.95061],[-96.13709,36.95027],[-96.13732,36.94912],[-96.13657,36.94738],[-96.13412,36.94462],[-96.13236,36.94343],[-96.13181,36.94416],[-96.13127,36.94411],[-96.13102,36.94283],[-96.13224,36.93981],[-96.13119,36.93762],[-96.13159,36.93542],[-96.13068,36.93542],[-96.12985,36.938],[-96.12805,36.93883],[-96.127,36.94016],[-96.12697,36.94121],[-96.12477,36.94029],[-96.12346,36.94061],[-96.12706,36.93764],[-96.12688,36.93608],[-96.12383,36.93597],[-96.12079,36.93274],[-96.11908,36.9327],[-96.11643,36.93487],[-96.11714,36.93656],[-96.11825,36.93643],[-96.11788,36.94022],[-96.11628,36.93981],[-96.11551,36.9388],[-96.11563,36.93775],[-96.11463,36.93741],[-96.11432,36.93761],[-96.11457,36.93935],[-96.11366,36.93979],[-96.11215,36.93903],[-96.11169,36.94006],[-96.11229,36.9418],[-96.11055,36.94107],[-96.10941,36.94361],[-96.1079,36.9448],[-96.10978,36.94775],[-96.11052,36.95022],[-96.1114,36.95008],[-96.11157,36.94892],[-96.11266,36.95008],[-96.11391,36.94974],[-96.11528,36.94802],[-96.11514,36.95029],[-96.11802,36.95095],[-96.1171,36.95157],[-96.11431,36.95157],[-96.11425,36.95237],[-96.11214,36.95194],[-96.11129,36.95251],[-96.112,36.95431],[-96.11283,36.95502],[-96.1128,36.95692],[-96.11371,36.95754],[-96.11308,36.95823],[-96.11314,36.9599],[-96.11533,36.96239],[-96.11642,36.96207],[-96.11821,36.96239],[-96.12306,36.96038],[-96.12269,36.96143],[-96.12004,36.96324],[-96.12061,36.96443],[-96.11907,36.96404],[-96.11699,36.9644],[-96.11784,36.96539],[-96.11724,36.96575],[-96.11724,36.96635],[-96.11881,36.96866],[-96.11753,36.96809],[-96.11476,36.96488],[-96.11396,36.96546],[-96.11285,36.96507],[-96.1118,36.96562],[-96.11231,36.9674],[-96.11199,36.96882],[-96.1159,36.97234],[-96.11581,36.97271],[-96.11507,36.9723],[-96.11333,36.97266],[-96.11425,36.97383],[-96.11442,36.97635],[-96.11578,36.97728],[-96.11827,36.97715],[-96.11749,36.97838],[-96.11493,36.97818],[-96.11345,36.97738],[-96.1137,36.97854],[-96.11558,36.97978],[-96.11419,36.98007],[-96.11322,36.98186],[-96.11453,36.98211],[-96.11572,36.98369],[-96.11695,36.9844],[-96.11809,36.98486],[-96.12009,36.98465],[-96.12069,36.98509],[-96.12052,36.9855],[-96.11966,36.98504],[-96.11746,36.98522],[-96.11598,36.9846],[-96.11433,36.98463],[-96.11373,36.98305],[-96.11207,36.98419],[-96.11239,36.98561],[-96.11199,36.98659],[-96.11065,36.9879],[-96.10922,36.98842],[-96.10936,36.98932],[-96.11039,36.99039],[-96.11387,36.99202],[-96.11481,36.99366],[-96.1137,36.99389],[-96.11378,36.99815],[-96.11307,37.00007],[-96.10576,37.00007],[-96.10653,36.99954],[-96.10813,36.99945],[-96.10993,36.99778],[-96.10987,36.99632],[-96.11119,36.9951],[-96.11153,36.99403],[-96.10962,36.99483],[-96.10545,36.99531],[-96.10568,36.9949],[-96.10928,36.9941],[-96.1099,36.99286],[-96.10791,36.99163],[-96.10603,36.98815],[-96.10429,36.98785],[-96.10526,36.98687],[-96.10506,36.98632],[-96.10318,36.986],[-96.10278,36.98506],[-96.10072,36.9868],[-96.10035,36.98517],[-96.09833,36.98417],[-96.10218,36.98314],[-96.10138,36.98028],[-96.10053,36.97971],[-96.1011,36.97925],[-96.10001,36.97845],[-96.10107,36.97815],[-96.10278,36.97957],[-96.10346,36.98186],[-96.10506,36.98264],[-96.10671,36.98055],[-96.10737,36.97833],[-96.10851,36.97756],[-96.10777,36.97692],[-96.10766,36.97586],[-96.10672,36.97598],[-96.10752,36.97401],[-96.10737,36.97282],[-96.10683,36.9725],[-96.10541,36.97298],[-96.10715,36.97065],[-96.10412,36.9706],[-96.10527,36.96914],[-96.10447,36.96813],[-96.10507,36.96733],[-96.10433,36.96523],[-96.10319,36.96525],[-96.10227,36.96657],[-96.10045,36.96669],[-96.09877,36.96811],[-96.09851,36.96989],[-96.09942,36.97076],[-96.09931,36.97122],[-96.09745,36.97055],[-96.09563,36.97332],[-96.09594,36.9741],[-96.09483,36.97396],[-96.09426,36.9744],[-96.09423,36.97707],[-96.09254,36.9789],[-96.09326,36.97989],[-96.09303,36.98174],[-96.09251,36.98153],[-96.09277,36.98073],[-96.09112,36.97936],[-96.08789,36.97934],[-96.08681,36.98034],[-96.08687,36.9792],[-96.08601,36.9784],[-96.08365,36.97867],[-96.08305,36.97817],[-96.08114,36.97801],[-96.07994,36.9789],[-96.07943,36.97812],[-96.08091,36.97682],[-96.08448,36.97547],[-96.08593,36.97609],[-96.08767,36.97597],[-96.08827,36.97552],[-96.08833,36.9738],[-96.08895,36.9733],[-96.08998,36.97346],[-96.09086,36.97273],[-96.09201,36.97236],[-96.09309,36.97266],[-96.09423,36.97206],[-96.09434,36.97083],[-96.09491,36.97039],[-96.09477,36.96877],[-96.08682,36.96943],[-96.08779,36.96771],[-96.09013,36.96806],[-96.09104,36.96863],[-96.09204,36.96756],[-96.0942,36.9666],[-96.09412,36.96525],[-96.09264,36.96408],[-96.09346,36.96351],[-96.09367,36.96275],[-96.09529,36.96481],[-96.0964,36.96541],[-96.09546,36.96575],[-96.09634,36.96664],[-96.09506,36.96721],[-96.09609,36.96763],[-96.09646,36.96854],[-96.09608,36.97129],[-96.09757,36.96989],[-96.09706,36.96721],[-96.09851,36.96614],[-96.09945,36.96456],[-96.10062,36.96399],[-96.10108,36.96301],[-96.10233,36.96408],[-96.10433,36.96426],[-96.1055,36.96571],[-96.10609,36.96429],[-96.10658,36.96424],[-96.10715,36.96628],[-96.10843,36.96555],[-96.11043,36.96788],[-96.10929,36.96401],[-96.10883,36.96369],[-96.10752,36.96433],[-96.10741,36.96353],[-96.11032,36.96228],[-96.11089,36.96161],[-96.11089,36.96106],[-96.11014,36.96074],[-96.1124,36.95587],[-96.11086,36.95383],[-96.1108,36.95239],[-96.11197,36.95127],[-96.11021,36.95079],[-96.10918,36.94773],[-96.10699,36.94503],[-96.10704,36.94331],[-96.10477,36.94237],[-96.10434,36.94125],[-96.10368,36.94086],[-96.10328,36.9386],[-96.10089,36.93871],[-96.09907,36.93958],[-96.09662,36.93743],[-96.09941,36.93606],[-96.10329,36.93642],[-96.10448,36.93539],[-96.10711,36.93457],[-96.10762,36.93505],[-96.10802,36.93697],[-96.10916,36.93704],[-96.11033,36.93581],[-96.11531,36.93462],[-96.11705,36.93212],[-96.11882,36.93103],[-96.11888,36.93018],[-96.1195,36.92968],[-96.1215,36.93052],[-96.12164,36.93176],[-96.12392,36.9335],[-96.1276,36.93471],[-96.12811,36.93576],[-96.12908,36.93569],[-96.13247,36.93265],[-96.13447,36.93302],[-96.13526,36.93501],[-96.13603,36.93453],[-96.13586,36.93251],[-96.13814,36.93007],[-96.13777,36.92862],[-96.13592,36.92746],[-96.13489,36.92528],[-96.13102,36.92146],[-96.12931,36.92128],[-96.12392,36.91769],[-96.12341,36.91641],[-96.1239,36.91625],[-96.13133,36.92082],[-96.13589,36.92439],[-96.13786,36.92654],[-96.13977,36.92753],[-96.14145,36.92725],[-96.14364,36.92851],[-96.14418,36.9284],[-96.14413,36.92801],[-96.1429,36.92723],[-96.14769,36.92691],[-96.14985,36.92551],[-96.14946,36.92515],[-96.14749,36.92526],[-96.149,36.92386],[-96.15091,36.92325],[-96.15353,36.9232],[-96.15493,36.92446],[-96.15541,36.92736],[-96.15464,36.92848],[-96.15288,36.9297],[-96.1545,36.92922],[-96.15536,36.9299],[-96.15541,36.931],[-96.15632,36.93011],[-96.15581,36.92876],[-96.15661,36.92835],[-96.1563,36.928],[-96.15661,36.92693],[-96.15575,36.92439],[-96.15584,36.92327],[-96.15501,36.92238],[-96.15726,36.92251],[-96.15912,36.92379],[-96.16014,36.92981],[-96.16148,36.93137],[-96.16345,36.93171],[-96.16522,36.93139],[-96.16733,36.92956],[-96.17337,36.93061],[-96.17542,36.93264],[-96.17648,36.93722],[-96.17699,36.93829],[-96.17779,36.93877],[-96.17628,36.93294],[-96.17488,36.93063],[-96.1677,36.92882],[-96.16838,36.92683],[-96.17177,36.92811],[-96.17174,36.92738],[-96.17354,36.92649],[-96.17379,36.92562],[-96.17254,36.9237],[-96.17274,36.9229],[-96.17322,36.92281],[-96.17456,36.92324],[-96.17493,36.92454],[-96.17673,36.92548],[-96.17707,36.92704],[-96.17775,36.92713],[-96.17784,36.92605],[-96.17818,36.92603],[-96.17892,36.92672],[-96.18029,36.92683],[-96.18023,36.92539],[-96.17872,36.92486],[-96.18109,36.9242],[-96.18459,36.92676],[-96.18394,36.92564],[-96.18436,36.92459],[-96.1832,36.92488],[-96.18043,36.92365],[-96.17661,36.92434],[-96.17658,36.9237],[-96.17804,36.92351],[-96.17758,36.92253],[-96.17778,36.92065],[-96.17889,36.92086],[-96.18072,36.92246],[-96.18171,36.92111],[-96.18137,36.91976],[-96.17672,36.91903],[-96.17627,36.92088],[-96.17527,36.92111],[-96.17456,36.92214],[-96.17356,36.92166],[-96.17436,36.92001],[-96.17433,36.91946],[-96.1737,36.91937],[-96.17171,36.92354],[-96.17165,36.92475],[-96.17262,36.92564],[-96.17254,36.92608],[-96.17032,36.9269],[-96.16969,36.9264],[-96.17012,36.92557],[-96.16977,36.92393],[-96.169,36.92402],[-96.16909,36.92475],[-96.16767,36.92624],[-96.16641,36.9296],[-96.16507,36.93056],[-96.16299,36.93091],[-96.16174,36.93024],[-96.16094,36.9291],[-96.16054,36.92729],[-96.16114,36.92661],[-96.16239,36.92729],[-96.16351,36.92629],[-96.1608,36.92592],[-96.16037,36.92437],[-96.159,36.92247],[-96.15766,36.9218],[-96.15131,36.9221],[-96.15139,36.92068],[-96.15256,36.91947],[-96.15461,36.91995],[-96.15649,36.91892],[-96.15931,36.91869],[-96.15889,36.91796],[-96.15783,36.91753],[-96.15661,36.91739],[-96.15515,36.91851],[-96.15424,36.91812],[-96.15384,36.9186],[-96.15216,36.91718],[-96.15171,36.91725],[-96.15211,36.91915],[-96.15079,36.92062],[-96.15079,36.92238],[-96.14814,36.92345],[-96.14532,36.92631],[-96.14119,36.92654],[-96.13885,36.92592],[-96.13361,36.92185],[-96.13361,36.92142],[-96.13412,36.92135],[-96.13868,36.92412],[-96.13999,36.92428],[-96.14039,36.92405],[-96.14051,36.92279],[-96.13831,36.92016],[-96.13301,36.91913],[-96.13136,36.91812],[-96.13139,36.91709],[-96.13321,36.91558],[-96.13085,36.9162],[-96.13133,36.91492],[-96.1323,36.91533],[-96.1339,36.91442],[-96.1341,36.91126],[-96.13495,36.91284],[-96.13564,36.91234],[-96.13615,36.91378],[-96.13529,36.91385],[-96.13458,36.91462],[-96.13495,36.91577],[-96.13236,36.91687],[-96.13196,36.91806],[-96.13261,36.91842],[-96.13444,36.91808],[-96.13618,36.91874],[-96.1374,36.91799],[-96.14031,36.91902],[-96.14196,36.91883],[-96.14413,36.9178],[-96.14578,36.91327],[-96.14869,36.91563],[-96.15105,36.91382],[-96.15219,36.91444],[-96.15339,36.91689],[-96.15453,36.91725],[-96.15532,36.91695],[-96.15803,36.91332],[-96.15755,36.91236],[-96.15595,36.91176],[-96.15547,36.91107],[-96.15669,36.91],[-96.1566,36.90892],[-96.15544,36.9081],[-96.15301,36.90799],[-96.15233,36.90755],[-96.15193,36.90515],[-96.15099,36.90348],[-96.15202,36.90295],[-96.1523,36.90357],[-96.15452,36.90442],[-96.1586,36.90444],[-96.15971,36.90414],[-96.16045,36.9024]],[[-96.15772,36.91686],[-96.15738,36.91704],[-96.15906,36.91734],[-96.15772,36.91686]],[[-96.18131,36.91157],[-96.17997,36.91345],[-96.18066,36.91658],[-96.179,36.91738],[-96.17624,36.91779],[-96.17627,36.91843],[-96.18051,36.91907],[-96.18017,36.91852],[-96.1792,36.91839],[-96.18117,36.91717],[-96.18162,36.91624],[-96.18188,36.9147],[-96.18088,36.91505],[-96.18077,36.91436],[-96.18151,36.91331],[-96.18131,36.91157]],[[-96.19017,36.95499],[-96.18951,36.95572],[-96.18926,36.9575],[-96.18954,36.95817],[-96.19069,36.95865],[-96.19037,36.95663],[-96.19071,36.95556],[-96.19017,36.95499]],[[-96.18887,36.96613],[-96.19038,36.96743],[-96.19092,36.96732],[-96.18887,36.96613]],[[-96.19297,36.96638],[-96.19243,36.96663],[-96.19272,36.9672],[-96.19388,36.96725],[-96.19297,36.96638]],[[-96.21049,36.97559],[-96.21,36.97577],[-96.21035,36.97699],[-96.21114,36.97735],[-96.21146,36.97632],[-96.21049,36.97559]],[[-96.21505,36.97785],[-96.21283,36.97863],[-96.21354,36.98005],[-96.21197,36.98083],[-96.21132,36.98174],[-96.21178,36.98227],[-96.2225,36.98306],[-96.22595,36.98482],[-96.22695,36.98693],[-96.22681,36.98848],[-96.22926,36.98747],[-96.22809,36.98512],[-96.22849,36.98402],[-96.22755,36.98317],[-96.22589,36.98361],[-96.22438,36.9829],[-96.22398,36.98189],[-96.21757,36.98194],[-96.21568,36.97968],[-96.21545,36.97794],[-96.21505,36.97785]],[[-96.20892,36.97838],[-96.20707,36.979],[-96.2069,36.97994],[-96.20832,36.98108],[-96.21018,36.9814],[-96.2104,36.97868],[-96.20892,36.97838]],[[-96.22544,36.98137],[-96.22501,36.98185],[-96.22552,36.98276],[-96.22798,36.98239],[-96.22763,36.98189],[-96.22544,36.98137]],[[-96.23157,36.98518],[-96.22972,36.98553],[-96.23086,36.98653],[-96.23177,36.98653],[-96.23132,36.98763],[-96.23038,36.98797],[-96.23015,36.98859],[-96.23123,36.9896],[-96.23018,36.98944],[-96.23038,36.99038],[-96.23218,36.99033],[-96.23155,36.98804],[-96.23263,36.98607],[-96.23157,36.98518]],[[-96.27993,36.9925],[-96.28016,36.99316],[-96.28198,36.993],[-96.27993,36.9925]]]},"properties":{"region":"osage","name":null,"sqkm":32.49}},{"type":"Feature","geometry":{"type":"Polygon","coordinates":[[[-97.27521,35.90884],[-97.27702,35.90905],[-97.27682,35.91033],[-97.27783,35.91081],[-97.27639,35.91157],[-97.27619,35.9125],[-97.27695,35.91621],[-97.27827,35.91786],[-97.27799,35.91885],[-97.27835,35.92073],[-97.27948,35.92141],[-97.28339,35.91917],[-97.28409,35.91993],[-97.2828,35.92098],[-97.2828,35.92194],[-97.2817,35.92238],[-97.28074,35.9235],[-97.2806,35.92608],[-97.27387,35.92562],[-97.27179,35.92388],[-97.27204,35.92267],[-97.2714,35.92193],[-97.26957,35.92106],[-97.26799,35.92106],[-97.26904,35.92028],[-97.27013,35.92021],[-97.27362,35.92113],[-97.27244,35.91864],[-97.27,35.91614],[-97.27087,35.91582],[-97.27276,35.91687],[-97.2734,35.91676],[-97.27372,35.91218],[-97.27558,35.91063],[-97.27417,35.90994],[-97.27521,35.90884]]]},"properties":{"region":"stillwater","name":null,"sqkm":0.98}},{"type":"Feature","geometry":{"type":"Polygon","coordinates":[[[-97.34508,36.26024],[-97.34389,36.25914],[-97.34296,36.25901],[-97.34296,36.25816],[-97.34135,36.25722],[-97.34033,36.2556],[-97.34031,36.25443],[-97.3396,36.25406],[-97.3398,36.25324],[-97.33901,36.25344],[-97.33799,36.25463],[-97.33657,36.25385],[-97.33595,36.25049],[-97.3365,36.25003],[-97.3369,36.24822],[-97.33863,36.24811],[-97.33843,36.24719],[-97.33693,36.24722],[-97.33688,36.24053],[-97.33758,36.24117],[-97.33888,36.24117],[-97.34033,36.23948],[-97.34044,36.24069],[-97.34092,36.24074],[-97.34245,36.23975],[-97.34296,36.23792],[-97.34349,36.23806],[-97.3438,36.23907],[-97.34462,36.23866],[-97.34567,36.23664],[-97.35132,36.23696],[-97.35299,36.23749],[-97.35398,36.23735],[-97.35415,36.23626],[-97.35505,36.2361],[-97.35463,36.23765],[-97.35545,36.23797],[-97.35652,36.23651],[-97.35587,36.23545],[-97.35737,36.23284],[-97.35819,36.2323],[-97.35669,36.23575],[-97.35762,36.23555],[-97.35839,36.23594],[-97.3594,36.23486],[-97.35991,36.23509],[-97.35909,36.23607],[-97.36025,36.23797],[-97.35813,36.2366],[-97.35683,36.2371],[-97.35757,36.23793],[-97.35666,36.23832],[-97.3572,36.23921],[-97.35697,36.23994],[-97.35587,36.23891],[-97.35417,36.23907],[-97.35335,36.2398],[-97.34909,36.23962],[-97.34821,36.24024],[-97.3473,36.2425],[-97.34451,36.24291],[-97.34411,36.24392],[-97.34321,36.24326],[-97.34131,36.24456],[-97.34106,36.24802],[-97.34555,36.24825],[-97.3458,36.24887],[-97.34657,36.24887],[-97.34937,36.24756],[-97.34767,36.24944],[-97.34775,36.25004],[-97.34896,36.2512],[-97.34963,36.25313],[-97.35028,36.25331],[-97.35011,36.25393],[-97.35091,36.25409],[-97.35091,36.25445],[-97.35028,36.25491],[-97.34754,36.25274],[-97.34596,36.25209],[-97.34505,36.25228],[-97.34486,36.25512],[-97.3435,36.25546],[-97.34483,36.25681],[-97.34604,36.25999],[-97.34508,36.26024]]]},"properties":{"region":"stillwater","name":"Lake Perry","sqkm":1.8}},{"type":"Feature","geometry":{"type":"Polygon","coordinates":[[[-96.87478,36.00006],[-96.88013,36.00006],[-96.87923,36.00095],[-96.87923,36.00175],[-96.88123,36.00138],[-96.88396,36.00278],[-96.88616,36.0031],[-96.88238,36.00413],[-96.88182,36.00571],[-96.88205,36.00678],[-96.88061,36.00726],[-96.88216,36.00802],[-96.88145,36.009],[-96.88151,36.00973],[-96.88013,36.00996],[-96.87745,36.01273],[-96.8759,36.01335],[-96.87531,36.01319],[-96.87238,36.00971],[-96.873,36.00951],[-96.87337,36.00852],[-96.87483,36.00891],[-96.87557,36.00861],[-96.87644,36.00651],[-96.87644,36.00493],[-96.87422,36.00314],[-96.87478,36.00006]]]},"properties":{"region":"stillwater","name":"Cushing Lake","sqkm":0.82}},{"type":"Feature","geometry":{"type":"Polygon","coordinates":[[[-96.87478,36.00006],[-96.87557,35.99817],[-96.87433,35.99711],[-96.87495,35.99611],[-96.87419,35.99498],[-96.87205,35.9937],[-96.87084,35.99402],[-96.87079,35.99253],[-96.87022,35.99166],[-96.8689,35.99089],[-96.86631,35.99038],[-96.8647,35.98805],[-96.86332,35.98866],[-96.86285,35.98745],[-96.86124,35.98635],[-96.86549,35.98617],[-96.86623,35.98578],[-96.86608,35.98452],[-96.86761,35.98427],[-96.86777,35.9834],[-96.86668,35.98205],[-96.86656,35.98049],[-96.86718,35.98075],[-96.86831,35.98349],[-96.86744,35.98551],[-96.86763,35.98734],[-96.86955,35.98818],[-96.87245,35.98789],[-96.87301,35.98876],[-96.87321,35.99063],[-96.87391,35.99146],[-96.87729,35.99205],[-96.87822,35.99118],[-96.87859,35.98935],[-96.88045,35.98793],[-96.88045,35.98651],[-96.88163,35.98688],[-96.88141,35.98857],[-96.88233,35.98951],[-96.88104,35.98908],[-96.88017,35.98951],[-96.87943,35.99185],[-96.87791,35.9932],[-96.8789,35.99482],[-96.87909,35.99654],[-96.88089,35.99844],[-96.88084,35.99899],[-96.88013,36.00006],[-96.87478,36.00006]]]},"properties":{"region":"stillwater","name":null,"sqkm":0.96}},{"type":"Feature","geometry":{"type":"Polygon","coordinates":[[[-97.69029,35.85218],[-97.69339,35.85291],[-97.69603,35.85416],[-97.69769,35.85602],[-97.70017,35.85741],[-97.70158,35.86005],[-97.70155,35.86046],[-97.70065,35.86078],[-97.70029,35.86192],[-97.69953,35.86224],[-97.69998,35.86385],[-97.69917,35.86573],[-97.69863,35.86586],[-97.697,35.87026],[-97.69712,35.87166],[-97.69633,35.87319],[-97.69583,35.87708],[-97.69639,35.87997],[-97.69941,35.8848],[-97.70129,35.88681],[-97.70332,35.88798],[-97.70495,35.88761],[-97.70464,35.88686],[-97.71142,35.88472],[-97.71387,35.88495],[-97.71649,35.88694],[-97.7172,35.88934],[-97.717,35.89138],[-97.71616,35.89315],[-97.71475,35.89461],[-97.71467,35.89585],[-97.71357,35.89754],[-97.71296,35.90208],[-97.71457,35.90714],[-97.71764,35.91025],[-97.72001,35.9116],[-97.72184,35.91166],[-97.72414,35.90885],[-97.72667,35.90722],[-97.72873,35.90731],[-97.72926,35.90671],[-97.7307,35.9071],[-97.73295,35.91131],[-97.7367,35.91674],[-97.73924,35.91799],[-97.74059,35.91959],[-97.7458,35.91799],[-97.74898,35.91872],[-97.75212,35.91697],[-97.75421,35.91638],[-97.75637,35.91654],[-97.75719,35.91594],[-97.76153,35.91551],[-97.76372,35.91625],[-97.76831,35.91616],[-97.77453,35.91481],[-97.77802,35.91459],[-97.78117,35.91491],[-97.78438,35.91611],[-97.78832,35.91925],[-97.78829,35.92046],[-97.78888,35.92089],[-97.78845,35.92334],[-97.78792,35.92444],[-97.78595,35.92588],[-97.78251,35.9268],[-97.77961,35.92547],[-97.77345,35.92484],[-97.77117,35.9253],[-97.76931,35.92637],[-97.76818,35.92868],[-97.76817,35.93173],[-97.76902,35.93384],[-97.77188,35.93645],[-97.77445,35.93641],[-97.78734,35.93953],[-97.78889,35.94047],[-97.79181,35.94063],[-97.79317,35.94025],[-97.79365,35.93894],[-97.79711,35.93608],[-97.80137,35.93421],[-97.80424,35.93318],[-97.80902,35.93314],[-97.8106,35.93334],[-97.81201,35.93449],[-97.81547,35.93568],[-97.81584,35.93648],[-97.81921,35.93777],[-97.82293,35.93765],[-97.82403,35.93745],[-97.82541,35.93635],[-97.82853,35.93598],[-97.82977,35.93408],[-97.83225,35.93289],[-97.83315,35.93152],[-97.83456,35.93086],[-97.83681,35.93065],[-97.83772,35.92905],[-97.83865,35.9285],[-97.84267,35.92804],[-97.84583,35.92676],[-97.84645,35.92669],[-97.84628,35.92756],[-97.84659,35.92754],[-97.84797,35.9266],[-97.85129,35.9256],[-97.85036,35.92528],[-97.85047,35.92491],[-97.85675,35.92438],[-97.85841,35.92505],[-97.86168,35.92427],[-97.86705,35.92425],[-97.8722,35.92585],[-97.87809,35.93043],[-97.87964,35.93116],[-97.88451,35.93219],[-97.88896,35.93208],[-97.89053,35.93254],[-97.89172,35.93368],[-97.89419,35.93391],[-97.89735,35.93512],[-97.89943,35.93673],[-97.90537,35.94462],[-97.91526,35.95197],[-97.91552,35.95342],[-97.91611,35.95401],[-97.91619,35.9557],[-97.92149,35.95921],[-97.926,35.95882],[-97.92912,35.95971],[-97.93451,35.96497],[-97.94192,35.96907],[-97.9429,35.97028],[-97.94544,35.97074],[-97.95443,35.97467],[-97.96116,35.97698],[-97.9664,35.97688],[-97.9677,35.97741],[-97.97021,35.97736],[-97.97418,35.97688],[-97.97632,35.97598],[-97.98077,35.97586],[-97.98457,35.97687],[-97.98635,35.97826],[-97.98632,35.97879],[-97.98534,35.97987],[-97.98526,35.98213],[-97.98427,35.98323],[-97.9829,35.98621],[-97.98321,35.9874],[-97.98234,35.99118],[-97.98358,35.99537],[-97.98651,35.99846],[-97.98995,35.99962],[-97.99046,36.00028],[-97.99759,35.99639],[-98.00352,35.99613],[-98.00569,35.9965],[-98.00774,35.99856],[-98.01064,35.99934],[-98.01276,36.00234],[-98.00964,36.00004],[-98.01033,36.00004],[-98.00802,35.9998],[-98.00487,35.99749],[-98.00191,35.99668],[-97.9986,35.9968],[-97.99536,35.99815],[-97.9915,36.00074],[-97.99018,36.00081],[-97.98925,35.99997],[-97.98634,35.99894],[-97.98335,35.99606],[-97.9818,35.99109],[-97.98219,35.98626],[-97.98522,35.97881],[-97.98362,35.97694],[-97.98136,35.97639],[-97.97832,35.97648],[-97.97401,35.97763],[-97.96717,35.97819],[-97.96305,35.9773],[-97.96156,35.97766],[-97.95902,35.97719],[-97.95702,35.97618],[-97.95536,35.97613],[-97.95558,35.97558],[-97.9522,35.97449],[-97.94803,35.97236],[-97.9433,35.97131],[-97.94009,35.97003],[-97.93346,35.96445],[-97.93287,35.96461],[-97.93157,35.96268],[-97.92842,35.96017],[-97.92631,35.95939],[-97.92507,35.9598],[-97.92031,35.95937],[-97.9189,35.95868],[-97.91693,35.95664],[-97.91552,35.95635],[-97.9154,35.95445],[-97.91478,35.95396],[-97.91456,35.95225],[-97.91033,35.94968],[-97.90729,35.94639],[-97.90391,35.94412],[-97.89895,35.93766],[-97.89687,35.93698],[-97.89467,35.93519],[-97.89233,35.93469],[-97.88921,35.933],[-97.88287,35.9327],[-97.87978,35.93192],[-97.87601,35.92951],[-97.87192,35.92791],[-97.87097,35.92615],[-97.86702,35.92489],[-97.86534,35.92544],[-97.86272,35.92505],[-97.85833,35.92557],[-97.85644,35.92486],[-97.84611,35.92825],[-97.83879,35.92926],[-97.83755,35.93116],[-97.83436,35.93161],[-97.83034,35.93596],[-97.82608,35.93759],[-97.82237,35.93827],[-97.81769,35.93781],[-97.8142,35.93586],[-97.81204,35.93536],[-97.81043,35.93382],[-97.80683,35.93345],[-97.80458,35.93359],[-97.80151,35.93547],[-97.79734,35.93672],[-97.79638,35.93798],[-97.79452,35.93876],[-97.79367,35.94048],[-97.79128,35.94118],[-97.77999,35.939],[-97.77664,35.93765],[-97.77211,35.93695],[-97.76927,35.93501],[-97.76755,35.93216],[-97.76736,35.92969],[-97.7686,35.9263],[-97.77142,35.9247],[-97.77466,35.92425],[-97.77897,35.92469],[-97.78234,35.926],[-97.78538,35.92552],[-97.78722,35.92421],[-97.78764,35.92339],[-97.7882,35.9214],[-97.7877,35.91943],[-97.7832,35.91615],[-97.77681,35.91521],[-97.77121,35.91657],[-97.76437,35.91691],[-97.76127,35.91629],[-97.76023,35.91716],[-97.75902,35.91743],[-97.75415,35.91699],[-97.75145,35.91784],[-97.74946,35.91922],[-97.74608,35.91865],[-97.74144,35.92005],[-97.7402,35.92003],[-97.73916,35.9193],[-97.73901,35.9185],[-97.73651,35.91751],[-97.73002,35.90772],[-97.7265,35.90797],[-97.72198,35.91221],[-97.72029,35.91222],[-97.71739,35.91075],[-97.71389,35.90723],[-97.71237,35.90288],[-97.71276,35.89583],[-97.71379,35.89184],[-97.71413,35.88822],[-97.71306,35.88587],[-97.71083,35.88541],[-97.7076,35.88672],[-97.70476,35.88857],[-97.70262,35.88853],[-97.69893,35.8853],[-97.69577,35.88054],[-97.69526,35.87546],[-97.69622,35.87072],[-97.69891,35.86392],[-97.69897,35.8622],[-97.70071,35.85975],[-97.69702,35.85664],[-97.69606,35.85487],[-97.69542,35.8552],[-97.69224,35.85437],[-97.69086,35.85293],[-97.68557,35.85277],[-97.6816,35.85399],[-97.67933,35.85589],[-97.67773,35.85738],[-97.67756,35.85852],[-97.67491,35.861],[-97.67455,35.86223],[-97.67399,35.86246],[-97.6721,35.8654],[-97.67008,35.86698],[-97.66668,35.86666],[-97.66178,35.86448],[-97.65534,35.85885],[-97.65297,35.85837],[-97.65005,35.85878],[-97.64774,35.86018],[-97.64676,35.86437],[-97.64606,35.8652],[-97.64032,35.86792],[-97.6395,35.86879],[-97.63638,35.86966],[-97.63509,35.8709],[-97.63371,35.87284],[-97.63196,35.87699],[-97.63106,35.87768],[-97.62532,35.87861],[-97.6184,35.87779],[-97.61416,35.87889],[-97.61534,35.88367],[-97.61441,35.88544],[-97.61193,35.88578],[-97.6065,35.88466],[-97.60481,35.88283],[-97.60296,35.88202],[-97.60186,35.88097],[-97.59933,35.88017],[-97.59519,35.88106],[-97.59435,35.88273],[-97.59502,35.88548],[-97.59409,35.88699],[-97.58593,35.88935],[-97.58126,35.89019],[-97.57856,35.8903],[-97.5762,35.89007],[-97.57521,35.88948],[-97.57124,35.88968],[-97.56773,35.88913],[-97.56764,35.88952],[-97.56348,35.89092],[-97.55396,35.89547],[-97.54976,35.9019],[-97.54664,35.9032],[-97.54138,35.90299],[-97.53454,35.90177],[-97.52826,35.90135],[-97.52508,35.90332],[-97.5217,35.90655],[-97.51885,35.90847],[-97.51477,35.90816],[-97.51137,35.90741],[-97.50572,35.90461],[-97.50195,35.90087],[-97.49978,35.89767],[-97.49775,35.89671],[-97.4944,35.89667],[-97.48906,35.90194],[-97.48628,35.90261],[-97.4816,35.90028],[-97.47839,35.89646],[-97.47648,35.89586],[-97.47588,35.89449],[-97.47493,35.89385],[-97.46089,35.89794],[-97.45619,35.9],[-97.45183,35.90296],[-97.44736,35.90506],[-97.44246,35.90582],[-97.43782,35.90548],[-97.43472,35.90727],[-97.43343,35.90938],[-97.43233,35.91022],[-97.43259,35.91091],[-97.42997,35.91453],[-97.43017,35.91597],[-97.42626,35.92003],[-97.41709,35.92582],[-97.41562,35.92546],[-97.41171,35.92761],[-97.41101,35.92992],[-97.40749,35.9318],[-97.40586,35.93583],[-97.40597,35.93789],[-97.4073,35.94068],[-97.40713,35.9419],[-97.40868,35.9448],[-97.40989,35.94576],[-97.41155,35.94581],[-97.41533,35.95112],[-97.41671,35.95467],[-97.41893,35.95611],[-97.42065,35.9587],[-97.42133,35.96222],[-97.4211,35.96641],[-97.42006,35.96879],[-97.4199,35.97193],[-97.419,35.97376],[-97.41694,35.97489],[-97.41401,35.97493],[-97.41255,35.97548],[-97.40697,35.97956],[-97.40292,35.98002],[-97.40162,35.98219],[-97.40072,35.98604],[-97.39973,35.98714],[-97.39821,35.98766],[-97.40103,35.98764],[-97.39971,35.9884],[-97.39497,35.98778],[-97.39325,35.98714],[-97.38925,35.98407],[-97.38452,35.98199],[-97.38024,35.98174],[-97.37782,35.98265],[-97.3752,35.98574],[-97.37401,35.98996],[-97.36804,35.9916],[-97.36455,35.99195],[-97.36089,35.99089],[-97.3588,35.98904],[-97.35677,35.98482],[-97.35508,35.98457],[-97.34776,35.98819],[-97.34435,35.99132],[-97.33696,35.99565],[-97.33462,35.99956],[-97.33329,36.00319],[-97.33049,36.00772],[-97.32804,36.00976],[-97.3217,36.01042],[-97.3173,36.01186],[-97.3133,36.01188],[-97.30972,36.01179],[-97.30386,36.01082],[-97.29826,36.00906],[-97.29207,36.00328],[-97.28889,35.99935],[-97.28631,35.99505],[-97.28468,35.99104],[-97.2839,35.9855],[-97.28427,35.98012],[-97.28529,35.97842],[-97.28456,35.9757],[-97.27932,35.97391],[-97.27248,35.97322],[-97.25212,35.97361],[-97.24779,35.97275],[-97.24587,35.97305],[-97.23815,35.97125],[-97.22925,35.96771],[-97.22646,35.96757],[-97.22567,35.96631],[-97.22195,35.96551],[-97.22009,35.96407],[-97.21738,35.96124],[-97.21688,35.95975],[-97.21428,35.95764],[-97.21079,35.95378],[-97.20862,35.95069],[-97.20757,35.94774],[-97.20478,35.94561],[-97.19701,35.94364],[-97.1949,35.94232],[-97.19307,35.94243],[-97.18842,35.94136],[-97.17846,35.9415],[-97.17547,35.94095],[-97.17238,35.94144],[-97.16616,35.94341],[-97.16058,35.94458],[-97.15467,35.94769],[-97.15287,35.94808],[-97.15045,35.95005],[-97.14879,35.95064],[-97.14814,35.95147],[-97.14603,35.95211],[-97.14507,35.95332],[-97.14313,35.95438],[-97.14119,35.95763],[-97.14119,35.95877],[-97.14023,35.96044],[-97.1402,35.96221],[-97.13837,35.9647],[-97.13524,35.96729],[-97.13198,35.96882],[-97.13018,35.96905],[-97.12725,35.96884],[-97.12221,35.96678],[-97.12105,35.96578],[-97.11714,35.96397],[-97.11311,35.96321],[-97.11066,35.96179],[-97.10818,35.95877],[-97.10579,35.95735],[-97.10027,35.95701],[-97.09504,35.95801],[-97.08799,35.96165],[-97.08503,35.96529],[-97.0843,35.96815],[-97.08264,35.96961],[-97.07971,35.97032],[-97.07667,35.97007],[-97.07228,35.96826],[-97.06763,35.968],[-97.06591,35.96679],[-97.06538,35.96342],[-97.06775,35.95928],[-97.06761,35.95688],[-97.06226,35.95395],[-97.05875,35.95332],[-97.05486,35.95364],[-97.04827,35.95552],[-97.03872,35.96112],[-97.03644,35.96116],[-97.03202,35.95846],[-97.02605,35.95847],[-97.01752,35.96121],[-97.01134,35.96455],[-97.00641,35.96528],[-97.00239,35.96513],[-96.99953,35.96396],[-96.99595,35.96355],[-96.99254,35.96387],[-96.98928,35.96509],[-96.98351,35.9642],[-96.9748,35.9616],[-96.97027,35.96517],[-96.96709,35.96881],[-96.96645,35.97021],[-96.96434,35.97197],[-96.95865,35.97159],[-96.95442,35.96992],[-96.9513,35.96798],[-96.94944,35.96562],[-96.94684,35.96404],[-96.93862,35.96448],[-96.93434,35.96602],[-96.92241,35.97383],[-96.92123,35.97399],[-96.92401,35.97188],[-96.92162,35.97293],[-96.91804,35.97593],[-96.91537,35.98067],[-96.91394,35.98667],[-96.91289,35.98804],[-96.91205,35.99045],[-96.91168,35.99347],[-96.91236,35.9953],[-96.91242,35.99869],[-96.91374,36.00284],[-96.91352,36.00444],[-96.91431,36.00577],[-96.91422,36.00719],[-96.91338,36.00865],[-96.91541,36.01362],[-96.91718,36.01598],[-96.91735,36.01932],[-96.9162,36.02184],[-96.91634,36.02268],[-96.91448,36.02532],[-96.90902,36.0279],[-96.90214,36.02987],[-96.88954,36.03203],[-96.88196,36.03214],[-96.87424,36.0315],[-96.86641,36.02915],[-96.86108,36.02683],[-96.86027,36.02541],[-96.85967,36.02519],[-96.85452,36.02484],[-96.84871,36.02516],[-96.8408,36.0231],[-96.83598,36.02053],[-96.83246,36.01779],[-96.83105,36.01593],[-96.83018,36.01371],[-96.82742,36.01016],[-96.82514,36.00993],[-96.82288,36.00886],[-96.81939,36.00874],[-96.81347,36.01167],[-96.81167,36.01359],[-96.81082,36.0156],[-96.81093,36.02171],[-96.81227,36.02989],[-96.81348,36.03321],[-96.81269,36.03478],[-96.8159,36.03989],[-96.81821,36.04262],[-96.82004,36.04323],[-96.82399,36.04633],[-96.83495,36.05082],[-96.83873,36.05114],[-96.84681,36.05476],[-96.84616,36.06011],[-96.84546,36.06206],[-96.83796,36.06572],[-96.83378,36.06656],[-96.82775,36.06478],[-96.8235,36.0618],[-96.82158,36.0599],[-96.81921,36.05859],[-96.8175,36.05644],[-96.81578,36.05568],[-96.81429,36.05376],[-96.8084,36.05195],[-96.80468,36.0519],[-96.79264,36.05391],[-96.78618,36.05443],[-96.78277,36.05402],[-96.78085,36.05461],[-96.76566,36.05343],[-96.76428,36.05279],[-96.76048,36.05255],[-96.756,36.05141],[-96.75244,36.05211],[-96.74938,36.05174],[-96.74372,36.05238],[-96.74217,36.05309],[-96.74115,36.05428],[-96.74107,36.05696],[-96.74306,36.06364],[-96.74608,36.06964],[-96.7469,36.07222],[-96.74637,36.07488],[-96.74387,36.07861],[-96.73995,36.08232],[-96.73883,36.08269],[-96.73559,36.08556],[-96.73497,36.08734],[-96.73317,36.0889],[-96.72965,36.09085],[-96.72784,36.09117],[-96.72827,36.0922],[-96.72313,36.09298],[-96.72192,36.09378],[-96.71639,36.09411],[-96.71104,36.09336],[-96.70838,36.09256],[-96.7079,36.09075],[-96.70652,36.08963],[-96.69907,36.08622],[-96.69837,36.08529],[-96.6978,36.08071],[-96.69667,36.07762],[-96.69475,36.07684],[-96.69494,36.07085],[-96.69592,36.06691],[-96.69699,36.0656],[-96.69733,36.0635],[-96.69679,36.0605],[-96.69716,36.05729],[-96.69394,36.05137],[-96.69318,36.04922],[-96.69343,36.04745],[-96.69207,36.04636],[-96.69182,36.0456],[-96.69179,36.04384],[-96.69351,36.04148],[-96.693,36.04018],[-96.69421,36.03521],[-96.69091,36.03212],[-96.68521,36.02903],[-96.68087,36.02789],[-96.67222,36.02355],[-96.66726,36.01954],[-96.66669,36.01806],[-96.65982,36.01801],[-96.65661,36.01923],[-96.65528,36.02037],[-96.6521,36.02175],[-96.64889,36.02584],[-96.6454,36.03351],[-96.64416,36.03477],[-96.64362,36.03759],[-96.64252,36.03971],[-96.64216,36.04461],[-96.64255,36.04827],[-96.64002,36.05278],[-96.63867,36.05388],[-96.63478,36.05402],[-96.63218,36.05324],[-96.62505,36.04926],[-96.62364,36.04747],[-96.62206,36.04709],[-96.61648,36.04033],[-96.61474,36.03688],[-96.61465,36.03388],[-96.61426,36.03333],[-96.61096,36.03099],[-96.60795,36.0301],[-96.60634,36.03079],[-96.60513,36.03276],[-96.59549,36.04083],[-96.59236,36.04443],[-96.59115,36.04731],[-96.59081,36.05328],[-96.59182,36.0566],[-96.59379,36.05935],[-96.60422,36.06787],[-96.61301,36.0718],[-96.6162,36.07405],[-96.61609,36.07572],[-96.61439,36.08066],[-96.61355,36.08201],[-96.61087,36.08432],[-96.60949,36.08654],[-96.6096,36.08817],[-96.60757,36.09007],[-96.60162,36.09354],[-96.59744,36.09499],[-96.59448,36.09737],[-96.59242,36.09732],[-96.59064,36.09876],[-96.5883,36.09906],[-96.58427,36.09809],[-96.58032,36.09624],[-96.57356,36.09202],[-96.57113,36.09115],[-96.56544,36.08737],[-96.56296,36.0865],[-96.56071,36.08641],[-96.55173,36.0954],[-96.54233,36.10775],[-96.5371,36.11104],[-96.51934,36.11103],[-96.51714,36.11052],[-96.51541,36.11176],[-96.51058,36.12089],[-96.5095,36.12157],[-96.50721,36.12441],[-96.50716,36.12507],[-96.50837,36.12507],[-96.50704,36.12676],[-96.50504,36.12653],[-96.50772,36.12313],[-96.51027,36.11809],[-96.51581,36.11071],[-96.51745,36.10979],[-96.52027,36.11044],[-96.53437,36.11077],[-96.53696,36.11029],[-96.54165,36.10688],[-96.55221,36.09339],[-96.55774,36.08787],[-96.5613,36.08582],[-96.56558,36.08678],[-96.56989,36.08985],[-96.57353,36.0912],[-96.58114,36.09578],[-96.58588,36.098],[-96.58819,36.09851],[-96.59022,36.0983],[-96.59273,36.09675],[-96.59423,36.09684],[-96.59761,36.09425],[-96.60351,36.09213],[-96.6041,36.09123],[-96.6061,36.09046],[-96.60822,36.08876],[-96.60875,36.08657],[-96.61479,36.07702],[-96.61558,36.07441],[-96.61127,36.07169],[-96.60168,36.06693],[-96.59238,36.05878],[-96.59123,36.05646],[-96.59013,36.05168],[-96.59036,36.04816],[-96.5916,36.04463],[-96.59557,36.03985],[-96.59749,36.03873],[-96.59969,36.03546],[-96.60491,36.03161],[-96.60578,36.03044],[-96.60947,36.02969],[-96.61184,36.03061],[-96.61629,36.03482],[-96.61522,36.03555],[-96.61606,36.03711],[-96.6162,36.03866],[-96.61727,36.03955],[-96.61772,36.04104],[-96.62229,36.04667],[-96.62418,36.04727],[-96.62615,36.04951],[-96.62883,36.05059],[-96.63199,36.05272],[-96.63551,36.05342],[-96.63869,36.05301],[-96.64154,36.04875],[-96.64199,36.03944],[-96.64371,36.03429],[-96.64542,36.0317],[-96.647,36.02738],[-96.64987,36.02328],[-96.65283,36.02046],[-96.65607,36.01868],[-96.66078,36.01733],[-96.66348,36.01707],[-96.66768,36.01785],[-96.66838,36.01989],[-96.67281,36.02309],[-96.67602,36.02442],[-96.67597,36.0248],[-96.67988,36.02679],[-96.6831,36.0272],[-96.69088,36.03102],[-96.69547,36.0353],[-96.6957,36.03656],[-96.695,36.03697],[-96.69488,36.03805],[-96.69367,36.03951],[-96.69393,36.04153],[-96.69297,36.04343],[-96.69379,36.0448],[-96.69458,36.04853],[-96.6943,36.0502],[-96.69583,36.05155],[-96.69747,36.0567],[-96.69781,36.06292],[-96.69756,36.06585],[-96.69542,36.07112],[-96.69523,36.07414],[-96.69557,36.07458],[-96.6952,36.07565],[-96.69701,36.07698],[-96.69898,36.08039],[-96.69904,36.08533],[-96.70178,36.08728],[-96.70539,36.08826],[-96.70158,36.08419],[-96.70203,36.08387],[-96.70773,36.08933],[-96.70858,36.09132],[-96.70948,36.09221],[-96.7184,36.09262],[-96.72491,36.09225],[-96.73046,36.08963],[-96.74516,36.07589],[-96.74473,36.07088],[-96.74224,36.06557],[-96.74224,36.06486],[-96.74348,36.06566],[-96.74221,36.06374],[-96.7415,36.06067],[-96.74051,36.05944],[-96.74062,36.05554],[-96.74005,36.05307],[-96.7436,36.05165],[-96.74589,36.05165],[-96.74794,36.05036],[-96.7618,36.05132],[-96.76479,36.05222],[-96.77158,36.05314],[-96.78458,36.05365],[-96.787,36.05317],[-96.79501,36.05302],[-96.79971,36.05169],[-96.80699,36.05138],[-96.8104,36.05172],[-96.81276,36.05227],[-96.8171,36.05502],[-96.81984,36.05848],[-96.82172,36.05935],[-96.82516,36.06228],[-96.83097,36.0654],[-96.83477,36.06558],[-96.83799,36.06512],[-96.84464,36.06206],[-96.84554,36.06018],[-96.84512,36.05927],[-96.84608,36.05661],[-96.84509,36.05499],[-96.83881,36.05228],[-96.83424,36.05162],[-96.83391,36.05088],[-96.82486,36.04859],[-96.81706,36.04259],[-96.81264,36.03616],[-96.81148,36.03304],[-96.81031,36.02588],[-96.80918,36.02261],[-96.8102,36.01423],[-96.81322,36.01091],[-96.8186,36.0083],[-96.82083,36.00805],[-96.82869,36.00977],[-96.82959,36.01071],[-96.82976,36.01199],[-96.83128,36.01419],[-96.83142,36.01575],[-96.83198,36.01641],[-96.83347,36.01701],[-96.83682,36.02047],[-96.84046,36.02241],[-96.84573,36.02299],[-96.84863,36.0245],[-96.86004,36.0245],[-96.861,36.02493],[-96.86193,36.02674],[-96.86325,36.02695],[-96.8663,36.0286],[-96.86883,36.02823],[-96.8699,36.0296],[-96.87286,36.03068],[-96.87444,36.0304],[-96.87633,36.03121],[-96.87745,36.03098],[-96.87869,36.02974],[-96.88022,36.02947],[-96.88625,36.03052],[-96.89126,36.03084],[-96.90036,36.02926],[-96.90828,36.02717],[-96.9133,36.02534],[-96.91442,36.02401],[-96.91496,36.02069],[-96.91597,36.02074],[-96.91668,36.01845],[-96.91532,36.01463],[-96.91428,36.01355],[-96.91338,36.01032],[-96.91214,36.00897],[-96.91211,36.00833],[-96.91355,36.00602],[-96.9125,36.00332],[-96.91261,36.00073],[-96.91211,36.00007],[-96.91177,35.99516],[-96.91061,35.9934],[-96.9134,35.98411],[-96.91664,35.97701],[-96.91928,35.97413],[-96.92373,35.97117],[-96.92694,35.97003],[-96.92857,35.96842],[-96.93724,35.96432],[-96.93904,35.96389],[-96.94746,35.96358],[-96.94924,35.96427],[-96.95237,35.9672],[-96.95707,35.9704],[-96.96101,35.97163],[-96.96256,35.97152],[-96.96498,35.97051],[-96.97081,35.96359],[-96.97503,35.9607],[-96.98139,35.96301],[-96.9881,35.96426],[-96.99142,35.96325],[-96.99623,35.96291],[-97.00087,35.96346],[-97.00247,35.96452],[-97.00428,35.96408],[-97.00825,35.96418],[-97.01211,35.96345],[-97.01444,35.96183],[-97.02188,35.95888],[-97.02988,35.9574],[-97.03281,35.958],[-97.03571,35.9602],[-97.03869,35.96066],[-97.03937,35.95961],[-97.04185,35.95878],[-97.04303,35.95748],[-97.04833,35.95478],[-97.05452,35.95318],[-97.05861,35.95284],[-97.06398,35.9539],[-97.06815,35.95592],[-97.06888,35.95818],[-97.06656,35.96315],[-97.06721,35.96636],[-97.06904,35.96732],[-97.07315,35.96801],[-97.0763,35.96931],[-97.07963,35.96982],[-97.08233,35.96916],[-97.08315,35.96838],[-97.08382,35.96547],[-97.08549,35.96341],[-97.08808,35.96087],[-97.09247,35.9584],[-97.09816,35.95652],[-97.10534,35.95607],[-97.10599,35.95696],[-97.1088,35.95779],[-97.10973,35.9595],[-97.11061,35.95985],[-97.11041,35.96074],[-97.1128,35.96232],[-97.11821,35.96369],[-97.12699,35.96818],[-97.13147,35.96832],[-97.13488,35.96681],[-97.13862,35.96358],[-97.14014,35.95825],[-97.14242,35.95422],[-97.1525,35.94735],[-97.15577,35.94606],[-97.1567,35.94513],[-97.16128,35.94332],[-97.16506,35.94286],[-97.16759,35.94176],[-97.17409,35.94027],[-97.18189,35.94004],[-97.18983,35.94083],[-97.19952,35.94277],[-97.20597,35.94552],[-97.20881,35.94776],[-97.20887,35.94902],[-97.21008,35.9516],[-97.21755,35.95929],[-97.22139,35.96414],[-97.23004,35.96713],[-97.23198,35.96729],[-97.2348,35.96926],[-97.23604,35.96933],[-97.23914,35.97067],[-97.2415,35.97044],[-97.24342,35.97145],[-97.24592,35.97138],[-97.24981,35.97206],[-97.25708,35.97187],[-97.25896,35.97295],[-97.27107,35.97234],[-97.27688,35.97265],[-97.28493,35.97494],[-97.28594,35.97597],[-97.28585,35.97749],[-97.28633,35.97813],[-97.28526,35.98037],[-97.28523,35.98234],[-97.28444,35.98302],[-97.28556,35.98731],[-97.2857,35.99108],[-97.28777,35.9961],[-97.29058,35.9983],[-97.29238,36.00141],[-97.29218,36.00221],[-97.29502,36.00521],[-97.29891,36.00803],[-97.30877,36.01092],[-97.31578,36.01106],[-97.32184,36.00948],[-97.32742,36.00912],[-97.33038,36.00605],[-97.33519,35.99686],[-97.33682,35.99482],[-97.34567,35.98851],[-97.3552,35.98411],[-97.35624,35.98389],[-97.35723,35.98437],[-97.35942,35.98865],[-97.36074,35.98995],[-97.36536,35.99057],[-97.36984,35.99002],[-97.37351,35.98757],[-97.37638,35.98302],[-97.38035,35.98119],[-97.38686,35.98171],[-97.38999,35.98309],[-97.39258,35.98597],[-97.39765,35.98723],[-97.39847,35.98691],[-97.40027,35.98407],[-97.40061,35.98135],[-97.4023,35.97928],[-97.40539,35.97878],[-97.4097,35.97557],[-97.41257,35.97436],[-97.41773,35.97369],[-97.41863,35.97221],[-97.41871,35.96813],[-97.41888,35.96776],[-97.41992,35.96786],[-97.42046,35.96602],[-97.41992,35.96289],[-97.42037,35.96199],[-97.42026,35.95982],[-97.41907,35.95726],[-97.41758,35.95671],[-97.41668,35.95575],[-97.4131,35.95009],[-97.41321,35.94902],[-97.4113,35.94705],[-97.40927,35.94666],[-97.40702,35.94364],[-97.40479,35.93517],[-97.4058,35.93407],[-97.40583,35.9324],[-97.40735,35.93033],[-97.40935,35.92976],[-97.41039,35.92765],[-97.41306,35.92628],[-97.41399,35.92491],[-97.41745,35.92424],[-97.42241,35.92126],[-97.42539,35.92003],[-97.42649,35.91829],[-97.42826,35.91709],[-97.42843,35.91595],[-97.43411,35.90729],[-97.4361,35.90553],[-97.44004,35.90358],[-97.44226,35.90328],[-97.44657,35.90424],[-97.44843,35.90381],[-97.45447,35.90032],[-97.46153,35.89702],[-97.46888,35.8945],[-97.47537,35.89344],[-97.47633,35.89396],[-97.47704,35.89547],[-97.47921,35.89634],[-97.47994,35.8979],[-97.48185,35.89987],[-97.48456,35.90156],[-97.48616,35.90199],[-97.48791,35.90165],[-97.49395,35.89642],[-97.49617,35.89601],[-97.49938,35.89664],[-97.50075,35.89766],[-97.50569,35.90399],[-97.5116,35.90693],[-97.51559,35.9078],[-97.51824,35.90782],[-97.52007,35.90696],[-97.52449,35.9027],[-97.52604,35.90158],[-97.52869,35.90071],[-97.54678,35.9026],[-97.5485,35.9021],[-97.55013,35.89853],[-97.55377,35.89432],[-97.56747,35.88858],[-97.57102,35.88824],[-97.57358,35.88886],[-97.57879,35.88859],[-97.57864,35.88932],[-97.57966,35.88955],[-97.5807,35.88877],[-97.58129,35.88902],[-97.58545,35.88804],[-97.58633,35.88838],[-97.59319,35.88671],[-97.59429,35.88582],[-97.59367,35.88273],[-97.5941,35.88106],[-97.59576,35.88003],[-97.60014,35.87973],[-97.60231,35.88065],[-97.60341,35.88173],[-97.60481,35.88159],[-97.60754,35.88392],[-97.61221,35.88516],[-97.61376,35.88509],[-97.61452,35.88434],[-97.61345,35.88125],[-97.6134,35.87864],[-97.61373,35.87827],[-97.61829,35.87742],[-97.62319,35.87802],[-97.62893,35.87779],[-97.63146,35.87594],[-97.63239,35.87353],[-97.63613,35.86888],[-97.6388,35.86845],[-97.64578,35.86483],[-97.64712,35.85993],[-97.64873,35.85874],[-97.65089,35.85796],[-97.65458,35.85764],[-97.65663,35.85839],[-97.65756,35.86009],[-97.66206,35.86391],[-97.66693,35.8662],[-97.6696,35.8664],[-97.67143,35.86512],[-97.675,35.85958],[-97.68076,35.85362],[-97.68501,35.85218],[-97.69029,35.85218]],[[-97.69218,35.85311],[-97.69255,35.85398],[-97.69544,35.85449],[-97.69218,35.85311]],[[-97.71446,35.88614],[-97.715,35.88978],[-97.71385,35.89443],[-97.71588,35.89269],[-97.71666,35.89067],[-97.71641,35.88802],[-97.71446,35.88614]],[[-97.87243,35.92709],[-97.87204,35.92734],[-97.87243,35.92766],[-97.87423,35.92828],[-97.87353,35.92739],[-97.87243,35.92709]],[[-97.94025,35.96888],[-97.93972,35.96927],[-97.94127,35.97001],[-97.94107,35.96918],[-97.94025,35.96888]],[[-97.37266,35.98865],[-97.37089,35.99021],[-97.37337,35.98984],[-97.37356,35.98908],[-97.37266,35.98865]],[[-96.84539,36.02335],[-96.84429,36.02381],[-96.84637,36.02431],[-96.84539,36.02335]],[[-96.88008,36.03004],[-96.87886,36.03031],[-96.8792,36.03139],[-96.88467,36.03173],[-96.88594,36.03139],[-96.88484,36.03079],[-96.88343,36.03093],[-96.88008,36.03004]],[[-97.44266,35.90388],[-97.43965,35.90443],[-97.43909,35.90493],[-97.44424,35.90504],[-97.4439,35.90436],[-97.44266,35.90388]]]},"properties":{"region":"stillwater","name":null,"sqkm":19.2}},{"type":"Feature","geometry":{"type":"Polygon","coordinates":[[[-97.1808,36.10132],[-97.18199,36.10187],[-97.18283,36.10118],[-97.18269,36.10313],[-97.18323,36.10356],[-97.18382,36.10326],[-97.18442,36.10388],[-97.18583,36.10356],[-97.18822,36.1015],[-97.18853,36.10145],[-97.18867,36.10257],[-97.18949,36.1017],[-97.18943,36.10001],[-97.18808,36.09923],[-97.18777,36.09797],[-97.18884,36.09907],[-97.19051,36.0993],[-97.19186,36.09854],[-97.19423,36.09932],[-97.19223,36.09928],[-97.19068,36.10017],[-97.19121,36.10047],[-97.19065,36.10221],[-97.19003,36.10326],[-97.18825,36.10441],[-97.18842,36.10521],[-97.18969,36.10624],[-97.18707,36.1055],[-97.1858,36.10628],[-97.18761,36.10937],[-97.18518,36.10734],[-97.18402,36.10796],[-97.18151,36.10686],[-97.18171,36.10571],[-97.18255,36.10461],[-97.18157,36.10386],[-97.18202,36.10294],[-97.1808,36.10132]]]},"properties":{"region":"stillwater","name":null,"sqkm":0.39}},{"type":"Feature","geometry":{"type":"Polygon","coordinates":[[[-97.21161,36.20956],[-97.21031,36.20922],[-97.2096,36.20977],[-97.20943,36.20867],[-97.20768,36.20892],[-97.20403,36.20684],[-97.20358,36.20693],[-97.20398,36.20966],[-97.20313,36.20938],[-97.20265,36.20611],[-97.20321,36.20487],[-97.20197,36.20474],[-97.20361,36.20386],[-97.20375,36.20199],[-97.20329,36.20158],[-97.20265,36.20229],[-97.20208,36.20215],[-97.20256,36.2005],[-97.2016,36.19929],[-97.20165,36.19817],[-97.20047,36.19803],[-97.19954,36.1989],[-97.19795,36.19908],[-97.19592,36.19753],[-97.1947,36.19528],[-97.19154,36.19394],[-97.1899,36.19446],[-97.18711,36.1982],[-97.1873,36.1949],[-97.18685,36.19488],[-97.18626,36.19691],[-97.18476,36.19797],[-97.18485,36.19952],[-97.18417,36.20175],[-97.18335,36.2022],[-97.1829,36.20056],[-97.18414,36.19632],[-97.18298,36.19575],[-97.18397,36.19522],[-97.18405,36.19362],[-97.18484,36.19188],[-97.18428,36.19156],[-97.1825,36.19215],[-97.18193,36.19108],[-97.17953,36.18987],[-97.17821,36.19236],[-97.17776,36.19248],[-97.17747,36.1912],[-97.17899,36.18611],[-97.17837,36.18591],[-97.17724,36.18721],[-97.17462,36.18797],[-97.17679,36.18625],[-97.17544,36.1844],[-97.17736,36.18504],[-97.17806,36.18435],[-97.17789,36.1816],[-97.17704,36.18057],[-97.17574,36.18021],[-97.17269,36.18019],[-97.17086,36.18094],[-97.17171,36.17952],[-97.17035,36.17923],[-97.17176,36.17856],[-97.17312,36.17888],[-97.17433,36.17838],[-97.17557,36.17721],[-97.17645,36.17538],[-97.17554,36.17432],[-97.17582,36.17348],[-97.17481,36.1705],[-97.17145,36.1711],[-97.16984,36.17227],[-97.1704,36.16995],[-97.16972,36.16883],[-97.17111,36.16929],[-97.17139,36.16824],[-97.17232,36.16792],[-97.17286,36.16515],[-97.18353,36.16299],[-97.18308,36.16649],[-97.1848,36.16596],[-97.18593,36.16661],[-97.18728,36.16667],[-97.18762,36.16638],[-97.18739,36.16548],[-97.18855,36.1658],[-97.19033,36.16271],[-97.19129,36.1625],[-97.1892,36.16686],[-97.1933,36.16855],[-97.19502,36.16829],[-97.19468,36.1693],[-97.19564,36.17024],[-97.19352,36.16962],[-97.19197,36.16983],[-97.18968,36.16866],[-97.18808,36.16903],[-97.18689,36.16832],[-97.1861,36.16857],[-97.18593,36.17128],[-97.18794,36.1732],[-97.18943,36.17347],[-97.18946,36.17466],[-97.19034,36.17544],[-97.19065,36.17654],[-97.19218,36.17754],[-97.19381,36.17722],[-97.19316,36.17809],[-97.19387,36.18018],[-97.19348,36.1805],[-97.19195,36.17864],[-97.19096,36.17874],[-97.19076,36.17816],[-97.18915,36.17729],[-97.188,36.17741],[-97.18788,36.17604],[-97.18636,36.17537],[-97.1848,36.17389],[-97.18413,36.17389],[-97.18407,36.1745],[-97.18551,36.17702],[-97.18532,36.1805],[-97.18662,36.18252],[-97.18859,36.18377],[-97.18684,36.18487],[-97.18716,36.18714],[-97.18928,36.18863],[-97.19074,36.18842],[-97.19255,36.19007],[-97.19504,36.18869],[-97.19515,36.18981],[-97.19817,36.19309],[-97.201,36.19228],[-97.19947,36.19411],[-97.20185,36.19551],[-97.20326,36.19521],[-97.20498,36.1931],[-97.20552,36.19304],[-97.206,36.19374],[-97.20507,36.19434],[-97.204,36.19606],[-97.20524,36.19658],[-97.20487,36.19848],[-97.20682,36.20018],[-97.20499,36.20002],[-97.20329,36.19787],[-97.20349,36.19972],[-97.20459,36.20107],[-97.20519,36.20357],[-97.20508,36.20453],[-97.20417,36.20551],[-97.20573,36.20581],[-97.20652,36.20723],[-97.2074,36.20769],[-97.2094,36.2072],[-97.21152,36.20871],[-97.21161,36.20956]]]},"properties":{"region":"stillwater","name":"Lake McMurtry","sqkm":4.83}},{"type":"Feature","geometry":{"type":"Polygon","coordinates":[[[-97.20573,36.12392],[-97.20636,36.12422],[-97.20793,36.12378],[-97.20754,36.12459],[-97.20808,36.12523],[-97.20624,36.12504],[-97.20596,36.12619],[-97.20486,36.12605],[-97.20356,36.12704],[-97.20334,36.13029],[-97.20427,36.13139],[-97.20515,36.13157],[-97.20656,36.13072],[-97.20619,36.13006],[-97.2069,36.12935],[-97.20786,36.13109],[-97.21085,36.13118],[-97.21181,36.12964],[-97.21141,36.12799],[-97.21211,36.12566],[-97.21271,36.1287],[-97.21373,36.13037],[-97.21471,36.12952],[-97.21655,36.13113],[-97.21844,36.1311],[-97.21793,36.12884],[-97.2183,36.12849],[-97.21917,36.12867],[-97.22053,36.13101],[-97.22112,36.13089],[-97.22084,36.12991],[-97.22134,36.12496],[-97.21979,36.12455],[-97.22151,36.12261],[-97.22187,36.12272],[-97.22233,36.12638],[-97.22323,36.12737],[-97.22312,36.12865],[-97.22425,36.12924],[-97.22622,36.12622],[-97.22571,36.12409],[-97.22599,36.12228],[-97.22633,36.12233],[-97.2265,36.12379],[-97.22755,36.12471],[-97.22924,36.12315],[-97.232,36.12285],[-97.23226,36.12173],[-97.23172,36.12095],[-97.23443,36.12088],[-97.23544,36.11985],[-97.23465,36.11708],[-97.23606,36.11808],[-97.23705,36.11788],[-97.23823,36.11671],[-97.23891,36.11517],[-97.24514,36.11116],[-97.24519,36.11054],[-97.24454,36.10995],[-97.24482,36.10931],[-97.24652,36.10967],[-97.24685,36.10915],[-97.24857,36.10885],[-97.24807,36.10976],[-97.25087,36.1097],[-97.25113,36.11009],[-97.24883,36.11043],[-97.24869,36.11146],[-97.24751,36.11118],[-97.24706,36.11253],[-97.24508,36.11361],[-97.24483,36.11524],[-97.24176,36.11632],[-97.241,36.11815],[-97.241,36.11854],[-97.24176,36.11854],[-97.24097,36.11993],[-97.24134,36.12062],[-97.24069,36.12117],[-97.24242,36.1235],[-97.2392,36.1228],[-97.23768,36.12365],[-97.23838,36.12447],[-97.2383,36.12619],[-97.23336,36.12626],[-97.23297,36.12747],[-97.23162,36.12869],[-97.23227,36.13068],[-97.23326,36.13118],[-97.23636,36.13109],[-97.23913,36.13296],[-97.24006,36.13255],[-97.24054,36.13079],[-97.24158,36.13282],[-97.24268,36.13298],[-97.24559,36.13115],[-97.24607,36.12941],[-97.24719,36.1287],[-97.24711,36.13275],[-97.25083,36.13404],[-97.25185,36.13374],[-97.25324,36.13081],[-97.25541,36.12947],[-97.25586,36.13059],[-97.25747,36.13093],[-97.25425,36.13217],[-97.25447,36.13496],[-97.25532,36.13588],[-97.25676,36.1362],[-97.25692,36.13741],[-97.25822,36.13821],[-97.26051,36.13751],[-97.26127,36.13668],[-97.26372,36.13799],[-97.26542,36.13625],[-97.26475,36.13417],[-97.26652,36.13623],[-97.26768,36.13529],[-97.27062,36.13493],[-97.27143,36.1344],[-97.2729,36.13509],[-97.27245,36.13564],[-97.27149,36.13566],[-97.27149,36.13605],[-97.27219,36.13676],[-97.27391,36.13699],[-97.27417,36.13882],[-97.27473,36.13869],[-97.27504,36.13935],[-97.27614,36.13896],[-97.27772,36.13947],[-97.2773,36.14022],[-97.27986,36.14098],[-97.28221,36.14087],[-97.28071,36.14164],[-97.27899,36.14173],[-97.28113,36.14229],[-97.28204,36.14165],[-97.28254,36.14307],[-97.28395,36.1427],[-97.28568,36.14135],[-97.28619,36.1395],[-97.28489,36.13886],[-97.28495,36.13835],[-97.28543,36.13881],[-97.28639,36.13856],[-97.28678,36.13959],[-97.2859,36.14202],[-97.28712,36.1419],[-97.28731,36.14275],[-97.28556,36.14256],[-97.28466,36.14295],[-97.28658,36.14362],[-97.28929,36.14293],[-97.28988,36.14316],[-97.29081,36.14383],[-97.29042,36.14456],[-97.29225,36.14591],[-97.29239,36.14662],[-97.2914,36.1468],[-97.29073,36.14586],[-97.28965,36.14584],[-97.28917,36.14463],[-97.28833,36.1441],[-97.2826,36.14375],[-97.28212,36.14387],[-97.28212,36.14469],[-97.28155,36.14471],[-97.28127,36.14329],[-97.28074,36.14306],[-97.27995,36.14359],[-97.28,36.14464],[-97.28234,36.14547],[-97.28093,36.14561],[-97.28079,36.14631],[-97.27944,36.14512],[-97.27887,36.14244],[-97.2778,36.14212],[-97.2765,36.14237],[-97.27806,36.1427],[-97.27546,36.14452],[-97.27501,36.1437],[-97.27343,36.14372],[-97.27334,36.14471],[-97.2719,36.14367],[-97.26908,36.14283],[-97.26812,36.14303],[-97.26702,36.14232],[-97.26617,36.14353],[-97.26547,36.14328],[-97.26465,36.14365],[-97.26368,36.14589],[-97.26213,36.14699],[-97.26402,36.14692],[-97.26461,36.14761],[-97.26586,36.14788],[-97.26684,36.1499],[-97.26596,36.14999],[-97.26537,36.15067],[-97.26478,36.14967],[-97.26187,36.14884],[-97.26359,36.15047],[-97.26207,36.1498],[-97.26263,36.15134],[-97.26161,36.15246],[-97.26173,36.15037],[-97.25967,36.14955],[-97.25846,36.15046],[-97.25942,36.14904],[-97.25869,36.14739],[-97.25942,36.14595],[-97.25762,36.14552],[-97.25621,36.14313],[-97.25536,36.14352],[-97.25299,36.14315],[-97.2493,36.14151],[-97.24851,36.14293],[-97.24883,36.1444],[-97.2484,36.14593],[-97.24733,36.14355],[-97.24713,36.14129],[-97.24591,36.13996],[-97.24447,36.14026],[-97.24405,36.14326],[-97.24298,36.14184],[-97.24165,36.14207],[-97.24182,36.14072],[-97.24032,36.13948],[-97.24029,36.13891],[-97.23911,36.13928],[-97.23787,36.14082],[-97.23674,36.13928],[-97.23437,36.13922],[-97.23375,36.13993],[-97.23352,36.14125],[-97.2361,36.14464],[-97.23731,36.14489],[-97.23632,36.14656],[-97.23723,36.1494],[-97.23828,36.15066],[-97.23966,36.1505],[-97.23966,36.15199],[-97.24077,36.15322],[-97.24158,36.1534],[-97.24088,36.15489],[-97.23901,36.15313],[-97.23856,36.15331],[-97.24097,36.1562],[-97.24086,36.15887],[-97.23984,36.15906],[-97.23944,36.1578],[-97.23992,36.15638],[-97.23922,36.1559],[-97.2376,36.15306],[-97.2369,36.15281],[-97.23557,36.15412],[-97.23611,36.15213],[-97.23433,36.15272],[-97.23444,36.15146],[-97.23305,36.14929],[-97.23333,36.14814],[-97.2315,36.1489],[-97.23189,36.14611],[-97.23025,36.14483],[-97.22876,36.14577],[-97.22923,36.14249],[-97.22768,36.14254],[-97.22743,36.14082],[-97.22776,36.13947],[-97.22714,36.1384],[-97.2261,36.1378],[-97.22457,36.13783],[-97.22375,36.13833],[-97.2237,36.13941],[-97.22229,36.13904],[-97.22192,36.13991],[-97.22187,36.1428],[-97.22314,36.14332],[-97.22232,36.1449],[-97.22346,36.14808],[-97.22272,36.1476],[-97.22131,36.14493],[-97.22006,36.14481],[-97.2204,36.14339],[-97.21904,36.1404],[-97.21724,36.13962],[-97.21563,36.14159],[-97.21572,36.14312],[-97.21394,36.14381],[-97.21535,36.14564],[-97.21784,36.14612],[-97.21829,36.14752],[-97.21739,36.14752],[-97.21583,36.14871],[-97.21651,36.1491],[-97.21767,36.15116],[-97.21931,36.15088],[-97.21742,36.15342],[-97.21841,36.15473],[-97.21962,36.15463],[-97.21858,36.15569],[-97.21867,36.15695],[-97.21949,36.15773],[-97.22152,36.15825],[-97.21988,36.15919],[-97.21844,36.15834],[-97.21796,36.15857],[-97.21738,36.16391],[-97.21853,36.16501],[-97.21983,36.16535],[-97.21904,36.16553],[-97.2189,36.16686],[-97.21859,36.16578],[-97.21715,36.16453],[-97.21701,36.16297],[-97.21599,36.16247],[-97.21294,36.16524],[-97.21573,36.15942],[-97.21446,36.15519],[-97.21364,36.15498],[-97.21229,36.15585],[-97.21305,36.15333],[-97.21276,36.15066],[-97.21093,36.15052],[-97.20847,36.15338],[-97.20732,36.15368],[-97.20726,36.1546],[-97.20607,36.15476],[-97.20667,36.15313],[-97.20819,36.15116],[-97.20867,36.1486],[-97.20711,36.14787],[-97.20426,36.14892],[-97.20508,36.14775],[-97.20457,36.14627],[-97.20683,36.14686],[-97.20759,36.14569],[-97.20691,36.14526],[-97.20748,36.14391],[-97.20595,36.14292],[-97.2042,36.14073],[-97.20284,36.14041],[-97.20217,36.14125],[-97.19895,36.14025],[-97.19802,36.14169],[-97.19666,36.14137],[-97.19607,36.14201],[-97.19596,36.14325],[-97.19743,36.14542],[-97.1961,36.14467],[-97.19506,36.14517],[-97.19489,36.1468],[-97.19576,36.1476],[-97.19472,36.14774],[-97.19444,36.14881],[-97.19543,36.14955],[-97.19365,36.14966],[-97.19292,36.15049],[-97.19348,36.15168],[-97.19303,36.15257],[-97.19315,36.15479],[-97.19281,36.15486],[-97.19201,36.15129],[-97.19136,36.1509],[-97.19277,36.14824],[-97.19297,36.14639],[-97.19257,36.1455],[-97.19263,36.14163],[-97.19119,36.14046],[-97.19214,36.13011],[-97.19061,36.12954],[-97.19521,36.12832],[-97.19482,36.12633],[-97.196,36.12658],[-97.19719,36.12828],[-97.19781,36.12803],[-97.19815,36.12741],[-97.19798,36.12459],[-97.19744,36.12411],[-97.19645,36.12427],[-97.19617,36.12359],[-97.19501,36.1232],[-97.19538,36.12267],[-97.19645,36.12269],[-97.19583,36.12086],[-97.19611,36.12047],[-97.19786,36.12285],[-97.19879,36.12258],[-97.1995,36.12324],[-97.20034,36.12235],[-97.19986,36.12045],[-97.2009,36.11866],[-97.19811,36.11635],[-97.20054,36.1174],[-97.20166,36.11699],[-97.20245,36.11262],[-97.2016,36.11094],[-97.20222,36.1101],[-97.20378,36.11406],[-97.20462,36.1144],[-97.21179,36.11245],[-97.21272,36.11055],[-97.21317,36.11066],[-97.21323,36.11172],[-97.21582,36.11055],[-97.21653,36.11045],[-97.21746,36.11112],[-97.21977,36.10844],[-97.21985,36.10935],[-97.21892,36.11013],[-97.21856,36.1113],[-97.21481,36.1122],[-97.21597,36.11336],[-97.21498,36.11355],[-97.21357,36.11478],[-97.21301,36.1154],[-97.21281,36.11678],[-97.2121,36.11602],[-97.2112,36.11636],[-97.20982,36.11566],[-97.20953,36.11364],[-97.20894,36.11371],[-97.20889,36.11609],[-97.20598,36.11673],[-97.20449,36.11916],[-97.2046,36.12047],[-97.2059,36.12065],[-97.20474,36.12136],[-97.20443,36.12253],[-97.20322,36.12406],[-97.20393,36.12489],[-97.20573,36.12392]]]},"properties":{"region":"stillwater","name":"Lake Carl Blackwell","sqkm":14.1}},{"type":"Feature","geometry":{"type":"Polygon","coordinates":[[[-97.06464,36.17095],[-97.06317,36.17127],[-97.06374,36.1704],[-97.06292,36.16951],[-97.06148,36.16923],[-97.06165,36.1677],[-97.0597,36.16715],[-97.06134,36.16715],[-97.06191,36.16422],[-97.06154,36.16321],[-97.06222,36.16307],[-97.06245,36.16243],[-97.06194,36.16081],[-97.06135,36.16154],[-97.06075,36.16152],[-97.06104,36.15978],[-97.05861,36.15879],[-97.05903,36.15829],[-97.05872,36.15641],[-97.06084,36.15524],[-97.06104,36.15474],[-97.06011,36.15412],[-97.0618,36.15321],[-97.06062,36.15202],[-97.0609,36.14868],[-97.06012,36.14822],[-97.06023,36.14774],[-97.06144,36.14785],[-97.0622,36.14723],[-97.06257,36.14646],[-97.06212,36.14618],[-97.06334,36.14408],[-97.06644,36.14378],[-97.06805,36.14531],[-97.0685,36.14694],[-97.067,36.14726],[-97.06604,36.14932],[-97.06615,36.15051],[-97.06844,36.15195],[-97.06649,36.15186],[-97.06528,36.15287],[-97.06477,36.15628],[-97.0664,36.1571],[-97.06719,36.15854],[-97.06448,36.15793],[-97.06197,36.16003],[-97.06324,36.16106],[-97.06191,36.16676],[-97.06241,36.16884],[-97.06394,36.16962],[-97.06464,36.17095]]]},"properties":{"region":"stillwater","name":"Boomer Lake","sqkm":0.93}}]}
